1.593563556671142578e-01 4.104005098342895508e-01 3.599689677357673645e-01 7.027416676282882690e-02
1.593555212020874023e-01 4.103997349739074707e-01 3.599701523780822754e-01 7.027459144592285156e-02
1.593564748764038086e-01 4.104005098342895508e-01 3.599688783288002014e-01 7.027413696050643921e-02
1.593577265739440918e-01 4.104015231132507324e-01 3.599672242999076843e-01 7.027352601289749146e-02
1.593565344810485840e-01 4.104006290435791016e-01 3.599687442183494568e-01 7.027409225702285767e-02
1.593557596206665039e-01 4.104000329971313477e-01 3.599697574973106384e-01 7.027444988489151001e-02
1.593565940856933594e-01 4.104007482528686523e-01 3.599686324596405029e-01 7.027402520179748535e-02
1.593570113182067871e-01 4.104009866714477539e-01 3.599681258201599121e-01 7.027387619018554688e-02
1.593549251556396484e-01 4.103992879390716553e-01 3.599709123373031616e-01 7.027487456798553467e-02
1.593583822250366211e-01 4.104020595550537109e-01 3.599663376808166504e-01 7.027322053909301758e-02
1.593550443649291992e-01 4.103993773460388184e-01 3.599707558751106262e-01 7.027482241392135620e-02
1.593574285507202148e-01 4.104014933109283447e-01 3.599674552679061890e-01 7.027362287044525146e-02
1.593571901321411133e-01 4.104012250900268555e-01 3.599678352475166321e-01 7.027374953031539917e-02
1.593546867370605469e-01 4.103991389274597168e-01 3.599711805582046509e-01 7.027499377727508545e-02
1.593555808067321777e-01 4.103998243808746338e-01 3.599700331687927246e-01 7.027456164360046387e-02
1.593575477600097656e-01 4.104015231132507324e-01 3.599673360586166382e-01 7.027359306812286377e-02
1.593575477600097656e-01 4.104014635086059570e-01 3.599673956632614136e-01 7.027359306812286377e-02
1.593569517135620117e-01 4.104010164737701416e-01 3.599681556224822998e-01 7.027387619018554688e-02
1.593557000160217285e-01 4.103998839855194092e-01 3.599699214100837708e-01 7.027449458837509155e-02
1.540798544883728027e-01 4.058630466461181641e-01 3.671289458870887756e-01 7.292815297842025757e-02
1.540784835815429688e-01 4.058616459369659424e-01 3.671309798955917358e-01 7.292889058589935303e-02
1.540809273719787598e-01 4.058639109134674072e-01 3.671275600790977478e-01 7.292760163545608521e-02
1.540808677673339844e-01 4.058637917041778564e-01 3.671276718378067017e-01 7.292766869068145752e-02
1.540826559066772461e-01 4.058654010295867920e-01 3.671252056956291199e-01 7.292673736810684204e-02
1.540803313255310059e-01 4.058634042739868164e-01 3.671283349394798279e-01 7.292792946100234985e-02
1.540792584419250488e-01 4.058624207973480225e-01 3.671298399567604065e-01 7.292848080396652222e-02
1.540796756744384766e-01 4.058627188205718994e-01 3.671293184161186218e-01 7.292828708887100220e-02
7.640365064144134521e-01 1.936260089278221130e-01 3.793181991204619408e-02 4.405664745718240738e-03
1.540790796279907227e-01 4.058622419834136963e-01 3.671301081776618958e-01 7.292857021093368530e-02
1.400420069694519043e-01 3.921492397785186768e-01 3.869376406073570251e-01 8.087111264467239380e-02
1.540798544883728027e-01 4.058628380298614502e-01 3.671291172504425049e-01 7.292819023132324219e-02
1.060110330581665039e-01 3.470609784126281738e-01 4.391229078173637390e-01 1.078050807118415833e-01
1.540793180465698242e-01 4.058624505996704102e-01 3.671297878026962280e-01 7.292844355106353760e-02
1.540815234184265137e-01 4.058645963668823242e-01 3.671266287565231323e-01 7.292725145816802979e-02
1.540804505348205566e-01 4.058634936809539795e-01 3.671282082796096802e-01 7.292784750461578369e-02
1.540803313255310059e-01 4.058634042739868164e-01 3.671283647418022156e-01 7.292789965867996216e-02
1.540806889533996582e-01 4.058637619018554688e-01 3.671278432011604309e-01 7.292770594358444214e-02
7.532397210597991943e-01 2.019661702215671539e-01 4.012206848710775375e-02 4.672040231525897980e-03
1.548361182212829590e-01 4.065330624580383301e-01 3.660932108759880066e-01 7.253760844469070435e-02
1.548377275466918945e-01 4.065345525741577148e-01 3.660909384489059448e-01 7.253678143024444580e-02
1.548368334770202637e-01 4.065336883068084717e-01 3.660922199487686157e-01 7.253725826740264893e-02
1.548863649368286133e-01 4.065774381160736084e-01 3.660244196653366089e-01 7.251177728176116943e-02
1.548364162445068359e-01 4.065332710742950439e-01 3.660928234457969666e-01 7.253748923540115356e-02
1.548372507095336914e-01 4.065340459346771240e-01 3.660916611552238464e-01 7.253704220056533813e-02
1.548873186111450195e-01 4.065782427787780762e-01 3.660231232643127441e-01 7.251131534576416016e-02
7.883609384298324585e-01 1.746327318251132965e-01 3.317453991621732712e-02 3.831789828836917877e-03
1.548895239830017090e-01 4.065801501274108887e-01 3.660201653838157654e-01 7.251016050577163696e-02
1.548371315002441406e-01 4.065341353416442871e-01 3.660916611552238464e-01 7.253707200288772583e-02
1.548364758491516113e-01 4.065335094928741455e-01 3.660925924777984619e-01 7.253742218017578125e-02
1.548357009887695312e-01 4.065327048301696777e-01 3.660937547683715820e-01 7.253783941268920898e-02
1.548392176628112793e-01 4.065358042716979980e-01 3.660889342427253723e-01 7.253604382276535034e-02
1.548368334770202637e-01 4.065337777137756348e-01 3.660921603441238403e-01 7.253722846508026123e-02
1.548353433609008789e-01 4.065324664115905762e-01 3.660941943526268005e-01 7.253799587488174438e-02
6.796357333660125732e-01 2.571534290909767151e-01 5.650207027792930603e-02 6.708767265081405640e-03
1.548368334770202637e-01 4.065336585044860840e-01 3.660922497510910034e-01 7.253725826740264893e-02
1.548386216163635254e-01 4.065352082252502441e-01 3.660898059606552124e-01 7.253636419773101807e-02
1.548358201980590820e-01 4.065326750278472900e-01 3.660936951637268066e-01 7.253780961036682129e-02
1.529867053031921387e-01 4.048824012279510498e-01 3.686319664120674133e-01 7.349892705678939819e-02
1.132072806358337402e-01 3.581971526145935059e-01 4.276823773980140686e-01 1.009131893515586853e-01
1.529861688613891602e-01 4.048819839954376221e-01 3.686326593160629272e-01 7.349918782711029053e-02
1.529839634895324707e-01 4.048798978328704834e-01 3.686357811093330383e-01 7.350035756826400757e-02
1.530327200889587402e-01 4.049239754676818848e-01 3.685685619711875916e-01 7.347474247217178345e-02
1.529855132102966309e-01 4.048813879489898682e-01 3.686335906386375427e-01 7.349950820207595825e-02
1.724613904953002930e-01 4.203504920005798340e-01 3.428575843572616577e-01 6.433053314685821533e-02
1.529867649078369141e-01 4.048825204372406006e-01 3.686318546533584595e-01 7.349886000156402588e-02
1.529855728149414062e-01 4.048814773559570312e-01 3.686334714293479919e-01 7.349947839975357056e-02
1.529853343963623047e-01 4.048812389373779297e-01 3.686338141560554504e-01 7.349961251020431519e-02
1.529853940010070801e-01 4.048812687397003174e-01 3.686337620019912720e-01 7.349957525730133057e-02
1.529839038848876953e-01 4.048798680305480957e-01 3.686358407139778137e-01 7.350038737058639526e-02
1.529851555824279785e-01 4.048810005187988281e-01 3.686341047286987305e-01 7.349973917007446289e-02
1.529843211174011230e-01 4.048801958560943604e-01 3.686353042721748352e-01 7.350017875432968140e-02
1.529864668846130371e-01 4.048821628093719482e-01 3.686323091387748718e-01 7.349906116724014282e-02
1.529857516288757324e-01 4.048816561698913574e-01 3.686332106590270996e-01 7.349938154220581055e-02
1.529852151870727539e-01 4.048811793327331543e-01 3.686339333653450012e-01 7.349967211484909058e-02
1.529846191406250000e-01 4.048805534839630127e-01 3.686348274350166321e-01 7.349999994039535522e-02
1.529871225357055664e-01 4.048829078674316406e-01 3.686313033103942871e-01 7.349866628646850586e-02
1.549911499023437500e-01 4.066696465015411377e-01 3.658812195062637329e-01 7.245798408985137939e-02
1.549915075302124023e-01 4.066699147224426270e-01 3.658807724714279175e-01 7.245780527591705322e-02
1.549907326698303223e-01 4.066693186759948730e-01 3.658817559480667114e-01 7.245819270610809326e-02
1.549916863441467285e-01 4.066700935363769531e-01 3.658805042505264282e-01 7.245771586894989014e-02
1.549915075302124023e-01 4.066699147224426270e-01 3.658807724714279175e-01 7.245780527591705322e-02
1.549897789955139160e-01 4.066684544086456299e-01 3.658830896019935608e-01 7.245867699384689331e-02
1.549910902976989746e-01 4.066695272922515869e-01 3.658813461661338806e-01 7.245803624391555786e-02
1.550418734550476074e-01 4.067142605781555176e-01 3.658118993043899536e-01 7.243196666240692139e-02
1.550391912460327148e-01 4.067117869853973389e-01 3.658156618475914001e-01 7.243335992097854614e-02
1.325776576995849609e-01 3.837981820106506348e-01 3.979121893644332886e-01 8.571197092533111572e-02
1.549905538558959961e-01 4.066691398620605469e-01 3.658820167183876038e-01 7.245828956365585327e-02
1.549903154373168945e-01 4.066688120365142822e-01 3.658824414014816284e-01 7.245843112468719482e-02
1.549897193908691406e-01 4.066682755947113037e-01 3.658832684159278870e-01 7.245873659849166870e-02
1.130927801132202148e-01 3.580274581909179688e-01 4.278630688786506653e-01 1.010166928172111511e-01
1.550240516662597656e-01 4.066985547542572021e-01 3.658362776041030884e-01 7.244111597537994385e-02
1.549906730651855469e-01 4.066691994667053223e-01 3.658819049596786499e-01 7.245822250843048096e-02
1.549915075302124023e-01 4.066699147224426270e-01 3.658807724714279175e-01 7.245780527591705322e-02
1.549915671348571777e-01 4.066700339317321777e-01 3.658806532621383667e-01 7.245774567127227783e-02
1.549903750419616699e-01 4.066689312458038330e-01 3.658823072910308838e-01 7.245838642120361328e-02
1.483256816864013672e-01 4.005403518676757812e-01 3.751155287027359009e-01 7.601843774318695068e-02
1.483272314071655273e-01 4.005418419837951660e-01 3.751133382320404053e-01 7.601758837699890137e-02
1.483260393142700195e-01 4.005407094955444336e-01 3.751150295138359070e-01 7.601822167634963989e-02
1.483260989189147949e-01 4.005407392978668213e-01 3.751149550080299377e-01 7.601820677518844604e-02
3.795130848884582520e-01 4.308342188596725464e-01 1.667625997215509415e-01 2.289009653031826019e-02
1.483277678489685059e-01 4.005423188209533691e-01 3.751126304268836975e-01 7.601728290319442749e-02
1.483239531517028809e-01 4.005387127399444580e-01 3.751179575920104980e-01 7.601937651634216309e-02
1.483269929885864258e-01 4.005416929721832275e-01 3.751136288046836853e-01 7.601768523454666138e-02
1.483285427093505859e-01 4.005431532859802246e-01 3.751114755868911743e-01 7.601682841777801514e-02
1.483264565467834473e-01 4.005410671234130859e-01 3.751144707202911377e-01 7.601800560951232910e-02
1.483262777328491211e-01 4.005410671234130859e-01 3.751146048307418823e-01 7.601805031299591064e-02
2.792549133300781250e-01 4.509620368480682373e-01 2.341208346188068390e-01 3.566221520304679871e-02
1.483287215232849121e-01 4.005432724952697754e-01 3.751112595200538635e-01 7.601674646139144897e-02
1.483256816864013672e-01 4.005403518676757812e-01 3.751155287027359009e-01 7.601843774318695068e-02
1.483746767044067383e-01 4.005874991416931152e-01 3.750466629862785339e-01 7.599116116762161255e-02
1.483264565467834473e-01 4.005412161350250244e-01 3.751143589615821838e-01 7.601796835660934448e-02
1.133595705032348633e-01 3.584226369857788086e-01 4.274420663714408875e-01 1.007757261395454407e-01
1.483233571052551270e-01 4.005382061004638672e-01 3.751187399029731750e-01 7.601969689130783081e-02
1.483281254768371582e-01 4.005426466464996338e-01 3.751121461391448975e-01 7.601708173751831055e-02
1.617047190666198730e-01 4.123186469078063965e-01 3.568325340747833252e-01 6.914409995079040527e-02
1.617036461830139160e-01 4.123176932334899902e-01 3.568340390920639038e-01 6.914462149143218994e-02
1.617056131362915039e-01 4.123193621635437012e-01 3.568313494324684143e-01 6.914367526769638062e-02
1.618090867996215820e-01 4.124025702476501465e-01 3.566937893629074097e-01 6.909455358982086182e-02
1.617032289505004883e-01 4.123174548149108887e-01 3.568345084786415100e-01 6.914480775594711304e-02
1.617041230201721191e-01 4.123181104660034180e-01 3.568333685398101807e-01 6.914439797401428223e-02
1.617397069931030273e-01 4.123468101024627686e-01 3.567860126495361328e-01 6.912747025489807129e-02
1.617036461830139160e-01 4.123176932334899902e-01 3.568340390920639038e-01 6.914462149143218994e-02
1.617041826248168945e-01 4.123181700706481934e-01 3.568332940340042114e-01 6.914435327053070068e-02
8.340978622436523438e-02 3.052352666854858398e-01 4.753193259239196777e-01 1.360356211662292480e-01
1.617036461830139160e-01 4.123177230358123779e-01 3.568340092897415161e-01 6.914462149143218994e-02
1.617041826248168945e-01 4.123182296752929688e-01 3.568332344293594360e-01 6.914435327053070068e-02
1.617029309272766113e-01 4.123173058032989502e-01 3.568348288536071777e-01 6.914493441581726074e-02
2.547507286071777344e-01 4.500887095928192139e-01 2.549304068088531494e-01 4.023015499114990234e-02
1.617026925086975098e-01 4.123169779777526855e-01 3.568352758884429932e-01 6.914505362510681152e-02
1.617063879966735840e-01 4.123199582099914551e-01 3.568303510546684265e-01 6.914330273866653442e-02
1.617043018341064453e-01 4.123182296752929688e-01 3.568331524729728699e-01 6.914431601762771606e-02
1.617037653923034668e-01 4.123179614543914795e-01 3.568337410688400269e-01 6.914453208446502686e-02
1.617033481597900391e-01 4.123176038265228271e-01 3.568342998623847961e-01 6.914474815130233765e-02
1.599175333976745605e-01 4.108644425868988037e-01 3.592166677117347717e-01 7.000135630369186401e-02
1.599190831184387207e-01 4.108656942844390869e-01 3.592146113514900208e-01 7.000061124563217163e-02
1.599195599555969238e-01 4.108660519123077393e-01 3.592139929533004761e-01 7.000039517879486084e-02
1.599189043045043945e-01 4.108655154705047607e-01 3.592148721218109131e-01 7.000070810317993164e-02
1.599186658859252930e-01 4.108653366565704346e-01 3.592151701450347900e-01 7.000082731246948242e-02
1.599174737930297852e-01 4.108643531799316406e-01 3.592167869210243225e-01 7.000138610601425171e-02
1.599190831184387207e-01 4.108657538890838623e-01 3.592145666480064392e-01 7.000059634447097778e-02
1.600717902183532715e-01 4.109914600849151611e-01 3.590101078152656555e-01 6.992664188146591187e-02
1.599186658859252930e-01 4.108653366565704346e-01 3.592151701450347900e-01 7.000082731246948242e-02
1.599714756011962891e-01 4.109088480472564697e-01 3.591444492340087891e-01 6.997522711753845215e-02
1.599195599555969238e-01 4.108661413192749023e-01 3.592139333486557007e-01 7.000036537647247314e-02
7.819838821887969971e-01 1.796385571360588074e-01 3.439870895817875862e-02 3.978851716965436935e-03
2.125647664070129395e-01 4.409103393554687500e-01 2.961213700473308563e-01 5.040352419018745422e-02
8.944889679551124573e-01 8.890626393258571625e-02 1.491748588159680367e-02 1.687282230705022812e-03
1.599195599555969238e-01 4.108660519123077393e-01 3.592139929533004761e-01 7.000039517879486084e-02
1.599187254905700684e-01 4.108654260635375977e-01 3.592150807380676270e-01 7.000076770782470703e-02
1.599541306495666504e-01 4.108946323394775391e-01 3.591676354408264160e-01 6.998360157012939453e-02
1.599175333976745605e-01 4.108644425868988037e-01 3.592166677117347717e-01 7.000135630369186401e-02
1.599176526069641113e-01 4.108645021915435791e-01 3.592165336012840271e-01 7.000131160020828247e-02
1.556325554847717285e-01 4.072315692901611328e-01 3.650058060884475708e-01 7.213006913661956787e-02
1.555971503257751465e-01 4.072006046772003174e-01 3.650541082024574280e-01 7.214813679456710815e-02
1.555977463722229004e-01 4.072012007236480713e-01 3.650532364845275879e-01 7.214781641960144043e-02
1.555989980697631836e-01 4.072022736072540283e-01 3.650515452027320862e-01 7.214718312025070190e-02
1.556491255760192871e-01 4.072460532188415527e-01 3.649831861257553101e-01 7.212163507938385010e-02
1.555979251861572266e-01 4.072012603282928467e-01 3.650530576705932617e-01 7.214775681495666504e-02
1.556489467620849609e-01 4.072459042072296143e-01 3.649834394454956055e-01 7.212170958518981934e-02
1.319316625595092773e-01 3.830381929874420166e-01 3.988759592175483704e-01 8.615418523550033569e-02
1.555953621864318848e-01 4.071990251541137695e-01 3.650565743446350098e-01 7.214903831481933594e-02
1.741914153099060059e-01 4.215317368507385254e-01 3.406692966818809509e-01 6.360755115747451782e-02
1.555969715118408203e-01 4.072004854679107666e-01 3.650543242692947388e-01 7.214821875095367432e-02
1.555958390235900879e-01 4.071995615959167480e-01 3.650558218359947205e-01 7.214877754449844360e-02
1.555975675582885742e-01 4.072009325027465820e-01 3.650535494089126587e-01 7.214795053005218506e-02
1.555979847908020020e-01 4.072013199329376221e-01 3.650529906153678894e-01 7.214770466089248657e-02
1.555965542793273926e-01 4.072001278400421143e-01 3.650548905134201050e-01 7.214842736721038818e-02
4.045680165290832520e-01 4.214143455028533936e-01 1.533649954944849014e-01 2.065264247357845306e-02
2.417996525764465332e-01 4.483985304832458496e-01 2.668046467006206512e-01 4.299717023968696594e-02
1.555960178375244141e-01 4.071997404098510742e-01 3.650555610656738281e-01 7.214868068695068359e-02
1.556951999664306641e-01 4.072861969470977783e-01 3.649204075336456299e-01 7.209819555282592773e-02
1.536643505096435547e-01 4.054918885231018066e-01 3.676995337009429932e-01 7.314422726631164551e-02
3.990054726600646973e-01 4.236252456903457642e-01 1.562433112412691116e-01 2.112597040832042694e-02
1.538154482841491699e-01 4.056272208690643311e-01 3.674918338656425476e-01 7.306549698114395142e-02
1.536668539047241211e-01 4.054941833019256592e-01 3.676960617303848267e-01 7.314290106296539307e-02
1.536652445793151855e-01 4.054927825927734375e-01 3.676982298493385315e-01 7.314374297857284546e-02
1.351988911628723145e-01 3.868197202682495117e-01 3.940243124961853027e-01 8.395707607269287109e-02
2.717379927635192871e-01 4.509955644607543945e-01 2.402861192822456360e-01 3.698032349348068237e-02
1.536678671836853027e-01 4.054950475692749023e-01 3.676946684718132019e-01 7.314241677522659302e-02
1.536680459976196289e-01 4.054952263832092285e-01 3.676944300532341003e-01 7.314229756593704224e-02
1.536673307418823242e-01 4.054946005344390869e-01 3.676953986287117004e-01 7.314267009496688843e-02
1.536647677421569824e-01 4.054923951625823975e-01 3.676988407969474792e-01 7.314399629831314087e-02
1.536666750907897949e-01 4.054940640926361084e-01 3.676962628960609436e-01 7.314299792051315308e-02
1.536659598350524902e-01 4.054933786392211914e-01 3.676972761750221252e-01 7.314338535070419312e-02
1.537300348281860352e-01 4.055507481098175049e-01 3.676092252135276794e-01 7.310999184846878052e-02
8.818686008453369141e-02 3.150264620780944824e-01 4.677532762289047241e-01 1.290334016084671021e-01
1.536658406257629395e-01 4.054932296276092529e-01 3.676974624395370483e-01 7.314346730709075928e-02
1.536701917648315430e-01 4.054971635341644287e-01 3.676914572715759277e-01 7.314118742942810059e-02
1.536657214164733887e-01 4.054931104183197021e-01 3.676976561546325684e-01 7.314351201057434082e-02
1.536682844161987305e-01 4.054954051971435547e-01 3.676941245794296265e-01 7.314218580722808838e-02
1.525537967681884766e-01 4.044903218746185303e-01 3.692289143800735474e-01 7.372696697711944580e-02
1.525245904922485352e-01 4.044637680053710938e-01 3.692692518234252930e-01 7.374238967895507812e-02
1.525257825851440430e-01 4.044648706912994385e-01 3.692675903439521790e-01 7.374175637960433960e-02
1.525272727012634277e-01 4.044660329818725586e-01 3.692656904458999634e-01 7.374100387096405029e-02
1.525269150733947754e-01 4.044657945632934570e-01 3.692660853266716003e-01 7.374120503664016724e-02
1.525266766548156738e-01 4.044656157493591309e-01 3.692663908004760742e-01 7.374131679534912109e-02
8.230274915695190430e-02 3.028867244720458984e-01 4.770537167787551880e-01 1.377568095922470093e-01
1.525262594223022461e-01 4.044651389122009277e-01 3.692670390009880066e-01 7.374156266450881958e-02
4.738973975181579590e-01 3.889778107404708862e-01 1.214670017361640930e-01 1.565779000520706177e-02
1.525268554687500000e-01 4.044657051563262939e-01 3.692662045359611511e-01 7.374123483896255493e-02
1.525269150733947754e-01 4.044657945632934570e-01 3.692660853266716003e-01 7.374120503664016724e-02
1.525264382362365723e-01 4.044652879238128662e-01 3.692668154835700989e-01 7.374145835638046265e-02
1.525261402130126953e-01 4.044651091098785400e-01 3.692671582102775574e-01 7.374159246683120728e-02
1.525273323059082031e-01 4.044662714004516602e-01 3.692654520273208618e-01 7.374094426631927490e-02
1.319624781608581543e-01 3.830745518207550049e-01 3.988299742341041565e-01 8.613299578428268433e-02
1.525775790214538574e-01 4.045118689537048340e-01 3.691961318254470825e-01 7.371442019939422607e-02
1.525812745094299316e-01 4.045151770114898682e-01 3.691910654306411743e-01 7.371248304843902588e-02
1.525259613990783691e-01 4.044649302959442139e-01 3.692674189805984497e-01 7.374168932437896729e-02
1.264866590499877930e-01 3.763876557350158691e-01 4.070838093757629395e-01 9.004187583923339844e-02
1.472693085670471191e-01 3.995191752910614014e-01 3.766018897294998169e-01 7.660962641239166260e-02
1.276431679725646973e-01 3.778374791145324707e-01 4.053280800580978394e-01 8.919127285480499268e-02
1.005524396896362305e-01 3.379558920860290527e-01 4.478839337825775146e-01 1.136077344417572021e-01
1.472203731536865234e-01 3.994716107845306396e-01 3.766708299517631531e-01 7.663718611001968384e-02
1.472463011741638184e-01 3.994967341423034668e-01 3.766343519091606140e-01 7.662261277437210083e-02
1.472185850143432617e-01 3.994698822498321533e-01 3.766733333468437195e-01 7.663819938898086548e-02
1.472179889678955078e-01 3.994691371917724609e-01 3.766743019223213196e-01 7.663857191801071167e-02
1.472186446189880371e-01 3.994699120521545410e-01 3.766732886433601379e-01 7.663815468549728394e-02
1.472154259681701660e-01 3.994666635990142822e-01 3.766779005527496338e-01 7.664000988006591797e-02
1.472186446189880371e-01 3.994698524475097656e-01 3.766733333468437195e-01 7.663816958665847778e-02
1.472165584564208984e-01 3.994678258895874023e-01 3.766762614250183105e-01 7.663935422897338867e-02
1.472199559211730957e-01 3.994710445404052734e-01 3.766715377569198608e-01 7.663746178150177002e-02
1.472174525260925293e-01 3.994686007499694824e-01 3.766750693321228027e-01 7.663887739181518555e-02
1.472218632698059082e-01 3.994730114936828613e-01 3.766687735915184021e-01 7.663635164499282837e-02
6.795481145381927490e-01 2.572172135114669800e-01 5.652322201058268547e-02 6.711449939757585526e-03
1.472220420837402344e-01 3.994732797145843506e-01 3.766684308648109436e-01 7.663624733686447144e-02
1.136299371719360352e-01 3.588221669197082520e-01 4.270154833793640137e-01 1.005324125289916992e-01
1.472195982933044434e-01 3.994707167148590088e-01 3.766720443964004517e-01 7.663764059543609619e-02
1.472170948982238770e-01 3.994683325290679932e-01 3.766755089163780212e-01 7.663906365633010864e-02
1.988522410392761230e-01 4.353763461112976074e-01 3.111947774887084961e-01 5.457663536071777344e-02
1.548337340354919434e-01 4.065310060977935791e-01 3.660964220762252808e-01 7.253883779048919678e-02
1.548327207565307617e-01 4.065301120281219482e-01 3.660978227853775024e-01 7.253934442996978760e-02
1.548855304718017578e-01 4.065765440464019775e-01 3.660256788134574890e-01 7.251224666833877563e-02
1.548339128494262695e-01 4.065311849117279053e-01 3.660961687564849854e-01 7.253873348236083984e-02
1.549310684204101562e-01 4.066167771816253662e-01 3.659633323550224304e-01 7.248882204294204712e-02
1.548497676849365234e-01 4.065451622009277344e-01 3.660744801163673401e-01 7.253058999776840210e-02
8.734005689620971680e-02 3.133310079574584961e-01 4.691023081541061401e-01 1.302266269922256470e-01
1.548922657966613770e-01 4.065824449062347412e-01 3.660165071487426758e-01 7.250878214836120605e-02
1.548317074775695801e-01 4.065291881561279297e-01 3.660992160439491272e-01 7.253988832235336304e-02
1.548313498497009277e-01 4.065289497375488281e-01 3.660996481776237488e-01 7.254005223512649536e-02
1.118381619453430176e-01 3.561512827873229980e-01 4.298465996980667114e-01 1.021639555692672729e-01
7.702288031578063965e-01 1.888171210885047913e-01 3.669787850230932236e-02 4.256197251379489899e-03
1.549004316329956055e-01 4.065896868705749512e-01 3.660053014755249023e-01 7.250458002090454102e-02
1.548338532447814941e-01 4.065310359001159668e-01 3.660963103175163269e-01 7.253880053758621216e-02
8.833536803722381592e-01 9.809453785419464111e-02 1.666329579893499613e-02 1.888485974632203579e-03
1.548320651054382324e-01 4.065294563770294189e-01 3.660987764596939087e-01 7.253970205783843994e-02
1.548328995704650879e-01 4.065303206443786621e-01 3.660975322127342224e-01 7.253924757242202759e-02
1.548334956169128418e-01 4.065307974815368652e-01 3.660967424511909485e-01 7.253896445035934448e-02
1.503885388374328613e-01 4.024947583675384521e-01 3.722309395670890808e-01 7.488576322793960571e-02
1.503902673721313477e-01 4.024963974952697754e-01 3.722285255789756775e-01 7.488480955362319946e-02
1.503871083259582520e-01 4.024933576583862305e-01 3.722329810261726379e-01 7.488655298948287964e-02
1.503863334655761719e-01 4.024927020072937012e-01 3.722339943051338196e-01 7.488697022199630737e-02
1.503890156745910645e-01 4.024950861930847168e-01 3.722303509712219238e-01 7.488554716110229492e-02
1.503879427909851074e-01 4.024942517280578613e-01 3.722317293286323547e-01 7.488607615232467651e-02
1.503879427909851074e-01 4.024942517280578613e-01 3.722317293286323547e-01 7.488607615232467651e-02
1.503879427909851074e-01 4.024941623210906982e-01 3.722318038344383240e-01 7.488609105348587036e-02
1.503859758377075195e-01 4.024921953678131104e-01 3.722346276044845581e-01 7.488720118999481201e-02
1.503885388374328613e-01 4.024947881698608398e-01 3.722309246659278870e-01 7.488574832677841187e-02
1.503900885581970215e-01 4.024961888790130615e-01 3.722288012504577637e-01 7.488492131233215332e-02
1.504530310630798340e-01 4.025549590587615967e-01 3.721411749720573425e-01 7.485083490610122681e-02
1.504387855529785156e-01 4.025416970252990723e-01 3.721609860658645630e-01 7.485853135585784912e-02
1.503915786743164062e-01 4.024975597858428955e-01 3.722267523407936096e-01 7.488410919904708862e-02
8.951479196548461914e-02 3.176520466804504395e-01 4.656320959329605103e-01 1.272010654211044312e-01
1.504814028739929199e-01 4.025814533233642578e-01 3.721016943454742432e-01 7.483544945716857910e-02
1.038177013397216797e-01 3.434729576110839844e-01 4.426370188593864441e-01 1.100723221898078918e-01
1.503902673721313477e-01 4.024962484836578369e-01 3.722286298871040344e-01 7.488485425710678101e-02
1.503866910934448242e-01 4.024929702281951904e-01 3.722335696220397949e-01 7.488676905632019043e-02
1.587044000625610352e-01 4.098570048809051514e-01 3.608452528715133667e-01 7.059334218502044678e-02
1.587036252021789551e-01 4.098564982414245605e-01 3.608461841940879822e-01 7.059369236230850220e-02
1.587553024291992188e-01 4.098996818065643311e-01 3.607766926288604736e-01 7.056832313537597656e-02
1.587026119232177734e-01 4.098555743694305420e-01 3.608475923538208008e-01 7.059422135353088379e-02
1.587035655975341797e-01 4.098562896251678467e-01 3.608463779091835022e-01 7.059376686811447144e-02
1.587049961090087891e-01 4.098575711250305176e-01 3.608443886041641235e-01 7.059304416179656982e-02
1.587036252021789551e-01 4.098564684391021729e-01 3.608461841940879822e-01 7.059372216463088989e-02
1.587035059928894043e-01 4.098563194274902344e-01 3.608463928103446960e-01 7.059378176927566528e-02
1.587040424346923828e-01 4.098568260669708252e-01 3.608456254005432129e-01 7.059350609779357910e-02
1.587015390396118164e-01 4.098546802997589111e-01 3.608490303158760071e-01 7.059475034475326538e-02
1.587055325508117676e-01 4.098578691482543945e-01 3.608437851071357727e-01 7.059281319379806519e-02
1.588852405548095703e-01 4.100082814693450928e-01 3.606019020080566406e-01 7.050457596778869629e-02
1.587038040161132812e-01 4.098565876483917236e-01 3.608459830284118652e-01 7.059362530708312988e-02
1.587029099464416504e-01 4.098557829856872559e-01 3.608472421765327454e-01 7.059406489133834839e-02
1.149334311485290527e-01 3.607293367385864258e-01 4.249632954597473145e-01 9.937393665313720703e-02
1.223784089088439941e-01 3.710686564445495605e-01 4.133730977773666382e-01 9.317983686923980713e-02
1.602271795272827148e-01 4.111189544200897217e-01 3.588022962212562561e-01 6.985156983137130737e-02
1.587024927139282227e-01 4.098553359508514404e-01 3.608478531241416931e-01 7.059431821107864380e-02
1.587036252021789551e-01 4.098564088344573975e-01 3.608462437987327576e-01 7.059372216463088989e-02
1.632417440414428711e-01 4.135412573814392090e-01 3.547963872551918030e-01 6.842061132192611694e-02
9.914100170135498047e-02 3.355045914649963379e-01 4.501556828618049622e-01 1.151987239718437195e-01
1.630986928939819336e-01 4.134285151958465576e-01 3.549853637814521790e-01 6.848742812871932983e-02
1.631978750228881836e-01 4.135067760944366455e-01 3.548542931675910950e-01 6.844105571508407593e-02
1.630979776382446289e-01 4.134279489517211914e-01 3.549863100051879883e-01 6.848776340484619141e-02
1.631005406379699707e-01 4.134300053119659424e-01 3.549829050898551941e-01 6.848654896020889282e-02
4.773043990135192871e-01 3.871791362762451172e-01 1.200678292661905289e-01 1.544863544404506683e-02
1.630998849868774414e-01 4.134295582771301270e-01 3.549837023019790649e-01 6.848685443401336670e-02
1.631506681442260742e-01 4.134694635868072510e-01 3.549167066812515259e-01 6.846316158771514893e-02
6.977072358131408691e-01 2.438940294086933136e-01 5.222902074456214905e-02 6.169714033603668213e-03
1.631019115447998047e-01 4.134311079978942871e-01 3.549810722470283508e-01 6.848590821027755737e-02
1.631011366844177246e-01 4.134304821491241455e-01 3.549821004271507263e-01 6.848628073930740356e-02
1.630989909172058105e-01 4.134286940097808838e-01 3.549850061535835266e-01 6.848730891942977905e-02
1.631007194519042969e-01 4.134300947189331055e-01 3.549826964735984802e-01 6.848648935556411743e-02
1.631069183349609375e-01 4.134350121021270752e-01 3.549745008349418640e-01 6.848356872797012329e-02
1.631546020507812500e-01 4.134725630283355713e-01 3.549115285277366638e-01 6.846130639314651489e-02
1.631015539169311523e-01 4.134307801723480225e-01 3.549815863370895386e-01 6.848607957363128662e-02
1.630986332893371582e-01 4.134284555912017822e-01 3.549854457378387451e-01 6.848746538162231445e-02
1.631003022193908691e-01 4.134297668933868408e-01 3.549832627177238464e-01 6.848666816949844360e-02
1.528953313827514648e-01 4.047999382019042969e-01 3.687577992677688599e-01 7.354693114757537842e-02
1.528950333595275879e-01 4.047994911670684814e-01 3.687583431601524353e-01 7.354713231325149536e-02
2.911126017570495605e-01 4.504100382328033447e-01 2.247626073658466339e-01 3.371475264430046082e-02
1.528941392898559570e-01 4.047988653182983398e-01 3.687594458460807800e-01 7.354754954576492310e-02
3.023405671119689941e-01 4.493608474731445312e-01 2.162935361266136169e-01 3.200504928827285767e-02
1.528962254524230957e-01 4.048006534576416016e-01 3.687566369771957397e-01 7.354648411273956299e-02
1.530937552452087402e-01 4.049791097640991211e-01 3.684844598174095154e-01 7.344267517328262329e-02
1.528962254524230957e-01 4.048006534576416016e-01 3.687566369771957397e-01 7.354648411273956299e-02
1.528946757316589355e-01 4.047991931438446045e-01 3.687588423490524292e-01 7.354728877544403076e-02
1.528964638710021973e-01 4.048009216785430908e-01 3.687562718987464905e-01 7.354634255170822144e-02
1.528961062431335449e-01 4.048005342483520508e-01 3.687568157911300659e-01 7.354654371738433838e-02
1.528948545455932617e-01 4.047994017601013184e-01 3.687585517764091492e-01 7.354719191789627075e-02
1.528961062431335449e-01 4.048006236553192139e-01 3.687567561864852905e-01 7.354651391506195068e-02
1.529467701911926270e-01 4.048463106155395508e-01 3.686870187520980835e-01 7.351990044116973877e-02
1.099940538406372070e-01 3.533424139022827148e-01 4.327714741230010986e-01 1.038920581340789795e-01
1.207712292671203613e-01 3.689144253730773926e-01 4.158550426363945007e-01 9.445930272340774536e-02
1.340594887733459473e-01 3.855183124542236328e-01 3.957099020481109619e-01 8.471229672431945801e-02
1.528939008712768555e-01 4.047985374927520752e-01 3.687598481774330139e-01 7.354771345853805542e-02
1.528950333595275879e-01 4.047994613647460938e-01 3.687583729624748230e-01 7.354713231325149536e-02
1.450082659721374512e-01 3.972861170768737793e-01 3.798042759299278259e-01 7.790134102106094360e-02
1.449572443962097168e-01 3.972350656986236572e-01 3.798767998814582825e-01 7.793089002370834351e-02
1.749389171600341797e-01 4.220329523086547852e-01 3.397288545966148376e-01 6.329927593469619751e-02
1.449577808380126953e-01 3.972355723381042480e-01 3.798760473728179932e-01 7.793059945106506348e-02
6.719740629196166992e-01 2.627123594284057617e-01 5.836770404130220413e-02 6.945873610675334930e-03
1.449590921401977539e-01 3.972368240356445312e-01 3.798742368817329407e-01 7.792984694242477417e-02
1.449602246284484863e-01 3.972380459308624268e-01 3.798725679516792297e-01 7.792916148900985718e-02
3.818422555923461914e-02 1.789378523826599121e-01 5.176769793033599854e-01 2.652009427547454834e-01
1.449613571166992188e-01 3.972392082214355469e-01 3.798709288239479065e-01 7.792850583791732788e-02
1.449605822563171387e-01 3.972383141517639160e-01 3.798721358180046082e-01 7.792896777391433716e-02
1.449602842330932617e-01 3.972380757331848145e-01 3.798725008964538574e-01 7.792913913726806641e-02
1.449589729309082031e-01 3.972367346286773682e-01 3.798743784427642822e-01 7.792991399765014648e-02
1.449581384658813477e-01 3.972358703613281250e-01 3.798756003379821777e-01 7.793039083480834961e-02
1.450061798095703125e-01 3.972841501235961914e-01 3.798071444034576416e-01 7.790252566337585449e-02
1.451328396797180176e-01 3.974108994007110596e-01 3.796270638704299927e-01 7.782919704914093018e-02
1.449592709541320801e-01 3.972369432449340820e-01 3.798740282654762268e-01 7.792975753545761108e-02
1.449604630470275879e-01 3.972383439540863037e-01 3.798721730709075928e-01 7.792901992797851562e-02
1.449583768844604492e-01 3.972360789775848389e-01 3.798752874135971069e-01 7.793025672435760498e-02
1.449575424194335938e-01 3.972352147102355957e-01 3.798764944076538086e-01 7.793074846267700195e-02
1.527614593505859375e-01 4.046787321567535400e-01 3.689424023032188416e-01 7.361740618944168091e-02
1.527615189552307129e-01 4.046787023544311523e-01 3.689423725008964539e-01 7.361740618944168091e-02
1.528597474098205566e-01 4.047676920890808105e-01 3.688069134950637817e-01 7.356564700603485107e-02
1.527621150016784668e-01 4.046793878078460693e-01 3.689414560794830322e-01 7.361704111099243164e-02
1.527612209320068359e-01 4.046783447265625000e-01 3.689428716897964478e-01 7.361756265163421631e-02
1.527615189552307129e-01 4.046788513660430908e-01 3.689422607421875000e-01 7.361736893653869629e-02
1.528109312057495117e-01 4.047234058380126953e-01 3.688742741942405701e-01 7.359138876199722290e-02
1.527605056762695312e-01 4.046778976917266846e-01 3.689436912536621094e-01 7.361790537834167480e-02
1.986235976219177246e-01 4.352717101573944092e-01 3.114539012312889099e-01 5.465079098939895630e-02
1.527619361877441406e-01 4.046791791915893555e-01 3.689417392015457153e-01 7.361714541912078857e-02
1.527627110481262207e-01 4.046798050403594971e-01 3.689407259225845337e-01 7.361675798892974854e-02
7.875019311904907227e-02 2.951393127441406250e-01 4.825539886951446533e-01 1.435565054416656494e-01
7.501655817031860352e-02 2.866396903991699219e-01 4.881961047649383545e-01 1.501476466655731201e-01
4.441159963607788086e-01 4.039368331432342529e-01 1.343287732452154160e-01 1.761839725077152252e-02
1.528147459030151367e-01 4.047269821166992188e-01 3.688689321279525757e-01 7.358933985233306885e-02
1.527612209320068359e-01 4.046784937381744385e-01 3.689427524805068970e-01 7.361753284931182861e-02
1.527598500251770020e-01 4.046772122383117676e-01 3.689446523785591125e-01 7.361828535795211792e-02
1.527615189552307129e-01 4.046787619590759277e-01 3.689423501491546631e-01 7.361736893653869629e-02
8.092731237411499023e-02 2.999255657196044922e-01 4.791960567235946655e-01 1.399510651826858521e-01
1.530268192291259766e-01 4.049187004566192627e-01 3.685766607522964478e-01 7.347781956195831299e-02
1.530283689498901367e-01 4.049200415611267090e-01 3.685745820403099060e-01 7.347700744867324829e-02
1.530290246009826660e-01 4.049206972122192383e-01 3.685736209154129028e-01 7.347665727138519287e-02
1.530283689498901367e-01 4.049199819564819336e-01 3.685746043920516968e-01 7.347704470157623291e-02
1.530267000198364258e-01 4.049186408519744873e-01 3.685768023133277893e-01 7.347785681486129761e-02
1.530274152755737305e-01 4.049192070960998535e-01 3.685758784413337708e-01 7.347749918699264526e-02
1.530270576477050781e-01 4.049190282821655273e-01 3.685762584209442139e-01 7.347765564918518066e-02
1.530687212944030762e-01 4.049565494060516357e-01 3.685189113020896912e-01 7.345581799745559692e-02
1.827222108840942383e-01 4.269351661205291748e-01 3.301145397126674652e-01 6.022808328270912170e-02
8.529525995254516602e-02 3.091657757759094238e-01 4.723471850156784058e-01 1.331917792558670044e-01
1.530261039733886719e-01 4.049180150032043457e-01 3.685776665806770325e-01 7.347821444272994995e-02
1.530303359031677246e-01 4.049218893051147461e-01 3.685718029737472534e-01 7.347597181797027588e-02
1.530270576477050781e-01 4.049190282821655273e-01 3.685762584209442139e-01 7.347765564918518066e-02
1.530291438102722168e-01 4.049207568168640137e-01 3.685734793543815613e-01 7.347662001848220825e-02
1.530261039733886719e-01 4.049181044101715088e-01 3.685776144266128540e-01 7.347817718982696533e-02
6.335735321044921875e-02 2.575451135635375977e-01 5.042997598648071289e-01 1.747977733612060547e-01
1.371722817420959473e-01 3.890303075313568115e-01 3.911214917898178101e-01 8.267591893672943115e-02
1.530266404151916504e-01 4.049184918403625488e-01 3.685769438743591309e-01 7.347792387008666992e-02
1.530272960662841797e-01 4.049191474914550781e-01 3.685759902000427246e-01 7.347756624221801758e-02
7.428925335407257080e-01 2.099043354392051697e-01 4.226868227124214172e-02 4.934448748826980591e-03
1.563553214073181152e-01 4.078590273857116699e-01 3.640220984816551208e-01 7.176355272531509399e-02
1.563522815704345703e-01 4.078564047813415527e-01 3.640262410044670105e-01 7.176507264375686646e-02
1.563523411750793457e-01 4.078564047813415527e-01 3.640261813998222351e-01 7.176507264375686646e-02
1.563529968261718750e-01 4.078570008277893066e-01 3.640252798795700073e-01 7.176472246646881104e-02
1.563538908958435059e-01 4.078576862812042236e-01 3.640241473913192749e-01 7.176427543163299561e-02
1.564055681228637695e-01 4.079023897647857666e-01 3.639538660645484924e-01 7.173817604780197144e-02
8.166395723819732666e-01 1.522204671055078506e-01 2.793311141431331635e-02 3.206849098205566406e-03
1.563531160354614258e-01 4.078570306301116943e-01 3.640251755714416504e-01 7.176467776298522949e-02
1.563540697097778320e-01 4.078577756881713867e-01 3.640239387750625610e-01 7.176421582698822021e-02
1.563531756401062012e-01 4.078572392463684082e-01 3.640249744057655334e-01 7.176461070775985718e-02
1.306984424591064453e-01 3.815706968307495117e-01 4.007217064499855042e-01 8.700915426015853882e-02
9.028971195220947266e-02 3.191651701927185059e-01 4.643917977809906006e-01 1.261533200740814209e-01
1.563528776168823242e-01 4.078567922115325928e-01 3.640255108475685120e-01 7.176481932401657104e-02
1.563546061515808105e-01 4.078585207462310791e-01 3.640230074524879456e-01 7.176386564970016479e-02
1.545256376266479492e-01 4.062587618827819824e-01 3.665180653333663940e-01 7.269753515720367432e-02
1.564026474952697754e-01 4.078999161720275879e-01 3.639577999711036682e-01 7.173963636159896851e-02
1.563539505004882812e-01 4.078578054904937744e-01 3.640239983797073364e-01 7.176424562931060791e-02
1.563523411750793457e-01 4.078565239906311035e-01 3.640260919928550720e-01 7.176504284143447876e-02
1.538169384002685547e-01 4.056285023689270020e-01 3.674898222088813782e-01 7.306473702192306519e-02
1.538181900978088379e-01 4.056296050548553467e-01 3.674881085753440857e-01 7.306409627199172974e-02
1.538184881210327148e-01 4.056297242641448975e-01 3.674878254532814026e-01 7.306396216154098511e-02
1.538196802139282227e-01 4.056308567523956299e-01 3.674861416220664978e-01 7.306332141160964966e-02
1.159666180610656738e-01 3.622201681137084961e-01 4.233411177992820740e-01 9.847209602594375610e-02
1.538211703300476074e-01 4.056322276592254639e-01 3.674840629100799561e-01 7.306253910064697266e-02
1.538175940513610840e-01 4.056290984153747559e-01 3.674889206886291504e-01 7.306438684463500977e-02
1.538171768188476562e-01 4.056287407875061035e-01 3.674894720315933228e-01 7.306461036205291748e-02
4.029768705368041992e-02 1.865068674087524414e-01 5.187767148017883301e-01 2.544187307357788086e-01
1.538181304931640625e-01 4.056294560432434082e-01 3.674882575869560242e-01 7.306415587663650513e-02
8.594897389411926270e-01 1.176435835659503937e-01 2.052972675301134586e-02 2.336950739845633507e-03
1.538173556327819824e-01 4.056288003921508789e-01 3.674893006682395935e-01 7.306454330682754517e-02
1.538193225860595703e-01 4.056306183338165283e-01 3.674865663051605225e-01 7.306349277496337891e-02
1.538187861442565918e-01 4.056301414966583252e-01 3.674873039126396179e-01 7.306376844644546509e-02
8.298724889755249023e-02 3.043426275253295898e-01 4.759822487831115723e-01 1.366878747940063477e-01
2.189123630523681641e-01 4.430089890956878662e-01 2.894408814609050751e-01 4.863776639103889465e-02
2.877814769744873047e-01 4.506246149539947510e-01 2.273474931716918945e-01 3.424641489982604980e-02
1.538195610046386719e-01 4.056307971477508545e-01 3.674862608313560486e-01 7.306338101625442505e-02
1.538187861442565918e-01 4.056301712989807129e-01 3.674872741103172302e-01 7.306376844644546509e-02
1.537678241729736328e-01 4.055845439434051514e-01 3.675573095679283142e-01 7.309032231569290161e-02
1.538189053535461426e-01 4.056301414966583252e-01 3.674872145056724548e-01 7.306373864412307739e-02
1.538625955581665039e-01 4.056691825389862061e-01 3.674272149801254272e-01 7.304100692272186279e-02
1.537682414054870605e-01 4.055849313735961914e-01 3.675567358732223511e-01 7.309009134769439697e-02
1.537664532661437988e-01 4.055833816528320312e-01 3.675591722130775452e-01 7.309099286794662476e-02
1.537685394287109375e-01 4.055851399898529053e-01 3.675563558936119080e-01 7.308996468782424927e-02
1.537727117538452148e-01 4.055888652801513672e-01 3.675506561994552612e-01 7.308776676654815674e-02
1.538617610931396484e-01 4.056685268878936768e-01 3.674282878637313843e-01 7.304142415523529053e-02
1.537675261497497559e-01 4.055843353271484375e-01 3.675576895475387573e-01 7.309044897556304932e-02
1.537664532661437988e-01 4.055833220481872559e-01 3.675591945648193359e-01 7.309103012084960938e-02
1.537656784057617188e-01 4.055826663970947266e-01 3.675602376461029053e-01 7.309141755104064941e-02
1.537685394287109375e-01 4.055851697921752930e-01 3.675563558936119080e-01 7.308993488550186157e-02
1.537676453590393066e-01 4.055843651294708252e-01 3.675575777888298035e-01 7.309041172266006470e-02
1.538839340209960938e-01 4.056883156299591064e-01 3.673978522419929504e-01 7.302989810705184937e-02
1.537688374519348145e-01 4.055854678153991699e-01 3.675559237599372864e-01 7.308977097272872925e-02
1.537674069404602051e-01 4.055841863155364990e-01 3.675578907132148743e-01 7.309051603078842163e-02
3.526359796524047852e-02 1.681457161903381348e-01 5.149838924407958984e-01 2.816067934036254883e-01
1.537699103355407715e-01 4.055863916873931885e-01 3.675544783473014832e-01 7.308921962976455688e-02
1.537678241729736328e-01 4.055846929550170898e-01 3.675571978092193604e-01 7.309028506278991699e-02
1.551689505577087402e-01 4.068258106708526611e-01 3.656383901834487915e-01 7.236684858798980713e-02
1.552686691284179688e-01 4.069132804870605469e-01 3.655022084712982178e-01 7.231584191322326660e-02
1.880679726600646973e-01 4.299799203872680664e-01 3.236966878175735474e-01 5.825541913509368896e-02
1.551705598831176758e-01 4.068273007869720459e-01 3.656361252069473267e-01 7.236601412296295166e-02
1.551697850227355957e-01 4.068267047405242920e-01 3.656371161341667175e-01 7.236639410257339478e-02
1.552188992500305176e-01 4.068697094917297363e-01 3.655701130628585815e-01 7.234127819538116455e-02
1.551707983016967773e-01 4.068275690078735352e-01 3.656357452273368835e-01 7.236588746309280396e-02
1.551773548126220703e-01 4.068333208560943604e-01 3.656267970800399780e-01 7.236252725124359131e-02
1.551701426506042480e-01 4.068269431591033936e-01 3.656366914510726929e-01 7.236622273921966553e-02
1.551695466041564941e-01 4.068264067173004150e-01 3.656375184655189514e-01 7.236652821302413940e-02
1.551707983016967773e-01 4.068274497985839844e-01 3.656358346343040466e-01 7.236591726541519165e-02
1.551703810691833496e-01 4.068271815776824951e-01 3.656363263726234436e-01 7.236611098051071167e-02
1.551684141159057617e-01 4.068253338336944580e-01 3.656391128897666931e-01 7.236713916063308716e-02
1.551687121391296387e-01 4.068256914615631104e-01 3.656386211514472961e-01 7.236697524785995483e-02
1.435341835021972656e-01 3.957951068878173828e-01 3.819073513150215149e-01 7.876335829496383667e-02
8.065897226333618164e-02 2.993423342704772949e-01 4.796121716499328613e-01 1.403865218162536621e-01
1.236695051193237305e-01 3.727688789367675781e-01 4.113880246877670288e-01 9.217359125614166260e-02
1.551707983016967773e-01 4.068275392055511475e-01 3.656357750296592712e-01 7.236588746309280396e-02
1.551699042320251465e-01 4.068267345428466797e-01 3.656370118260383606e-01 7.236634939908981323e-02
1.626870632171630859e-01 4.131030142307281494e-01 3.555296733975410461e-01 6.868024915456771851e-02
1.627119779586791992e-01 4.131227433681488037e-01 3.554967120289802551e-01 6.866856664419174194e-02
1.626852750778198242e-01 4.131016731262207031e-01 3.555319830775260925e-01 6.868106871843338013e-02
1.626840233802795410e-01 4.131006896495819092e-01 3.555336222052574158e-01 6.868166476488113403e-02
8.015535622835159302e-01 1.642195247113704681e-01 3.069206187501549721e-02 3.534851130098104477e-03
1.626840233802795410e-01 4.131006002426147461e-01 3.555336967110633850e-01 6.868167966604232788e-02
1.626858711242675781e-01 4.131021499633789062e-01 3.555311784148216248e-01 6.868080049753189087e-02
1.626860499382019043e-01 4.131021797657012939e-01 3.555310368537902832e-01 6.868073344230651855e-02
1.626860499382019043e-01 4.131021797657012939e-01 3.555310368537902832e-01 6.868073344230651855e-02
1.626878976821899414e-01 4.131036698818206787e-01 3.555285856127738953e-01 6.867984682321548462e-02
1.626864075660705566e-01 4.131023287773132324e-01 3.555306643247604370e-01 6.868059933185577393e-02
1.626852154731750488e-01 4.131014943122863770e-01 3.555321544408798218e-01 6.868113577365875244e-02
1.626862287521362305e-01 4.131023287773132324e-01 3.555307984352111816e-01 6.868064403533935547e-02
1.629037857055664062e-01 4.132746458053588867e-01 3.552429527044296265e-01 6.857861578464508057e-02
1.626859903335571289e-01 4.131020903587341309e-01 3.555311486124992371e-01 6.868077069520950317e-02
1.801825761795043945e-01 4.253980517387390137e-01 3.332161456346511841e-01 6.120322644710540771e-02
1.626828908920288086e-01 4.130996763706207275e-01 3.555352017283439636e-01 6.868223100900650024e-02
1.626828908920288086e-01 4.130995869636535645e-01 3.555352911353111267e-01 6.868223100900650024e-02
1.626851558685302734e-01 4.131014049053192139e-01 3.555322587490081787e-01 6.868118047714233398e-02
9.281641244888305664e-02 3.240045905113220215e-01 4.603370577096939087e-01 1.228419393301010132e-01
1.506329774856567383e-01 4.027228057384490967e-01 3.718907833099365234e-01 7.475343346595764160e-02
1.506349444389343262e-01 4.027245938777923584e-01 3.718880638480186462e-01 7.475239783525466919e-02
1.506326794624328613e-01 4.027225077152252197e-01 3.718912154436111450e-01 7.475359737873077393e-02
1.039570569992065430e-01 3.437037467956542969e-01 4.424134269356727600e-01 1.099257692694664001e-01
1.506336331367492676e-01 4.027234911918640137e-01 3.718898221850395203e-01 7.475305348634719849e-02
1.506344079971313477e-01 4.027242958545684814e-01 3.718886747956275940e-01 7.475262135267257690e-02
1.506351828575134277e-01 4.027248322963714600e-01 3.718877360224723816e-01 7.475224882364273071e-02
1.506639719009399414e-01 4.027516841888427734e-01 3.718476742506027222e-01 7.473666965961456299e-02
1.901873350143432617e-01 4.311176538467407227e-01 3.211931809782981873e-01 5.750183016061782837e-02
1.060132980346679688e-01 3.470644354820251465e-01 4.391194358468055725e-01 1.078028306365013123e-01
1.506356000900268555e-01 4.027252197265625000e-01 3.718871474266052246e-01 7.475203275680541992e-02
1.506333947181701660e-01 4.027231931686401367e-01 3.718902096152305603e-01 7.475320249795913696e-02
1.506342291831970215e-01 4.027239978313446045e-01 3.718890175223350525e-01 7.475275546312332153e-02
1.506619453430175781e-01 4.027498662471771240e-01 3.718504309654235840e-01 7.473775744438171387e-02
2.005504369735717773e-01 4.361396431922912598e-01 3.092789687216281891e-01 5.403095111250877380e-02
9.503835439682006836e-02 3.281427621841430664e-01 4.567626863718032837e-01 1.200561970472335815e-01
1.506343483924865723e-01 4.027241468429565430e-01 3.718888238072395325e-01 7.475268095731735229e-02
1.506334543228149414e-01 4.027232527732849121e-01 3.718901053071022034e-01 7.475318759679794312e-02
1.602150797843933105e-01 4.111089110374450684e-01 3.588185831904411316e-01 6.985742598772048950e-02
1.601136326789855957e-01 4.110257029533386230e-01 3.589542210102081299e-01 6.990644335746765137e-02
1.601146459579467773e-01 4.110264480113983154e-01 3.589529320597648621e-01 6.990597397089004517e-02
1.601136326789855957e-01 4.110257029533386230e-01 3.589542210102081299e-01 6.990644335746765137e-02
1.601147651672363281e-01 4.110266268253326416e-01 3.589527085423469543e-01 6.990589946508407593e-02
1.603404879570007324e-01 4.112117290496826172e-01 3.586508706212043762e-01 6.979691237211227417e-02
1.601136922836303711e-01 4.110257327556610107e-01 3.589541465044021606e-01 6.990642845630645752e-02
1.601127982139587402e-01 4.110249578952789307e-01 3.589553833007812500e-01 6.990686058998107910e-02
1.662179231643676758e-01 4.158363342285156250e-01 3.508910685777664185e-01 6.705467402935028076e-02
1.601146459579467773e-01 4.110264778137207031e-01 3.589529171586036682e-01 6.990595906972885132e-02
1.602160930633544922e-01 4.111099243164062500e-01 3.588170856237411499e-01 6.985689699649810791e-02
1.601136922836303711e-01 4.110257327556610107e-01 3.589541465044021606e-01 6.990642845630645752e-02
6.283313035964965820e-02 2.561401128768920898e-01 5.049462765455245972e-01 1.760804802179336548e-01
2.420850992202758789e-01 4.484457969665527344e-01 2.665359415113925934e-01 4.293316230177879333e-02
1.601142287254333496e-01 4.110262095928192139e-01 3.589534163475036621e-01 6.990614533424377441e-02
1.601138710975646973e-01 4.110258221626281738e-01 3.589539602398872375e-01 6.990634649991989136e-02
1.601132154464721680e-01 4.110253751277923584e-01 3.589547649025917053e-01 6.990664452314376831e-02
1.601130366325378418e-01 4.110251665115356445e-01 3.589550629258155823e-01 6.990673393011093140e-02
8.959370180964469910e-01 8.770840801298618317e-02 1.469309465028345585e-02 1.661479240283370018e-03
1.591681241989135742e-01 4.102441370487213135e-01 3.602216690778732300e-01 7.036606967449188232e-02
1.592699289321899414e-01 4.103287458419799805e-01 3.600849807262420654e-01 7.031634449958801270e-02
1.591685414314270020e-01 4.102443754673004150e-01 3.602212071418762207e-01 7.036587595939636230e-02
1.591705083847045898e-01 4.102460741996765137e-01 3.602185174822807312e-01 7.036489993333816528e-02
5.265097916126251221e-01 3.594401106238365173e-01 1.013284735381603241e-01 1.272162422537803650e-02
1.591707468032836914e-01 4.102462232112884521e-01 3.602182269096374512e-01 7.036480307579040527e-02
1.591705083847045898e-01 4.102458953857421875e-01 3.602186366915702820e-01 7.036495953798294067e-02
1.591715812683105469e-01 4.102469980716705322e-01 3.602170422673225403e-01 7.036437839269638062e-02
1.593508124351501465e-01 4.103958010673522949e-01 3.599764928221702576e-01 7.027689367532730103e-02
1.591702103614807129e-01 4.102458059787750244e-01 3.602189272642135620e-01 7.036505639553070068e-02
1.591702103614807129e-01 4.102458953857421875e-01 3.602188378572463989e-01 7.036505639553070068e-02
7.500612586736679077e-01 2.044103965163230896e-01 4.077645204961299896e-02 4.751892760396003723e-03
1.591713428497314453e-01 4.102467000484466553e-01 3.602174371480941772e-01 7.036451995372772217e-02
1.591694951057434082e-01 4.102451503276824951e-01 3.602199256420135498e-01 7.036542892456054688e-02
1.593033671379089355e-01 4.103564321994781494e-01 3.600401505827903748e-01 7.030005007982254028e-02
1.592206954956054688e-01 4.102877676486968994e-01 3.601511344313621521e-01 7.034040242433547974e-02
1.431944370269775391e-01 3.954474925994873047e-01 3.823937550187110901e-01 7.896431535482406616e-02
1.591710448265075684e-01 4.102466106414794922e-01 3.602177277207374573e-01 7.036461681127548218e-02
1.591710448265075684e-01 4.102466106414794922e-01 3.602177277207374573e-01 7.036461681127548218e-02
1.501454114913940430e-01 4.022670984268188477e-01 3.725697025656700134e-01 7.501778751611709595e-02
1.501455903053283691e-01 4.022671878337860107e-01 3.725695163011550903e-01 7.501770555973052979e-02
1.501448154449462891e-01 4.022664427757263184e-01 3.725706040859222412e-01 7.501813769340515137e-02
1.501450538635253906e-01 4.022667706012725830e-01 3.725702017545700073e-01 7.501797378063201904e-02
1.501442193984985352e-01 4.022658765316009521e-01 3.725714311003684998e-01 7.501847296953201294e-02
1.501456499099731445e-01 4.022673666477203369e-01 3.725693374872207642e-01 7.501764595508575439e-02
1.501454114913940430e-01 4.022670984268188477e-01 3.725697025656700134e-01 7.501778751611709595e-02
1.503850221633911133e-01 4.024913907051086426e-01 3.722358942031860352e-01 7.488769292831420898e-02
1.501452922821044922e-01 4.022669792175292969e-01 3.725698664784431458e-01 7.501786202192306519e-02
1.255444884300231934e-01 3.751910924911499023e-01 4.085191115736961365e-01 9.074530750513076782e-02
1.501458883285522461e-01 4.022675752639770508e-01 3.725690245628356934e-01 7.501751184463500977e-02
1.206048130989074707e-01 3.686890006065368652e-01 4.161126464605331421e-01 9.459353983402252197e-02
5.528608858585357666e-01 3.433784693479537964e-01 9.230495523661375046e-02 1.145568955689668655e-02
1.501454114913940430e-01 4.022670388221740723e-01 3.725697398185729980e-01 7.501780986785888672e-02
1.501450538635253906e-01 4.022667706012725830e-01 3.725702017545700073e-01 7.501797378063201904e-02
1.501437425613403320e-01 4.022655487060546875e-01 3.725720196962356567e-01 7.501868903636932373e-02
1.502884030342102051e-01 4.024009108543395996e-01 3.723705485463142395e-01 7.494013756513595581e-02
1.501441001892089844e-01 4.022658765316009521e-01 3.725715205073356628e-01 7.501850277185440063e-02
1.501435637474060059e-01 4.022653102874755859e-01 3.725723028182983398e-01 7.501882314682006836e-02
1.557940840721130371e-01 4.073722958564758301e-01 3.647857159376144409e-01 7.204790413379669189e-02
1.558384299278259277e-01 4.074108600616455078e-01 3.647253364324569702e-01 7.202537357807159424e-02
9.468631371855735779e-01 4.516764450818300247e-02 7.165769988205283880e-03 8.034483180381357670e-04
1.557884812355041504e-01 4.073674678802490234e-01 3.647933006286621094e-01 7.205075025558471680e-02
7.155582308769226074e-01 2.306029573082923889e-01 4.817537358030676842e-02 5.663438234478235245e-03
1.558863520622253418e-01 4.074526131153106689e-01 3.646600097417831421e-01 7.200102508068084717e-02
1.557871699333190918e-01 4.073662161827087402e-01 3.647952005267143250e-01 7.205141335725784302e-02
1.557888388633728027e-01 4.073677361011505127e-01 3.647928535938262939e-01 7.205057144165039062e-02
1.557897925376892090e-01 4.073685109615325928e-01 3.647916018962860107e-01 7.205009460449218750e-02
1.557900309562683105e-01 4.073687493801116943e-01 3.647912368178367615e-01 7.204998284578323364e-02
7.493045628070831299e-01 2.049915529787540436e-01 4.093288397416472435e-02 4.771000239998102188e-03
1.558147668838500977e-01 4.073902368545532227e-01 3.647575750946998596e-01 7.203742116689682007e-02
1.557884216308593750e-01 4.073674380779266357e-01 3.647933751344680786e-01 7.205076515674591064e-02
1.558932662010192871e-01 4.074585437774658203e-01 3.646506667137145996e-01 7.199752330780029297e-02
1.559161543846130371e-01 4.074786305427551270e-01 3.646193519234657288e-01 7.198586314916610718e-02
1.558005809783935547e-01 4.073778986930847168e-01 3.647768944501876831e-01 7.204462587833404541e-02
1.120418906211853027e-01 3.564578294754028320e-01 4.295241609215736389e-01 1.019761189818382263e-01
1.557900309562683105e-01 4.073687791824340820e-01 3.647912368178367615e-01 7.204995304346084595e-02
1.557893753051757812e-01 4.073681235313415527e-01 3.647921979427337646e-01 7.205030322074890137e-02
1.559864878654479980e-01 4.075395464897155762e-01 3.645237609744071960e-01 7.195020467042922974e-02
1.560872197151184082e-01 4.076270163059234619e-01 3.643866255879402161e-01 7.189913839101791382e-02
1.559874415397644043e-01 4.075403511524200439e-01 3.645224720239639282e-01 7.194973528385162354e-02
1.559873223304748535e-01 4.075403809547424316e-01 3.645225465297698975e-01 7.194975018501281738e-02
1.560350060462951660e-01 4.075816571712493896e-01 3.644577190279960632e-01 7.192561775445938110e-02
1.559858322143554688e-01 4.075388908386230469e-01 3.645246997475624084e-01 7.195057719945907593e-02
1.559970378875732422e-01 4.075487554073333740e-01 3.645093590021133423e-01 7.194484770298004150e-02
1.559883952140808105e-01 4.075412154197692871e-01 3.645211458206176758e-01 7.194924354553222656e-02
1.559858322143554688e-01 4.075389802455902100e-01 3.645246401429176331e-01 7.195054739713668823e-02
1.559876203536987305e-01 4.075405597686767578e-01 3.645221963524818420e-01 7.194962352514266968e-02
1.559867262840270996e-01 4.075398147106170654e-01 3.645233958959579468e-01 7.195006310939788818e-02
1.474329829216003418e-01 3.996783792972564697e-01 3.763711526989936829e-01 7.651748508214950562e-02
1.559866666793823242e-01 4.075397849082946777e-01 3.645234480500221252e-01 7.195010036230087280e-02
1.559875011444091797e-01 4.075405001640319824e-01 3.645223155617713928e-01 7.194968312978744507e-02
1.559866666793823242e-01 4.075397849082946777e-01 3.645234480500221252e-01 7.195010036230087280e-02
2.261857986450195312e-01 4.450785219669342041e-01 2.820067182183265686e-01 4.672896116971969604e-02
7.614911496639251709e-01 1.955973617732524872e-01 3.844369389116764069e-02 4.467794671654701233e-03
1.559876799583435059e-01 4.075405299663543701e-01 3.645221665501594543e-01 7.194962352514266968e-02
1.559878587722778320e-01 4.075408577919006348e-01 3.645217940211296082e-01 7.194948941469192505e-02
1.539220809936523438e-01 4.057223498821258545e-01 3.673454821109771729e-01 7.301008701324462891e-02
1.539205312728881836e-01 4.057209789752960205e-01 3.673476278781890869e-01 7.301086187362670898e-02
1.907563805580139160e-01 4.314164519309997559e-01 3.205249905586242676e-01 5.730217695236206055e-02
1.539202928543090820e-01 4.057207107543945312e-01 3.673479780554771423e-01 7.301101833581924438e-02
1.879919767379760742e-01 4.299383759498596191e-01 3.237869106233119965e-01 5.828273668885231018e-02
1.539221405982971191e-01 4.057224690914154053e-01 3.673453703522682190e-01 7.301001995801925659e-02
1.539201140403747559e-01 4.057206511497497559e-01 3.673481494188308716e-01 7.301108539104461670e-02
1.539202928543090820e-01 4.057206213474273682e-01 3.673480674624443054e-01 7.301101833581924438e-02
1.539179682731628418e-01 4.057185947895050049e-01 3.673512265086174011e-01 7.301221042871475220e-02
1.539197564125061035e-01 4.057202339172363281e-01 3.673487156629562378e-01 7.301129400730133057e-02
8.042961359024047852e-02 2.988422513008117676e-01 4.799674600362777710e-01 1.407606750726699829e-01
1.539195775985717773e-01 4.057200551033020020e-01 3.673489913344383240e-01 7.301137596368789673e-02
1.539193987846374512e-01 4.057200849056243896e-01 3.673490732908248901e-01 7.301144301891326904e-02
1.539213657379150391e-01 4.057216644287109375e-01 3.673465326428413391e-01 7.301043719053268433e-02
1.539213061332702637e-01 4.057216942310333252e-01 3.673465326428413391e-01 7.301046699285507202e-02
1.539219617843627930e-01 4.057222902774810791e-01 3.673456311225891113e-01 7.301011681556701660e-02
1.312727928161621094e-01 3.822570443153381348e-01 3.998610377311706543e-01 8.660912513732910156e-02
1.539214849472045898e-01 4.057218432426452637e-01 3.673463016748428345e-01 7.301037013530731201e-02
1.006336212158203125e-01 3.380959033966064453e-01 4.477531835436820984e-01 1.135172918438911438e-01
8.687186241149902344e-02 3.123860359191894531e-01 4.698470383882522583e-01 1.308950632810592651e-01
1.607540845870971680e-01 4.115494787693023682e-01 3.580985218286514282e-01 6.959791481494903564e-02
1.608926653861999512e-01 4.116623401641845703e-01 3.579135537147521973e-01 6.953144073486328125e-02
1.607542634010314941e-01 4.115495979785919189e-01 3.580982834100723267e-01 6.959785521030426025e-02
1.173816323280334473e-01 3.642319440841674805e-01 4.211264774203300476e-01 9.725994616746902466e-02
1.607556939125061035e-01 4.115508198738098145e-01 3.580963388085365295e-01 6.959714740514755249e-02
1.607543230056762695e-01 4.115497171878814697e-01 3.580981642007827759e-01 6.959779560565948486e-02
1.221932768821716309e-01 3.708225488662719727e-01 4.136584624648094177e-01 9.332571178674697876e-02
1.607561707496643066e-01 4.115511775016784668e-01 3.580957204103469849e-01 6.959693133831024170e-02
1.607543230056762695e-01 4.115497171878814697e-01 3.580981642007827759e-01 6.959779560565948486e-02
1.607545614242553711e-01 4.115499854087829590e-01 3.580977842211723328e-01 6.959766894578933716e-02
1.607533693313598633e-01 4.115490019321441650e-01 3.580994009971618652e-01 6.959822773933410645e-02
8.067863583564758301e-01 1.600683182477951050e-01 2.972560934722423553e-02 3.419714048504829407e-03
1.607546806335449219e-01 4.115500152111053467e-01 3.580976799130439758e-01 6.959762424230575562e-02
1.607561707496643066e-01 4.115512669086456299e-01 3.580956608057022095e-01 6.959690153598785400e-02
1.607547998428344727e-01 4.115501344203948975e-01 3.580975160002708435e-01 6.959754973649978638e-02
2.479188442230224609e-01 4.493110477924346924e-01 2.611143514513969421e-01 4.165575653314590454e-02
1.607565879821777344e-01 4.115515947341918945e-01 3.580951020121574402e-01 6.959671527147293091e-02
1.607545018196105957e-01 4.115498661994934082e-01 3.580979257822036743e-01 6.959770619869232178e-02
1.559876799583435059e-01 4.075406789779663086e-01 3.645220547914505005e-01 7.194958627223968506e-02
1.559849977493286133e-01 4.075383245944976807e-01 3.645257204771041870e-01 7.195095717906951904e-02
1.559864282608032227e-01 4.075394272804260254e-01 3.645238876342773438e-01 7.195025682449340820e-02
1.560403108596801758e-01 4.075862765312194824e-01 3.644504994153976440e-01 7.192291319370269775e-02
1.677784919738769531e-01 4.170022606849670410e-01 3.488629534840583801e-01 6.635629385709762573e-02
1.559861302375793457e-01 4.075393676757812500e-01 3.645241484045982361e-01 7.195035368204116821e-02
1.559844613075256348e-01 4.075377881526947021e-01 3.645265027880668640e-01 7.195124775171279907e-02
1.559851169586181641e-01 4.075385034084320068e-01 3.645255193114280701e-01 7.195086032152175903e-02
1.559868454933166504e-01 4.075397849082946777e-01 3.645233213901519775e-01 7.195004820823669434e-02
1.559870839118957520e-01 4.075400829315185547e-01 3.645229265093803406e-01 7.194990664720535278e-02
1.559868454933166504e-01 4.075398743152618408e-01 3.645232468843460083e-01 7.195003330707550049e-02
8.921098709106445312e-02 3.170552253723144531e-01 4.661177545785903931e-01 1.276160329580307007e-01
1.559875011444091797e-01 4.075405895709991455e-01 3.645222559571266174e-01 7.194965332746505737e-02
1.560375094413757324e-01 4.075838327407836914e-01 3.644543141126632690e-01 7.192434370517730713e-02
1.559861302375793457e-01 4.075393676757812500e-01 3.645241484045982361e-01 7.195035368204116821e-02
3.151724338531494141e-01 4.475813657045364380e-01 2.070525009185075760e-01 3.019369952380657196e-02
7.877129316329956055e-02 2.951862812042236328e-01 4.825216829776763916e-01 1.435207426548004150e-01
1.559867262840270996e-01 4.075399041175842285e-01 3.645233064889907837e-01 7.195006310939788818e-02
1.560348272323608398e-01 4.075814783573150635e-01 3.644579797983169556e-01 7.192571461200714111e-02
1.574569344520568848e-01 4.088038802146911621e-01 3.625284135341644287e-01 7.121077179908752441e-02
1.574594974517822266e-01 4.088060557842254639e-01 3.625249415636062622e-01 7.120950520038604736e-02
4.136154651641845703e-01 4.176812022924423218e-01 1.487942840903997421e-01 1.990904845297336578e-02
1.574576497077941895e-01 4.088043570518493652e-01 3.625275418162345886e-01 7.121045142412185669e-02
2.375366687774658203e-01 4.476371109485626221e-01 2.708560638129711151e-01 4.397015646100044250e-02
6.582727134227752686e-01 2.725560516119003296e-01 6.178787956014275551e-02 7.383355405181646347e-03
1.575095057487487793e-01 4.088485240936279297e-01 3.624573722481727600e-01 7.118459790945053101e-02
1.575105786323547363e-01 4.088495671749114990e-01 3.624558225274085999e-01 7.118403166532516479e-02
1.574584841728210449e-01 4.088051319122314453e-01 3.625263571739196777e-01 7.121002674102783203e-02
1.574579477310180664e-01 4.088046848773956299e-01 3.625270724296569824e-01 7.121029496192932129e-02
7.774979919195175171e-01 1.831487827003002167e-01 3.526950580999255180e-02 4.083719570189714432e-03
1.574581265449523926e-01 4.088047742843627930e-01 3.625268787145614624e-01 7.121022045612335205e-02
1.574584841728210449e-01 4.088051021099090576e-01 3.625263720750808716e-01 7.121004164218902588e-02
1.574867367744445801e-01 4.088291525840759277e-01 3.624881654977798462e-01 7.119594514369964600e-02
1.574587225914001465e-01 4.088053703308105469e-01 3.625260069966316223e-01 7.120990008115768433e-02
1.574593186378479004e-01 4.088058769702911377e-01 3.625252023339271545e-01 7.120960205793380737e-02
4.731974005699157715e-01 3.893452137708663940e-01 1.217562556266784668e-01 1.570113003253936768e-02
1.574598550796508789e-01 4.088062047958374023e-01 3.625245615839958191e-01 7.120937854051589966e-02
1.460891962051391602e-01 3.983618915081024170e-01 3.782696723937988281e-01 7.727923989295959473e-02
1.533368825912475586e-01 4.051981270313262939e-01 3.681497350335121155e-01 7.331525534391403198e-02
1.533371806144714355e-01 4.051984846591949463e-01 3.681492805480957031e-01 7.331505417823791504e-02
1.533408164978027344e-01 4.052015542984008789e-01 3.681444153189659119e-01 7.331321388483047485e-02
1.533386707305908203e-01 4.051996469497680664e-01 3.681473284959793091e-01 7.331435382366180420e-02
7.772943824529647827e-01 1.833078935742378235e-01 3.530921740457415581e-02 4.088506568223237991e-03
1.533368825912475586e-01 4.051981270313262939e-01 3.681497350335121155e-01 7.331525534391403198e-02
1.533377766609191895e-01 4.051989614963531494e-01 3.681484907865524292e-01 7.331477105617523193e-02
1.533448100090026855e-01 4.052051603794097900e-01 3.681389167904853821e-01 7.331111282110214233e-02
1.533374786376953125e-01 4.051986634731292725e-01 3.681489303708076477e-01 7.331492751836776733e-02
1.533367633819580078e-01 4.051980376243591309e-01 3.681498765945434570e-01 7.331532239913940430e-02
1.533384919166564941e-01 4.051994979381561279e-01 3.681475818157196045e-01 7.331442832946777344e-02
8.489923477172851562e-01 1.261787302792072296e-01 2.228684886358678341e-02 2.542073139920830727e-03
1.533380746841430664e-01 4.051991701126098633e-01 3.681481182575225830e-01 7.331463694572448730e-02
1.533379554748535156e-01 4.051991105079650879e-01 3.681482672691345215e-01 7.331466674804687500e-02
1.533496975898742676e-01 4.052095711231231689e-01 3.681321665644645691e-01 7.330856472253799438e-02
1.116919517517089844e-01 3.559309244155883789e-01 4.300780445337295532e-01 1.022990792989730835e-01
9.901374578475952148e-02 3.352815508842468262e-01 4.503605663776397705e-01 1.153441369533538818e-01
1.533361673355102539e-01 4.051975607872009277e-01 3.681506589055061340e-01 7.331561297178268433e-02
1.533381342887878418e-01 4.051991999149322510e-01 3.681480586528778076e-01 7.331460714340209961e-02
7.492125332355499268e-01 2.050622180104255676e-01 4.095192253589630127e-02 4.773326218128204346e-03
1.516960263252258301e-01 4.037065207958221436e-01 3.704150244593620300e-01 7.418242841958999634e-02
8.489190191030502319e-01 1.262382119894027710e-01 2.229924546554684639e-02 2.543523442000150681e-03
1.518343091011047363e-01 4.038333892822265625e-01 3.702236190438270569e-01 7.410868257284164429e-02
1.412540078163146973e-01 3.934327363967895508e-01 3.851843103766441345e-01 8.012894541025161743e-02
1.516953706741333008e-01 4.037058055400848389e-01 3.704160377383232117e-01 7.418278604745864868e-02
1.516961455345153809e-01 4.037064909934997559e-01 3.704149723052978516e-01 7.418239116668701172e-02
1.533952951431274414e-01 4.052505791187286377e-01 3.680694177746772766e-01 7.328470796346664429e-02
1.516951918601989746e-01 4.037057459354400635e-01 3.704162091016769409e-01 7.418285310268402100e-02
1.516948342323303223e-01 4.037054777145385742e-01 3.704166561365127563e-01 7.418303191661834717e-02
7.048122882843017578e-01 2.386262975633144379e-01 5.059621855616569519e-02 5.965195596218109131e-03
9.957480430603027344e-02 3.362622857093811035e-01 4.494573026895523071e-01 1.147056072950363159e-01
1.517174839973449707e-01 4.037261903285980225e-01 3.703853636980056763e-01 7.417096197605133057e-02
1.516959071159362793e-01 4.037063121795654297e-01 3.704152703285217285e-01 7.418251037597656250e-02
1.516952514648437500e-01 4.037057459354400635e-01 3.704161494970321655e-01 7.418285310268402100e-02
1.516960263252258301e-01 4.037064313888549805e-01 3.704151138663291931e-01 7.418242841958999634e-02
2.238821983337402344e-01 4.444607198238372803e-01 2.843361794948577881e-01 4.732090234756469727e-02
1.516953706741333008e-01 4.037059545516967773e-01 3.704159185290336609e-01 7.418275624513626099e-02
1.516961455345153809e-01 4.037065207958221436e-01 3.704149574041366577e-01 7.418237626552581787e-02
9.149628877639770508e-02 3.214941620826721191e-01 4.624572247266769409e-01 1.245523244142532349e-01
1.534778475761413574e-01 4.053248465061187744e-01 3.679557889699935913e-01 7.324151694774627686e-02
7.786012291908264160e-01 1.822863519191741943e-01 3.505460033193230629e-02 4.057818558067083359e-03
1.534788012504577637e-01 4.053255915641784668e-01 3.679545596241950989e-01 7.324104756116867065e-02
1.534757614135742188e-01 4.053229391574859619e-01 3.679586797952651978e-01 7.324261963367462158e-02
1.534774303436279297e-01 4.053243398666381836e-01 3.679564446210861206e-01 7.324178516864776611e-02
1.534790396690368652e-01 4.053258895874023438e-01 3.679541647434234619e-01 7.324090600013732910e-02
7.194670140743255615e-01 2.276681549847126007e-01 4.730896558612585068e-02 5.555865354835987091e-03
1.534784436225891113e-01 4.053252339363098145e-01 3.679550588130950928e-01 7.324126362800598145e-02
1.536248326301574707e-01 4.054565429687500000e-01 3.677538037300109863e-01 7.316482067108154297e-02
1.534760594367980957e-01 4.053232073783874512e-01 3.679582551121711731e-01 7.324247807264328003e-02
1.534790396690368652e-01 4.053257405757904053e-01 3.679542839527130127e-01 7.324093580245971680e-02
1.534776091575622559e-01 4.053244292736053467e-01 3.679562583565711975e-01 7.324170321226119995e-02
1.534776091575622559e-01 4.053245186805725098e-01 3.679561913013458252e-01 7.324168086051940918e-02
1.534780263900756836e-01 4.053248465061187744e-01 3.679556548595428467e-01 7.324147224426269531e-02
1.534788012504577637e-01 4.053255021572113037e-01 3.679546266794204712e-01 7.324106991291046143e-02
1.534795165061950684e-01 4.053262472152709961e-01 3.679535537958145142e-01 7.324068248271942139e-02
1.534790396690368652e-01 4.053257703781127930e-01 3.679542541503906250e-01 7.324093580245971680e-02
1.535025238990783691e-01 4.053469002246856689e-01 3.679219186305999756e-01 7.322865724563598633e-02
1.587389707565307617e-01 4.098860621452331543e-01 3.607986420392990112e-01 7.057632505893707275e-02
1.587397456169128418e-01 4.098866581916809082e-01 3.607976436614990234e-01 7.057595252990722656e-02
1.587389111518859863e-01 4.098859131336212158e-01 3.607987836003303528e-01 7.057639211416244507e-02
1.587390899658203125e-01 4.098860919475555420e-01 3.607985228300094604e-01 7.057629525661468506e-02
1.587384343147277832e-01 4.098854064941406250e-01 3.607995212078094482e-01 7.057663798332214355e-02
1.587395071983337402e-01 4.098864197731018066e-01 3.607979640364646912e-01 7.057610899209976196e-02
1.587403416633605957e-01 4.098871052265167236e-01 3.607968538999557495e-01 7.057569921016693115e-02
9.828150272369384766e-02 3.339916467666625977e-01 4.515397250652313232e-01 1.161871254444122314e-01
8.776017501950263977e-01 1.028244793415069580e-01 1.757938531227409840e-02 1.994385151192545891e-03
1.589868664741516113e-01 4.100930392742156982e-01 3.604653105139732361e-01 7.045478373765945435e-02
1.587383151054382324e-01 4.098855257034301758e-01 3.607994839549064636e-01 7.057667523622512817e-02
1.587377190589904785e-01 4.098850190639495850e-01 3.608003109693527222e-01 7.057695090770721436e-02
1.587401628494262695e-01 4.098870456218719482e-01 3.607970327138900757e-01 7.057575881481170654e-02
1.587389707565307617e-01 4.098859727382659912e-01 3.607986941933631897e-01 7.057636231184005737e-02
1.587390899658203125e-01 4.098861217498779297e-01 3.607984930276870728e-01 7.057629525661468506e-02
3.821762800216674805e-01 4.299007058143615723e-01 1.652841717004776001e-01 2.263884246349334717e-02
2.980405092239379883e-01 4.498207271099090576e-01 2.194934561848640442e-01 3.264530748128890991e-02
1.587384939193725586e-01 4.098855853080749512e-01 3.607993274927139282e-01 7.057659327983856201e-02
1.587395668029785156e-01 4.098865091800689697e-01 3.607978448271751404e-01 7.057607918977737427e-02
1.572735905647277832e-01 4.086475372314453125e-01 3.627765774726867676e-01 7.130229473114013672e-02
1.572743654251098633e-01 4.086481928825378418e-01 3.627755343914031982e-01 7.130190730094909668e-02
6.619060635566711426e-01 2.699581235647201538e-01 6.087019806727766991e-02 7.265614811331033707e-03
1.572743058204650879e-01 4.086480736732482910e-01 3.627756536006927490e-01 7.130196690559387207e-02
1.440823078155517578e-01 3.963528573513031006e-01 3.811238855123519897e-01 7.844094932079315186e-02
1.379953026771545410e-01 3.899362981319427490e-01 3.899170532822608948e-01 8.215134590864181519e-02
1.572738885879516602e-01 4.086477756500244141e-01 3.627761825919151306e-01 7.130215317010879517e-02
1.572737693786621094e-01 4.086478054523468018e-01 3.627762347459793091e-01 7.130219042301177979e-02
1.573275327682495117e-01 4.086935222148895264e-01 3.627035915851593018e-01 7.127535343170166016e-02
1.572735905647277832e-01 4.086475968360900879e-01 3.627765327692031860e-01 7.130227982997894287e-02
6.664694547653198242e-01 2.666823565959930420e-01 5.972866807132959366e-02 7.119520567357540131e-03
1.572729349136352539e-01 4.086469411849975586e-01 3.627774938941001892e-01 7.130263000726699829e-02
1.573240756988525391e-01 4.086906611919403076e-01 3.627081885933876038e-01 7.127707451581954956e-02
1.573635935783386230e-01 4.087242782115936279e-01 3.626547604799270630e-01 7.125736773014068604e-02
1.574949622154235840e-01 4.088361561298370361e-01 3.624770343303680420e-01 7.119184732437133789e-02
1.572751998901367188e-01 4.086489379405975342e-01 3.627743721008300781e-01 7.130149006843566895e-02
3.895733356475830078e-01 4.272210150957107544e-01 1.612472906708717346e-01 2.195835858583450317e-02
1.572741270065307617e-01 4.086480736732482910e-01 3.627758026123046875e-01 7.130199670791625977e-02
1.572729945182800293e-01 4.086470603942871094e-01 3.627773448824882507e-01 7.130260020494461060e-02
1.573477983474731445e-01 4.087108075618743896e-01 3.626761361956596375e-01 7.126525789499282837e-02
1.573492884635925293e-01 4.087121486663818359e-01 3.626740649342536926e-01 7.126449793577194214e-02
1.573479175567626953e-01 4.087109863758087158e-01 3.626759350299835205e-01 7.126516103744506836e-02
1.573736667633056641e-01 4.087328612804412842e-01 3.626411259174346924e-01 7.125234603881835938e-02
8.372093588113784790e-01 1.357102990150451660e-01 2.430200274102389812e-02 2.778339432552456856e-03
1.573482155799865723e-01 4.087111949920654297e-01 3.626755550503730774e-01 7.126503437757492065e-02
1.573489308357238770e-01 4.087118804454803467e-01 3.626745343208312988e-01 7.126465439796447754e-02
1.573457121849060059e-01 4.087091088294982910e-01 3.626789152622222900e-01 7.126626372337341309e-02
3.539264202117919922e-01 4.389019906520843506e-01 1.816825140267610550e-01 2.548907510936260223e-02
1.573480963706970215e-01 4.087112247943878174e-01 3.626756146550178528e-01 7.126506417989730835e-02
1.573480367660522461e-01 4.087110459804534912e-01 3.626757860183715820e-01 7.126513123512268066e-02
1.573484539985656738e-01 4.087114334106445312e-01 3.626752048730850220e-01 7.126490771770477295e-02
1.573482751846313477e-01 4.087113142013549805e-01 3.626754283905029297e-01 7.126498222351074219e-02
1.573478579521179199e-01 4.087108671665191650e-01 3.626760542392730713e-01 7.126522064208984375e-02
1.573473215103149414e-01 4.087105095386505127e-01 3.626767098903656006e-01 7.126545906066894531e-02
1.992409825325012207e-01 4.355530142784118652e-01 3.107550404965877533e-01 5.445096269249916077e-02
2.419667243957519531e-01 4.484261870384216309e-01 2.666473910212516785e-01 4.295969754457473755e-02
1.573476791381835938e-01 4.087108373641967773e-01 3.626762032508850098e-01 7.126528024673461914e-02
1.573485136032104492e-01 4.087115228176116943e-01 3.626750856637954712e-01 7.126487791538238525e-02
1.874213218688964844e-01 4.296251535415649414e-01 3.244650550186634064e-01 5.848846957087516785e-02
1.505551934242248535e-01 4.026502966880798340e-01 3.719989955425262451e-01 7.479551434516906738e-02
9.016550555825233459e-01 8.297171536833047867e-02 1.381284440867602825e-02 1.560384640470147133e-03
1.506847143173217773e-01 4.027709960937500000e-01 3.718188032507896423e-01 7.472548633813858032e-02
1.505559086799621582e-01 4.026509225368499756e-01 3.719980120658874512e-01 7.479515671730041504e-02
1.151831150054931641e-01 3.610913753509521484e-01 4.245708435773849487e-01 9.915466606616973877e-02
1.505555510520935059e-01 4.026506543159484863e-01 3.719984814524650574e-01 7.479531317949295044e-02
8.169037103652954102e-02 3.015740513801574707e-01 4.780094623565673828e-01 1.387261152267456055e-01
1.505531668663024902e-01 4.026483297348022461e-01 3.720018640160560608e-01 7.479663938283920288e-02
1.506928801536560059e-01 4.027785956859588623e-01 3.718074485659599304e-01 7.472107559442520142e-02
1.506153345108032227e-01 4.027063548564910889e-01 3.719153255224227905e-01 7.476298511028289795e-02
1.505548357963562012e-01 4.026499986648559570e-01 3.719994872808456421e-01 7.479567825794219971e-02
1.505553126335144043e-01 4.026504755020141602e-01 3.719987794756889343e-01 7.479543238878250122e-02
1.505557298660278320e-01 4.026508033275604248e-01 3.719982504844665527e-01 7.479521632194519043e-02
1.505841612815856934e-01 4.026773273944854736e-01 3.719586879014968872e-01 7.477982342243194580e-02
1.505539417266845703e-01 4.026491343975067139e-01 3.720007315278053284e-01 7.479619234800338745e-02
1.505561470985412598e-01 4.026512503623962402e-01 3.719976171851158142e-01 7.479498535394668579e-02
1.505551338195800781e-01 4.026501774787902832e-01 3.719991073012351990e-01 7.479558140039443970e-02
1.505557298660278320e-01 4.026508033275604248e-01 3.719982504844665527e-01 7.479521632194519043e-02
1.542711257934570312e-01 4.060331284999847412e-01 3.668666929006576538e-01 7.282905280590057373e-02
1.541822552680969238e-01 4.059541821479797363e-01 3.669885173439979553e-01 7.287504523992538452e-02
1.542342901229858398e-01 4.060002863407135010e-01 3.669172748923301697e-01 7.284814864397048950e-02
1.542285084724426270e-01 4.059951901435852051e-01 3.669251948595046997e-01 7.285110652446746826e-02
1.541838049888610840e-01 4.059554636478424072e-01 3.669864609837532043e-01 7.287427037954330444e-02
1.542550325393676758e-01 4.060187339782714844e-01 3.668888434767723083e-01 7.283739000558853149e-02
1.541838049888610840e-01 4.059555530548095703e-01 3.669863864779472351e-01 7.287425547838211060e-02
1.541844010353088379e-01 4.059560000896453857e-01 3.669856339693069458e-01 7.287396490573883057e-02
1.541833877563476562e-01 4.059551656246185303e-01 3.669869825243949890e-01 7.287446409463882446e-02
8.983987569808959961e-02 3.182886242866516113e-01 4.651119261980056763e-01 1.267595738172531128e-01
1.541842818260192871e-01 4.059560000896453857e-01 3.669857233762741089e-01 7.287399470806121826e-02
1.541811823844909668e-01 4.059530794620513916e-01 3.669900819659233093e-01 7.287565618753433228e-02
9.118968248367309570e-02 3.209055066108703613e-01 4.629491418600082397e-01 1.249556690454483032e-01
1.234483718872070312e-01 3.724794983863830566e-01 4.117275029420852661e-01 9.234462678432464600e-02
7.276753187179565430e-01 2.214774452149868011e-01 4.551357915624976158e-02 5.333656910806894302e-03
7.046657800674438477e-02 2.757617831230163574e-01 4.948089420795440674e-01 1.589626967906951904e-01
1.541840434074401855e-01 4.059556424617767334e-01 3.669861629605293274e-01 7.287415117025375366e-02
1.541839838027954102e-01 4.059555828571319580e-01 3.669862449169158936e-01 7.287418842315673828e-02
1.541824936866760254e-01 4.059543311595916748e-01 3.669882342219352722e-01 7.287494093179702759e-02
1.574411988258361816e-01 4.087904095649719238e-01 3.625497370958328247e-01 7.121865451335906982e-02
1.574434041976928711e-01 4.087924063205718994e-01 3.625466674566268921e-01 7.121752202510833740e-02
1.441230773925781250e-01 3.963942527770996094e-01 3.810656443238258362e-01 7.841702550649642944e-02
1.574434041976928711e-01 4.087922871112823486e-01 3.625467568635940552e-01 7.121755182743072510e-02
2.682646512985229492e-01 4.509236812591552734e-01 2.431986108422279358e-01 3.761305660009384155e-02
1.574440002441406250e-01 4.087928533554077148e-01 3.625459149479866028e-01 7.121723145246505737e-02
1.574444174766540527e-01 4.087931513786315918e-01 3.625453859567642212e-01 7.121704518795013428e-02
1.576061248779296875e-01 4.089307188987731934e-01 3.623266667127609253e-01 7.113648951053619385e-02
1.574453711509704590e-01 4.087940454483032227e-01 3.625440374016761780e-01 7.121654599905014038e-02
1.574449539184570312e-01 4.087936878204345703e-01 3.625445961952209473e-01 7.121676206588745117e-02
1.579347252845764160e-01 4.092093408107757568e-01 3.618826940655708313e-01 7.097323983907699585e-02
1.576368808746337891e-01 4.089569151401519775e-01 3.622850477695465088e-01 7.112115621566772461e-02
1.576036810874938965e-01 4.089286625385284424e-01 3.623299598693847656e-01 7.113769650459289551e-02
1.574676036834716797e-01 4.088129699230194092e-01 3.625139743089675903e-01 7.120545208454132080e-02
1.574434041976928711e-01 4.087922871112823486e-01 3.625467568635940552e-01 7.121755182743072510e-02
1.574430465698242188e-01 4.087921380996704102e-01 3.625471368432044983e-01 7.121767848730087280e-02
7.668089866638183594e-02 2.904748320579528809e-01 4.857013523578643799e-01 1.471429169178009033e-01
1.574407815933227539e-01 4.087901413440704346e-01 3.625502288341522217e-01 7.121884822845458984e-02
1.574417948722839355e-01 4.087910056114196777e-01 3.625488728284835815e-01 7.121832668781280518e-02
1.529276967048645020e-01 4.048289954662322998e-01 3.687133640050888062e-01 7.352994382381439209e-02
1.529281139373779297e-01 4.048295617103576660e-01 3.687126412987709045e-01 7.352968305349349976e-02
5.707127451896667480e-01 3.320796713232994080e-01 8.654474001377820969e-02 1.066284347325563431e-02
1.531330943107604980e-01 4.050145447254180908e-01 3.684303164482116699e-01 7.342204451560974121e-02
1.529276967048645020e-01 4.048292040824890137e-01 3.687131926417350769e-01 7.352990657091140747e-02
1.529695987701416016e-01 4.048670530319213867e-01 3.686554953455924988e-01 7.350785285234451294e-02
1.529275178909301758e-01 4.048289358615875244e-01 3.687135353684425354e-01 7.353001087903976440e-02
1.529517769813537598e-01 4.048509299755096436e-01 3.686800524592399597e-01 7.351724058389663696e-02
1.529273390769958496e-01 4.048286974430084229e-01 3.687138259410858154e-01 7.353013753890991211e-02
1.529278755187988281e-01 4.048292934894561768e-01 3.687130212783813477e-01 7.352980971336364746e-02
1.529284715652465820e-01 4.048298001289367676e-01 3.687122091650962830e-01 7.352951914072036743e-02
1.529273390769958496e-01 4.048287570476531982e-01 3.687137812376022339e-01 7.353012263774871826e-02
1.529542207717895508e-01 4.048531055450439453e-01 3.686766996979713440e-01 7.351597398519515991e-02
1.529271006584167480e-01 4.048285782337188721e-01 3.687140867114067078e-01 7.353023439645767212e-02
4.934965968132019043e-01 3.784040063619613647e-01 1.136064650490880013e-01 1.449293177574872971e-02
1.529275774955749512e-01 4.048290848731994629e-01 3.687133640050888062e-01 7.352997362613677979e-02
1.529268026351928711e-01 4.048283100128173828e-01 3.687144890427589417e-01 7.353039830923080444e-02
1.529279947280883789e-01 4.048295021057128906e-01 3.687127530574798584e-01 7.352975010871887207e-02
1.529281735420227051e-01 4.048296809196472168e-01 3.687125071883201599e-01 7.352963835000991821e-02
6.636739969253540039e-01 2.686907202005386353e-01 6.042650202289223671e-02 7.208780851215124130e-03
1.473062634468078613e-01 3.995552659034729004e-01 3.765496835112571716e-01 7.658878713846206665e-02
7.106709480285644531e-02 2.772309780120849609e-01 4.939562082290649414e-01 1.577457189559936523e-01
1.473060250282287598e-01 3.995548784732818604e-01 3.765501454472541809e-01 7.658895105123519897e-02
1.560174226760864258e-01 4.075663387775421143e-01 3.644817098975181580e-01 7.193452864885330200e-02
1.473056077957153320e-01 3.995544612407684326e-01 3.765507265925407410e-01 7.658920437097549438e-02
1.473073363304138184e-01 3.995561599731445312e-01 3.765482753515243530e-01 7.658822834491729736e-02
1.148626208305358887e-01 3.606266379356384277e-01 4.250745251774787903e-01 9.943621605634689331e-02
1.473059654235839844e-01 3.995548784732818604e-01 3.765501827001571655e-01 7.658897340297698975e-02
1.473073959350585938e-01 3.995563387870788574e-01 3.765481188893318176e-01 7.658814638853073120e-02
1.473042368888854980e-01 3.995531499385833740e-01 3.765526488423347473e-01 7.658996433019638062e-02
1.473064422607421875e-01 3.995552957057952881e-01 3.765495419502258301e-01 7.658872008323669434e-02
1.473590135574340820e-01 3.996064364910125732e-01 3.764754235744476318e-01 7.655912637710571289e-02
1.473056077957153320e-01 3.995545506477355957e-01 3.765506669878959656e-01 7.658917456865310669e-02
1.474086642265319824e-01 3.996547162532806396e-01 3.764054328203201294e-01 7.653118669986724854e-02
1.473531723022460938e-01 3.996007740497589111e-01 3.764836490154266357e-01 7.656240463256835938e-02
1.026136279106140137e-01 3.414635062217712402e-01 4.445698782801628113e-01 1.113529875874519348e-01
1.473047137260437012e-01 3.995536863803863525e-01 3.765519410371780396e-01 7.658965885639190674e-02
1.473071575164794922e-01 3.995559811592102051e-01 3.765485510230064392e-01 7.658831030130386353e-02
1.590425968170166016e-01 4.101395905017852783e-01 3.603903502225875854e-01 7.042746245861053467e-02
9.585553407669067383e-02 3.296377062797546387e-01 4.554468989372253418e-01 1.190598607063293457e-01
1.590456366539001465e-01 4.101420640945434570e-01 3.603863045573234558e-01 7.042599469423294067e-02
1.590438485145568848e-01 4.101405441761016846e-01 3.603887408971786499e-01 7.042686641216278076e-02
1.590452194213867188e-01 4.101417958736419678e-01 3.603868037462234497e-01 7.042618095874786377e-02
1.590438485145568848e-01 4.101406335830688477e-01 3.603886663913726807e-01 7.042685151100158691e-02
1.308591961860656738e-01 3.817632496356964111e-01 4.004806876182556152e-01 8.689686655998229980e-02
1.592789292335510254e-01 4.103362560272216797e-01 3.600728735327720642e-01 7.031194120645523071e-02
1.590439677238464355e-01 4.101406037807464600e-01 3.603885844349861145e-01 7.042684406042098999e-02
1.592128872871398926e-01 4.102812111377716064e-01 3.601616770029067993e-01 7.034422457218170166e-02
1.590447425842285156e-01 4.101412296295166016e-01 3.603875637054443359e-01 7.042646408081054688e-02
1.590454578399658203e-01 4.101419746875762939e-01 3.603865057229995728e-01 7.042606174945831299e-02
1.590441465377807617e-01 4.101408123970031738e-01 3.603883311152458191e-01 7.042670994997024536e-02
1.590447425842285156e-01 4.101412892341613770e-01 3.603875190019607544e-01 7.042644917964935303e-02
1.590438485145568848e-01 4.101406335830688477e-01 3.603886663913726807e-01 7.042685151100158691e-02
1.590595245361328125e-01 4.101537168025970459e-01 3.603675886988639832e-01 7.041916996240615845e-02
1.592679023742675781e-01 4.103270173072814941e-01 3.600877299904823303e-01 7.031735032796859741e-02
1.590446233749389648e-01 4.101413190364837646e-01 3.603875935077667236e-01 7.042646408081054688e-02
1.590457558631896973e-01 4.101422131061553955e-01 3.603860959410667419e-01 7.042593508958816528e-02
7.693251073360443115e-01 1.895200647413730621e-01 3.687696484848856926e-02 4.277863074094057083e-03
1.520352959632873535e-01 4.040174484252929688e-01 3.699454963207244873e-01 7.400175929069519043e-02
8.979928493499755859e-02 3.182091712951660156e-01 4.651769548654556274e-01 1.268145889043807983e-01
1.520354747772216797e-01 4.040175974369049072e-01 3.699452653527259827e-01 7.400166243314743042e-02
1.377733945846557617e-01 3.896928727626800537e-01 3.902414664626121521e-01 8.229226619005203247e-02
1.520357131958007812e-01 4.040178358554840088e-01 3.699449226260185242e-01 7.400152832269668579e-02
1.520605087280273438e-01 4.040405452251434326e-01 3.699105978012084961e-01 7.398834824562072754e-02
1.520345211029052734e-01 4.040167629718780518e-01 3.699465617537498474e-01 7.400215417146682739e-02
1.520354747772216797e-01 4.040175974369049072e-01 3.699452653527259827e-01 7.400166243314743042e-02
1.520342230796813965e-01 4.040165841579437256e-01 3.699469119310379028e-01 7.400228083133697510e-02
8.513493686914443970e-01 1.242658235132694244e-01 2.188922441564500332e-02 2.495583379641175270e-03
1.520348787307739258e-01 4.040171504020690918e-01 3.699460178613662720e-01 7.400195300579071045e-02
1.520815491676330566e-01 4.040597677230834961e-01 3.698815256357192993e-01 7.397715747356414795e-02
1.520351171493530273e-01 4.040173888206481934e-01 3.699456900358200073e-01 7.400180399417877197e-02
1.520371437072753906e-01 4.040192067623138428e-01 3.699429035186767578e-01 7.400074601173400879e-02
1.522277593612670898e-01 4.041933119297027588e-01 3.696793764829635620e-01 7.389955222606658936e-02
4.046827554702758789e-02 1.871088743209838867e-01 5.188380181789398193e-01 2.535848319530487061e-01
1.520356535911560059e-01 4.040177464485168457e-01 3.699450418353080750e-01 7.400155812501907349e-02
9.155297279357910156e-02 3.216027021408081055e-01 4.623662978410720825e-01 1.244780272245407104e-01
1.578689813613891602e-01 4.091536104679107666e-01 3.619715198874473572e-01 7.100588828325271606e-02
1.578451395034790039e-01 4.091334342956542969e-01 3.620037287473678589e-01 7.101769745349884033e-02
1.578456163406372070e-01 4.091338515281677246e-01 3.620030656456947327e-01 7.101746648550033569e-02
1.579319238662719727e-01 4.092070460319519043e-01 3.618864044547080994e-01 7.097462564706802368e-02
1.944081187248229980e-01 4.332694411277770996e-01 3.162758015096187592e-01 5.604663863778114319e-02
1.578453779220581055e-01 4.091336727142333984e-01 3.620033934712409973e-01 7.101755589246749878e-02
1.578448414802551270e-01 4.091332256793975830e-01 3.620040938258171082e-01 7.101783901453018188e-02
1.578868627548217773e-01 4.091687798500061035e-01 3.619473725557327271e-01 7.099698483943939209e-02
1.578903198242187500e-01 4.091717004776000977e-01 3.619426935911178589e-01 7.099528610706329346e-02
1.578447818756103516e-01 4.091331660747528076e-01 3.620041832327842712e-01 7.101786881685256958e-02
1.578430533409118652e-01 4.091317653656005859e-01 3.620064631104469299e-01 7.101871818304061890e-02
9.398348107933998108e-01 5.108460318297147751e-02 8.164167578797787428e-03 9.164184448309242725e-04
1.578429341316223145e-01 4.091315269470214844e-01 3.620067238807678223e-01 7.101881504058837891e-02
1.578972935676574707e-01 4.091776907444000244e-01 3.619332164525985718e-01 7.099179923534393311e-02
1.578746438026428223e-01 4.091584086418151855e-01 3.619638904929161072e-01 7.100305706262588501e-02
7.234899401664733887e-01 2.246387116611003876e-01 4.642500588670372963e-02 5.446342285722494125e-03
6.621754467487335205e-01 2.697651386260986328e-01 6.080247880890965462e-02 7.256935816258192062e-03
1.578451395034790039e-01 4.091334640979766846e-01 3.620037138462066650e-01 7.101768255233764648e-02
1.578707098960876465e-01 4.091551899909973145e-01 3.619691208004951477e-01 7.100497931241989136e-02
1.597043275833129883e-01 4.106885790824890137e-01 3.595022931694984436e-01 7.010480016469955444e-02
1.597043275833129883e-01 4.106885790824890137e-01 3.595022931694984436e-01 7.010480016469955444e-02
1.597034931182861328e-01 4.106878638267517090e-01 3.595034405589103699e-01 7.010520249605178833e-02
1.597025394439697266e-01 4.106871485710144043e-01 3.595046401023864746e-01 7.010567188262939453e-02
1.597014665603637695e-01 4.106862246990203857e-01 3.595061227679252625e-01 7.010618597269058228e-02
1.597036123275756836e-01 4.106880426406860352e-01 3.595032170414924622e-01 7.010512799024581909e-02
1.597034931182861328e-01 4.106878638267517090e-01 3.595034405589103699e-01 7.010520249605178833e-02
1.597294211387634277e-01 4.107092618942260742e-01 3.594686985015869141e-01 7.009261846542358398e-02
1.597020626068115234e-01 4.106866121292114258e-01 3.595054075121879578e-01 7.010591775178909302e-02
1.598734855651855469e-01 4.108280837535858154e-01 3.592757135629653931e-01 7.002271711826324463e-02
1.597025990486145020e-01 4.106872677803039551e-01 3.595045283436775208e-01 7.010560482740402222e-02
1.597333550453186035e-01 4.107125103473663330e-01 3.594634160399436951e-01 7.009071856737136841e-02
1.597034931182861328e-01 4.106878936290740967e-01 3.595034107565879822e-01 7.010520249605178833e-02
1.597012877464294434e-01 4.106860160827636719e-01 3.595064058899879456e-01 7.010629028081893921e-02
5.623583793640136719e-01 3.374072313308715820e-01 8.920661546289920807e-02 1.102777384221553802e-02
1.597011685371398926e-01 4.106860160827636719e-01 3.595064952969551086e-01 7.010632008314132690e-02
1.597034931182861328e-01 4.106877446174621582e-01 3.595035299658775330e-01 7.010523229837417603e-02
1.597797274589538574e-01 4.107508957386016846e-01 3.594012036919593811e-01 7.006817311048507690e-02
1.597031354904174805e-01 4.106876552104949951e-01 3.595038503408432007e-01 7.010535895824432373e-02
1.582735180854797363e-01 4.094952940940856934e-01 3.614255934953689575e-01 7.080559432506561279e-02
7.388004064559936523e-01 2.130285315215587616e-01 4.313084436580538750e-02 5.040217656642198563e-03
1.582748293876647949e-01 4.094963967800140381e-01 3.614238202571868896e-01 7.080495357513427734e-02
1.582753062248229980e-01 4.094968140125274658e-01 3.614231571555137634e-01 7.080472260713577271e-02
1.582754254341125488e-01 4.094967842102050781e-01 3.614231050014495850e-01 7.080468535423278809e-02
7.993194013833999634e-01 1.659883297979831696e-01 3.110780799761414528e-02 3.584460821002721786e-03
1.584724187850952148e-01 4.096623957157135010e-01 3.611576557159423828e-01 7.070752978324890137e-02
1.583201885223388672e-01 4.095344841480255127e-01 3.613627552986145020e-01 7.078257203102111816e-02
1.582749485969543457e-01 4.094964563846588135e-01 3.614236861467361450e-01 7.080490887165069580e-02
1.583204865455627441e-01 4.095348119735717773e-01 3.613622859120368958e-01 7.078241556882858276e-02
1.582759022712707520e-01 4.094972908496856689e-01 3.614223748445510864e-01 7.080443203449249268e-02
1.582755446434020996e-01 4.094970524311065674e-01 3.614228144288063049e-01 7.080458849668502808e-02
1.582736968994140625e-01 4.094953835010528564e-01 3.614253848791122437e-01 7.080553472042083740e-02
1.582734584808349609e-01 4.094951748847961426e-01 3.614257350564002991e-01 7.080563157796859741e-02
2.376351952552795410e-01 4.476558864116668701e-01 2.707616165280342102e-01 4.394730180501937866e-02
1.582750678062438965e-01 4.094965159893035889e-01 3.614235594868659973e-01 7.080485671758651733e-02
1.582738757133483887e-01 4.094955623149871826e-01 3.614251390099525452e-01 7.080542296171188354e-02
1.582741141319274902e-01 4.094958603382110596e-01 3.614247441291809082e-01 7.080528140068054199e-02
1.582752466201782227e-01 4.094967246055603027e-01 3.614232763648033142e-01 7.080475240945816040e-02
1.553553938865661621e-01 4.069893658161163330e-01 3.653837740421295166e-01 7.227146625518798828e-02
1.552820205688476562e-01 4.069250524044036865e-01 3.654839321970939636e-01 7.230899482965469360e-02
1.417374610900878906e-01 3.939394354820251465e-01 3.844870403409004211e-01 7.983606308698654175e-02
1.552820205688476562e-01 4.069250524044036865e-01 3.654839321970939636e-01 7.230899482965469360e-02
2.997938990592956543e-01 4.496417045593261719e-01 2.181822694838047028e-01 3.238212689757347107e-02
1.552805900573730469e-01 4.069237112998962402e-01 3.654859662055969238e-01 7.230973243713378906e-02
1.554514169692993164e-01 4.070732891559600830e-01 3.652528375387191772e-01 7.222245633602142334e-02
1.552818417549133301e-01 4.069248139858245850e-01 3.654842525720596313e-01 7.230909168720245361e-02
1.553067564964294434e-01 4.069467484951019287e-01 3.654501661658287048e-01 7.229632884263992310e-02
1.552822589874267578e-01 4.069253802299499512e-01 3.654835298657417297e-01 7.230883091688156128e-02
6.119252741336822510e-01 3.048483505845069885e-01 7.422131299972534180e-02 9.005062282085418701e-03
1.552812457084655762e-01 4.069244563579559326e-01 3.654849529266357422e-01 7.230934500694274902e-02
1.552827954292297363e-01 4.069257378578186035e-01 3.654828891158103943e-01 7.230857759714126587e-02
1.553077101707458496e-01 4.069475829601287842e-01 3.654488623142242432e-01 7.229584455490112305e-02
1.552817821502685547e-01 4.069246947765350342e-01 3.654843866825103760e-01 7.230913639068603516e-02
1.552812457084655762e-01 4.069242775440216064e-01 3.654850870370864868e-01 7.230938971042633057e-02
1.615571379661560059e-01 4.121999442577362061e-01 3.570287153124809265e-01 6.921420246362686157e-02
1.552820205688476562e-01 4.069249629974365234e-01 3.654840216040611267e-01 7.230899482965469360e-02
1.552816033363342285e-01 4.069245457649230957e-01 3.654846325516700745e-01 7.230921834707260132e-02
1.509290337562561035e-01 4.029981195926666260e-01 3.714791610836982727e-01 7.459368556737899780e-02
1.509315967559814453e-01 4.030005335807800293e-01 3.714755848050117493e-01 7.459228485822677612e-02
8.722764253616333008e-02 3.131046295166015625e-01 4.692811816930770874e-01 1.303865462541580200e-01
1.509292125701904297e-01 4.029982984066009521e-01 3.714789003133773804e-01 7.459358870983123779e-02
2.733343243598937988e-01 4.510098099708557129e-01 2.389612272381782532e-01 3.669463843107223511e-02
1.509283781051635742e-01 4.029974937438964844e-01 3.714800775051116943e-01 7.459405064582824707e-02
1.509296298027038574e-01 4.029985964298248291e-01 3.714784011244773865e-01 7.459337264299392700e-02
1.511572599411010742e-01 4.032095670700073242e-01 3.711622580885887146e-01 7.447091490030288696e-02
1.509301662445068359e-01 4.029991030693054199e-01 3.714776337146759033e-01 7.459309697151184082e-02
1.509300470352172852e-01 4.029991328716278076e-01 3.714777082204818726e-01 7.459311187267303467e-02
8.128100484609603882e-01 1.552753821015357971e-01 2.862559095956385136e-02 3.288978477939963341e-03
1.509286165237426758e-01 4.029977023601531982e-01 3.714797645807266235e-01 7.459391653537750244e-02
1.509288549423217773e-01 4.029979407787322998e-01 3.714794367551803589e-01 7.459376752376556396e-02
1.510334610939025879e-01 4.030948877334594727e-01 3.713341653347015381e-01 7.453748583793640137e-02
1.509482860565185547e-01 4.030160009860992432e-01 3.714523911476135254e-01 7.458332180976867676e-02
1.509282588958740234e-01 4.029974043369293213e-01 3.714802414178848267e-01 7.459409534931182861e-02
1.509295701980590820e-01 4.029986262321472168e-01 3.714784160256385803e-01 7.459338754415512085e-02
1.509302258491516113e-01 4.029992818832397461e-01 3.714774623513221741e-01 7.459302991628646851e-02
1.509305834770202637e-01 4.029996395111083984e-01 3.714769482612609863e-01 7.459282875061035156e-02
1.136797666549682617e-01 3.588955998420715332e-01 4.269369393587112427e-01 1.004876941442489624e-01
1.594972014427185059e-01 4.105172753334045410e-01 3.597800061106681824e-01 7.020551711320877075e-02
1.595441102981567383e-01 4.105560481548309326e-01 3.597171306610107422e-01 7.018271088600158691e-02
1.594974398612976074e-01 4.105174839496612549e-01 3.597796484827995300e-01 7.020542770624160767e-02
1.175292730331420898e-01 3.644400238990783691e-01 4.208957776427268982e-01 9.713492542505264282e-02
1.595937013626098633e-01 4.105971157550811768e-01 3.596505969762802124e-01 7.015858590602874756e-02
1.594941616058349609e-01 4.105147421360015869e-01 3.597840815782546997e-01 7.020701467990875244e-02
4.397117495536804199e-01 4.060255736112594604e-01 1.363325156271457672e-01 1.793016120791435242e-02
1.594976782798767090e-01 4.105176925659179688e-01 3.597793281078338623e-01 7.020530104637145996e-02
1.594955325126647949e-01 4.105158150196075439e-01 3.597822934389114380e-01 7.020635902881622314e-02
1.595439910888671875e-01 4.105560779571533203e-01 3.597171902656555176e-01 7.018274068832397461e-02
1.595963835716247559e-01 4.105994105339050293e-01 3.596469461917877197e-01 7.015725970268249512e-02
5.768499374389648438e-01 3.281226605176925659e-01 8.462606929242610931e-02 1.040133275091648102e-02
1.595815420150756836e-01 4.105871617794036865e-01 3.596668243408203125e-01 7.016447186470031738e-02
1.595252156257629395e-01 4.105404913425445557e-01 3.597424030303955078e-01 7.019189000129699707e-02
1.594974398612976074e-01 4.105174839496612549e-01 3.597796484827995300e-01 7.020542770624160767e-02
8.711666762828826904e-01 1.081027649343013763e-01 1.861606724560260773e-02 2.114491537213325500e-03
1.594960093498229980e-01 4.105162620544433594e-01 3.597816154360771179e-01 7.020611315965652466e-02
1.594965457916259766e-01 4.105166494846343994e-01 3.597809448838233948e-01 7.020585983991622925e-02
1.573112607002258301e-01 4.086797535419464111e-01 3.627255186438560486e-01 7.128346711397171021e-02
1.570283770561218262e-01 4.084379673004150391e-01 3.631086871027946472e-01 7.142496854066848755e-02
8.766377121210098267e-01 1.036161240190267563e-01 1.773389591835439205e-02 2.012267941609025002e-03
1.570275425910949707e-01 4.084371626377105713e-01 3.631098791956901550e-01 7.142541557550430298e-02
1.570266485214233398e-01 4.084365367889404297e-01 3.631109893321990967e-01 7.142582535743713379e-02
1.570266485214233398e-01 4.084365963935852051e-01 3.631109446287155151e-01 7.142581045627593994e-02
1.570257544517517090e-01 4.084356427192687988e-01 3.631122857332229614e-01 7.142631709575653076e-02
1.570271849632263184e-01 4.084368646144866943e-01 3.631103634834289551e-01 7.142558693885803223e-02
1.570273637771606445e-01 4.084370732307434082e-01 3.631100729107856750e-01 7.142549008131027222e-02
1.570273637771606445e-01 4.084370434284210205e-01 3.631101027131080627e-01 7.142549008131027222e-02
1.570545434951782227e-01 4.084603190422058105e-01 3.630732595920562744e-01 7.141187787055969238e-02
1.570278406143188477e-01 4.084375500679016113e-01 3.631093725562095642e-01 7.142523676156997681e-02
1.570265293121337891e-01 4.084363877773284912e-01 3.631111755967140198e-01 7.142590731382369995e-02
1.570271849632263184e-01 4.084369838237762451e-01 3.631102740764617920e-01 7.142555713653564453e-02
3.532037734985351562e-01 4.391048997640609741e-01 1.821236051619052887e-01 2.556772157549858093e-02
1.570254564285278320e-01 4.084355235099792480e-01 3.631126061081886292e-01 7.142641395330429077e-02
1.570785045623779297e-01 4.084809124469757080e-01 3.630407378077507019e-01 7.139984518289566040e-02
1.570267677307128906e-01 4.084365069866180420e-01 3.631109148263931274e-01 7.142581045627593994e-02
1.570270657539367676e-01 4.084368944168090820e-01 3.631104230880737305e-01 7.142561674118041992e-02
1.448467373847961426e-01 3.971241116523742676e-01 3.800341263413429260e-01 7.799502462148666382e-02
1.448486447334289551e-01 3.971259891986846924e-01 3.800314366817474365e-01 7.799392938613891602e-02
1.449143886566162109e-01 3.971919715404510498e-01 3.799378722906112671e-01 7.795576751232147217e-02
1.449307799339294434e-01 3.972085118293762207e-01 3.799144700169563293e-01 7.794623821973800659e-02
1.448699831962585449e-01 3.971474766731262207e-01 3.800010085105895996e-01 7.798153162002563477e-02
1.448484659194946289e-01 3.971258699893951416e-01 3.800316527485847473e-01 7.799401134252548218e-02
1.267880797386169434e-01 3.767676055431365967e-01 4.066255092620849609e-01 8.981880545616149902e-02
1.448471546173095703e-01 3.971245884895324707e-01 3.800334930419921875e-01 7.799476385116577148e-02
1.777294874191284180e-01 4.238562881946563721e-01 3.362446315586566925e-01 6.216959282755851746e-02
1.448476314544677734e-01 3.971250057220458984e-01 3.800328746438026428e-01 7.799448817968368530e-02
1.448479294776916504e-01 3.971253633499145508e-01 3.800323903560638428e-01 7.799431681632995605e-02
1.448484063148498535e-01 3.971257507801055908e-01 3.800317570567131042e-01 7.799408584833145142e-02
1.448485851287841797e-01 3.971258699893951416e-01 3.800315633416175842e-01 7.799398154020309448e-02
1.448484063148498535e-01 3.971258401870727539e-01 3.800317049026489258e-01 7.799404859542846680e-02
3.258217573165893555e-01 4.456675350666046143e-01 1.997165475040674210e-01 2.879416011273860931e-02
1.448486447334289551e-01 3.971261084079742432e-01 3.800313547253608704e-01 7.799389213323593140e-02
1.448476910591125488e-01 3.971250653266906738e-01 3.800327628850936890e-01 7.799448072910308838e-02
1.448480486869812012e-01 3.971254825592041016e-01 3.800322338938713074e-01 7.799423485994338989e-02
1.306030154228210449e-01 3.814563453197479248e-01 4.008647724986076355e-01 8.707586675882339478e-02
1.584722399711608887e-01 4.096623659133911133e-01 3.611578047275543213e-01 7.070758938789367676e-02
1.584727168083190918e-01 4.096628129482269287e-01 3.611571267247200012e-01 7.070734351873397827e-02
1.584964394569396973e-01 4.096827208995819092e-01 3.611251860857009888e-01 7.069565355777740479e-02
1.584997773170471191e-01 4.096854031085968018e-01 3.611207902431488037e-01 7.069402933120727539e-02
1.584727168083190918e-01 4.096628725528717041e-01 3.611570894718170166e-01 7.070732116699218750e-02
2.320718765258789062e-01 4.465040564537048340e-01 2.761574052274227142e-01 4.526666179299354553e-02
1.584734916687011719e-01 4.096634685993194580e-01 3.611560761928558350e-01 7.070696353912353516e-02
8.556471616029739380e-01 1.207725554704666138e-01 2.116882125847041607e-02 2.411461668089032173e-03
1.584732532501220703e-01 4.096632599830627441e-01 3.611564114689826965e-01 7.070707529783248901e-02
1.585572361946105957e-01 4.097337424755096436e-01 3.610433116555213928e-01 7.066570967435836792e-02
1.584722995758056641e-01 4.096624851226806641e-01 3.611576855182647705e-01 7.070752978324890137e-02
9.574427232146263123e-01 3.623478394001722336e-02 5.686015705578029156e-03 6.364771397784352303e-04
1.586252450942993164e-01 4.097907841205596924e-01 3.609517291188240051e-01 7.063224166631698608e-02
1.585217714309692383e-01 4.097039997577667236e-01 3.610910698771476746e-01 7.068315893411636353e-02
4.957681894302368164e-02 2.175008058547973633e-01 5.174291580915451050e-01 2.154932171106338501e-01
1.585001945495605469e-01 4.096857607364654541e-01 3.611202090978622437e-01 7.069383561611175537e-02
1.584712862968444824e-01 4.096616208553314209e-01 3.611590638756752014e-01 7.070802897214889526e-02
1.584700345993041992e-01 4.096604585647583008e-01 3.611608222126960754e-01 7.070868462324142456e-02
1.584728956222534180e-01 4.096629321575164795e-01 3.611569255590438843e-01 7.070724666118621826e-02
1.668792963027954102e-01 4.163334965705871582e-01 3.500299528241157532e-01 6.675725430250167847e-02
5.551421940326690674e-01 3.419526442885398865e-01 9.155356045812368393e-02 1.135160122066736221e-02
1.668696999549865723e-01 4.163264036178588867e-01 3.500423654913902283e-01 6.676153093576431274e-02
1.668585538864135742e-01 4.163179099559783936e-01 3.500569760799407959e-01 6.676656007766723633e-02
1.668356060981750488e-01 4.163008034229278564e-01 3.500867709517478943e-01 6.677681952714920044e-02
4.282304644584655762e-01 4.113095551729202271e-01 1.416879296302795410e-01 1.877205073833465576e-02
1.668049097061157227e-01 4.162778556346893311e-01 3.501266539096832275e-01 6.679058074951171875e-02
1.668762564659118652e-01 4.163311719894409180e-01 3.500339463353157043e-01 6.675862520933151245e-02
1.668095588684082031e-01 4.162813425064086914e-01 3.501206114888191223e-01 6.678848713636398315e-02
1.668507456779479980e-01 4.163121581077575684e-01 3.500670641660690308e-01 6.677003204822540283e-02
1.668057441711425781e-01 4.162783622741699219e-01 3.501256555318832397e-01 6.679023802280426025e-02
1.668310165405273438e-01 4.162973463535308838e-01 3.500927463173866272e-01 6.677889078855514526e-02
1.668179035186767578e-01 4.162875711917877197e-01 3.501097857952117920e-01 6.678473949432373047e-02
1.668550968170166016e-01 4.163152575492858887e-01 3.500615134835243225e-01 6.676813215017318726e-02
1.531704664230346680e-01 4.050482809543609619e-01 3.683788031339645386e-01 7.340244948863983154e-02
8.891449421644210815e-01 9.332100674510002136e-02 1.575082633644342422e-02 1.783224754035472870e-03
1.668534874916076660e-01 4.163141846656799316e-01 3.500635102391242981e-01 6.676881760358810425e-02
1.668059825897216797e-01 4.162786304950714111e-01 3.501252681016921997e-01 6.679011881351470947e-02
1.668055653572082520e-01 4.162783622741699219e-01 3.501258045434951782e-01 6.679026782512664795e-02
1.475811600685119629e-01 3.998221457004547119e-01 3.761624246835708618e-01 7.643426954746246338e-02
7.376003265380859375e-02 2.836936712265014648e-01 4.900549650192260742e-01 1.524913311004638672e-01
1.475802659988403320e-01 3.998211920261383057e-01 3.761637285351753235e-01 7.643481343984603882e-02
1.477825641632080078e-01 4.000172019004821777e-01 3.758788481354713440e-01 7.632138580083847046e-02
1.475805044174194336e-01 3.998215496540069580e-01 3.761633038520812988e-01 7.643464207649230957e-02
5.746573209762573242e-02 2.412333488464355469e-01 5.110107511281967163e-01 1.902901679277420044e-01
1.475808620452880859e-01 3.998218178749084473e-01 3.761628642678260803e-01 7.643445581197738647e-02
1.475809812545776367e-01 3.998219072818756104e-01 3.761627078056335449e-01 7.643440365791320801e-02
1.476052403450012207e-01 3.998454511165618896e-01 3.761285170912742615e-01 7.642079144716262817e-02
1.476296186447143555e-01 3.998691439628601074e-01 3.760941550135612488e-01 7.640708237886428833e-02
1.476259827613830566e-01 3.998656272888183594e-01 3.760992586612701416e-01 7.640913128852844238e-02
1.191976666450500488e-01 3.667644262313842773e-01 4.182961136102676392e-01 9.574179351329803467e-02
1.476245522499084473e-01 3.998641669750213623e-01 3.761013224720954895e-01 7.640995830297470093e-02
1.476038098335266113e-01 3.998440504074096680e-01 3.761305585503578186e-01 7.642158120870590210e-02
1.268651485443115234e-01 3.768645823001861572e-01 4.065083637833595276e-01 8.976190537214279175e-02
1.475797295570373535e-01 3.998206555843353271e-01 3.761645033955574036e-01 7.643511146306991577e-02
1.476057171821594238e-01 3.998460471630096436e-01 3.761277496814727783e-01 7.642048597335815430e-02
1.475806236267089844e-01 3.998215198516845703e-01 3.761632293462753296e-01 7.643462717533111572e-02
1.475799083709716797e-01 3.998208642005920410e-01 3.761642128229141235e-01 7.643501460552215576e-02
1.578288674354553223e-01 4.091197848320007324e-01 3.620256111025810242e-01 7.102573662996292114e-02
1.578308939933776855e-01 4.091214835643768311e-01 3.620228767395019531e-01 7.102474570274353027e-02
1.578296422958374023e-01 4.091202616691589355e-01 3.620247021317481995e-01 7.102539390325546265e-02
1.578574776649475098e-01 4.091438353061676025e-01 3.619871065020561218e-01 7.101158052682876587e-02
1.578546762466430664e-01 4.091415405273437500e-01 3.619908168911933899e-01 7.101296633481979370e-02
1.578872203826904297e-01 4.091691672801971436e-01 3.619468137621879578e-01 7.099679857492446899e-02
1.578583121299743652e-01 4.091446101665496826e-01 3.619859367609024048e-01 7.101114094257354736e-02
1.578781008720397949e-01 4.091613888740539551e-01 3.619591817259788513e-01 7.100132852792739868e-02
1.578314900398254395e-01 4.091218709945678711e-01 3.620221614837646484e-01 7.102447748184204102e-02
1.549765467643737793e-01 4.066566526889801025e-01 3.659012988209724426e-01 7.246550172567367554e-02
1.578294634819030762e-01 4.091202616691589355e-01 3.620248213410377502e-01 7.102545350790023804e-02
1.578791141510009766e-01 4.091622531414031982e-01 3.619578108191490173e-01 7.100082188844680786e-02
1.578304171562194824e-01 4.091209769248962402e-01 3.620235919952392578e-01 7.102501392364501953e-02
1.578870415687561035e-01 4.091689884662628174e-01 3.619470819830894470e-01 7.099688798189163208e-02
7.935178279876708984e-02 2.964740991592407227e-01 4.816305935382843018e-01 1.425435245037078857e-01
2.159558534622192383e-01 4.420663118362426758e-01 2.925297319889068604e-01 4.944810271263122559e-02
1.579393744468688965e-01 4.092132449150085449e-01 3.618764281272888184e-01 7.097095251083374023e-02
1.578306555747985840e-01 4.091212153434753418e-01 3.620232418179512024e-01 7.102488726377487183e-02
1.578316688537597656e-01 4.091219902038574219e-01 3.620219603180885315e-01 7.102438062429428101e-02
1.600158810615539551e-01 4.109453856945037842e-01 3.590850085020065308e-01 6.995372474193572998e-02
7.769352197647094727e-02 2.927717566490173340e-01 4.841670095920562744e-01 1.453677117824554443e-01
1.598600745201110840e-01 4.108170568943023682e-01 3.592936471104621887e-01 7.002922147512435913e-02
1.598868370056152344e-01 4.108391702175140381e-01 3.592577651143074036e-01 7.001622766256332397e-02
1.598888635635375977e-01 4.108407497406005859e-01 3.592551201581954956e-01 7.001526653766632080e-02
1.598594188690185547e-01 4.108164906501770020e-01 3.592945411801338196e-01 7.002954930067062378e-02
7.775394320487976074e-01 1.831164062023162842e-01 3.526141773909330368e-02 4.082744009792804718e-03
1.598607897758483887e-01 4.108176827430725098e-01 3.592926561832427979e-01 7.002887129783630371e-02
1.823890209197998047e-01 4.267368316650390625e-01 3.305195532739162445e-01 6.035459414124488831e-02
1.598889231681823730e-01 4.108408689498901367e-01 3.592549711465835571e-01 7.001523673534393311e-02
1.598615050315856934e-01 4.108181893825531006e-01 3.592917844653129578e-01 7.002852112054824829e-02
1.598618626594543457e-01 4.108185172080993652e-01 3.592912852764129639e-01 7.002833485603332520e-02
1.598613262176513672e-01 4.108181893825531006e-01 3.592918962240219116e-01 7.002858817577362061e-02
1.598882675170898438e-01 4.108402729034423828e-01 3.592559099197387695e-01 7.001554965972900391e-02
1.305848360061645508e-01 3.814344108104705811e-01 4.008921161293983459e-01 8.708863705396652222e-02
1.598608493804931641e-01 4.108177125453948975e-01 3.592926040291786194e-01 7.002883404493331909e-02
1.599616408348083496e-01 4.109007716178894043e-01 3.591576144099235535e-01 6.997997313737869263e-02
1.599187850952148438e-01 4.108654558658599854e-01 3.592150211334228516e-01 7.000073790550231934e-02
8.182707279920578003e-01 1.509174164384603500e-01 2.763975923880934715e-02 3.172096330672502518e-03
7.539649903774261475e-01 2.014077194035053253e-01 3.997337725013494492e-02 4.653912968933582306e-03
1.541297435760498047e-01 4.059073030948638916e-01 3.670606464147567749e-01 7.290230691432952881e-02
1.541782617568969727e-01 4.059505164623260498e-01 3.669940829277038574e-01 7.287713885307312012e-02
1.542508006095886230e-01 4.060150980949401855e-01 3.668945506215095520e-01 7.283955067396163940e-02
1.541290283203125000e-01 4.059067368507385254e-01 3.670615777373313904e-01 7.290265709161758423e-02
1.541815996170043945e-01 4.059534668922424316e-01 3.669895008206367493e-01 7.287543267011642456e-02
1.541299819946289062e-01 4.059075713157653809e-01 3.670602738857269287e-01 7.290217280387878418e-02
4.446482658386230469e-02 2.008628845214843750e-01 5.192490816116333008e-01 2.354232072830200195e-01
1.541537046432495117e-01 4.059286117553710938e-01 3.670277819037437439e-01 7.288990169763565063e-02
1.541305780410766602e-01 4.059081077575683594e-01 3.670594617724418640e-01 7.290185242891311646e-02
1.541303396224975586e-01 4.059078693389892578e-01 3.670598119497299194e-01 7.290197908878326416e-02
7.502219825983047485e-01 2.042869366705417633e-01 4.074324294924736023e-02 4.747837781906127930e-03
1.541293859481811523e-01 4.059071242809295654e-01 3.670610263943672180e-01 7.290246337652206421e-02
1.541562676429748535e-01 4.059309065341949463e-01 3.670242652297019958e-01 7.288856059312820435e-02
1.541293859481811523e-01 4.059071242809295654e-01 3.670610263943672180e-01 7.290246337652206421e-02
7.895641475915908813e-01 1.736861914396286011e-01 3.294535656459629536e-02 3.804304404184222221e-03
1.541294455528259277e-01 4.059072434902191162e-01 3.670609071850776672e-01 7.290240377187728882e-02
1.541291475296020508e-01 4.059067964553833008e-01 3.670614287257194519e-01 7.290262728929519653e-02
1.541284322738647461e-01 4.059063196182250977e-01 3.670623004436492920e-01 7.290294766426086426e-02
1.563599705696105957e-01 4.078630208969116211e-01 3.640158101916313171e-01 7.176119834184646606e-02
1.563597917556762695e-01 4.078628420829772949e-01 3.640160709619522095e-01 7.176129519939422607e-02
1.564282774925231934e-01 4.079220890998840332e-01 3.639229238033294678e-01 7.172670960426330566e-02
1.850608587265014648e-01 4.282984733581542969e-01 3.272885642945766449e-01 5.935210362076759338e-02
1.563848257064819336e-01 4.078844785690307617e-01 3.639820441603660583e-01 7.174865156412124634e-02
1.564072966575622559e-01 4.079038798809051514e-01 3.639515116810798645e-01 7.173731178045272827e-02
1.563589572906494141e-01 4.078620970249176025e-01 3.640172183513641357e-01 7.176172733306884766e-02
2.695681452751159668e-01 4.509572982788085938e-01 2.421007789671421051e-01 3.737377747893333435e-02
1.563602089881896973e-01 4.078632891178131104e-01 3.640154302120208740e-01 7.176107168197631836e-02
1.563866138458251953e-01 4.078860282897949219e-01 3.639796078205108643e-01 7.174775004386901855e-02
1.563580036163330078e-01 4.078614711761474609e-01 3.640183731913566589e-01 7.176215201616287231e-02
1.564118266105651855e-01 4.079078137874603271e-01 3.639453351497650146e-01 7.173502445220947266e-02
1.564999222755432129e-01 4.079838097095489502e-01 3.638256788253784180e-01 7.169058918952941895e-02
1.710575819015502930e-01 4.193700551986694336e-01 3.446452915668487549e-01 6.492707133293151855e-02
1.564417481422424316e-01 4.079336822032928467e-01 3.639046549797058105e-01 7.171991467475891113e-02
8.220859020948410034e-01 1.478654481470584869e-01 2.695730957202613354e-02 3.091340186074376106e-03
1.563887596130371094e-01 4.078878462314605713e-01 3.639767095446586609e-01 7.174668461084365845e-02
1.563593149185180664e-01 4.078625440597534180e-01 3.640166223049163818e-01 7.176151871681213379e-02
1.563583016395568848e-01 4.078615307807922363e-01 3.640181124210357666e-01 7.176205515861511230e-02
1.524574160575866699e-01 4.044026434421539307e-01 3.693620264530181885e-01 7.377791404724121094e-02
1.523723602294921875e-01 4.043251872062683105e-01 3.694795221090316772e-01 7.382293045520782471e-02
9.327590465545654297e-02 3.248692750930786133e-01 4.595983922481536865e-01 1.222564280033111572e-01
1.523707509040832520e-01 4.043237566947937012e-01 3.694817200303077698e-01 7.382377237081527710e-02
1.523721814155578613e-01 4.043250381946563721e-01 3.694797530770301819e-01 7.382302731275558472e-02
1.523968577384948730e-01 4.043474495410919189e-01 3.694457039237022400e-01 7.380998879671096802e-02
7.180887460708618164e-02 2.790319919586181641e-01 4.928936213254928589e-01 1.562655121088027954e-01
1.524521708488464355e-01 4.043978154659271240e-01 3.693692982196807861e-01 7.378071546554565430e-02
1.232336759567260742e-01 3.721979856491088867e-01 4.120572060346603394e-01 9.251113235950469971e-02
1.524116396903991699e-01 4.043609797954559326e-01 3.694252446293830872e-01 7.380213588476181030e-02
1.523954868316650391e-01 4.043462276458740234e-01 3.694476038217544556e-01 7.381068170070648193e-02
1.524113416671752930e-01 4.043606817722320557e-01 3.694256842136383057e-01 7.380229234695434570e-02
1.523719429969787598e-01 4.043247997760772705e-01 3.694801032543182373e-01 7.382315397262573242e-02
1.523776650428771973e-01 4.043300747871398926e-01 3.694721683859825134e-01 7.382009178400039673e-02
7.986235618591308594e-02 2.975996732711791992e-01 4.808440506458282471e-01 1.416939198970794678e-01
1.524495482444763184e-01 4.043954014778137207e-01 3.693729266524314880e-01 7.378212362527847290e-02
1.523725986480712891e-01 4.043254554271697998e-01 3.694791495800018311e-01 7.382279634475708008e-02
1.523730158805847168e-01 4.043259322643280029e-01 3.694785162806510925e-01 7.382253557443618774e-02
1.524025201797485352e-01 4.043525457382202148e-01 3.694379478693008423e-01 7.380698621273040771e-02
1.600928306579589844e-01 4.110086560249328613e-01 3.589820116758346558e-01 6.991650164127349854e-02
1.601340770721435547e-01 4.110424518585205078e-01 3.589269071817398071e-01 6.989656388759613037e-02
5.716782808303833008e-02 2.403777837753295898e-01 5.113134086132049561e-01 1.911409795284271240e-01
1.600906848907470703e-01 4.110068678855895996e-01 3.589849099516868591e-01 6.991753727197647095e-02
9.129319265484809875e-01 7.359975390136241913e-02 1.210365560837090015e-02 1.364663941785693169e-03
1.601462960243225098e-01 4.110525548458099365e-01 3.589105010032653809e-01 6.989064812660217285e-02
1.600919961929321289e-01 4.110079705715179443e-01 3.589831292629241943e-01 6.991690397262573242e-02
1.601284146308898926e-01 4.110378026962280273e-01 3.589344844222068787e-01 6.989929825067520142e-02
1.600931882858276367e-01 4.110088646411895752e-01 3.589816018939018250e-01 6.991634517908096313e-02
1.600909829139709473e-01 4.110071659088134766e-01 3.589844778180122375e-01 6.991737335920333862e-02
1.601247787475585938e-01 4.110348522663116455e-01 3.589393049478530884e-01 6.990106403827667236e-02
1.600921154022216797e-01 4.110079705715179443e-01 3.589830324053764343e-01 6.991688162088394165e-02
1.601982116699218750e-01 4.110951721668243408e-01 3.588410392403602600e-01 6.986557692289352417e-02
1.602307558059692383e-01 4.111218154430389404e-01 3.587975651025772095e-01 6.984986364841461182e-02
1.600942015647888184e-01 4.110096991062164307e-01 3.589802458882331848e-01 6.991585344076156616e-02
1.064154505729675293e-01 3.477123975753784180e-01 4.384761378169059753e-01 1.073960140347480774e-01
1.855260729789733887e-01 4.285638928413391113e-01 3.267297670245170593e-01 5.918026715517044067e-02
1.600921154022216797e-01 4.110080599784851074e-01 3.589829802513122559e-01 6.991684436798095703e-02
1.600925326347351074e-01 4.110083878040313721e-01 3.589824363589286804e-01 6.991664320230484009e-02
1.582971811294555664e-01 4.095152020454406738e-01 3.613936901092529297e-01 7.079392671585083008e-02
1.582558155059814453e-01 4.094803035259246826e-01 3.614495322108268738e-01 7.081434875726699829e-02
1.582806110382080078e-01 4.095011949539184570e-01 3.614160791039466858e-01 7.080211490392684937e-02
1.583246588706970215e-01 4.095382094383239746e-01 3.613567501306533813e-01 7.078038156032562256e-02
1.582822203636169434e-01 4.095025360584259033e-01 3.614139109849929810e-01 7.080133259296417236e-02
1.582540273666381836e-01 4.094788730144500732e-01 3.614518716931343079e-01 7.081522792577743530e-02
1.583023667335510254e-01 4.095195233821868896e-01 3.613867536187171936e-01 7.079135626554489136e-02
1.582905054092407227e-01 4.095095694065093994e-01 3.614027053117752075e-01 7.079721987247467041e-02
7.734839916229248047e-01 1.862818561494350433e-01 3.605558443814516068e-02 4.178567789494991302e-03
1.582559943199157715e-01 4.094804823398590088e-01 3.614492714405059814e-01 7.081425189971923828e-02
1.583320498466491699e-01 4.095445871353149414e-01 3.613466545939445496e-01 7.077670842409133911e-02
6.727244555950164795e-01 2.621695920825004578e-01 5.818353267386555672e-02 6.922419648617506027e-03
1.284276843070983887e-01 3.788096606731414795e-01 4.041406735777854919e-01 8.862198144197463989e-02
7.520492523908615112e-01 2.028822377324104309e-01 4.036663984879851341e-02 4.701870027929544449e-03
1.583942174911499023e-01 4.095967411994934082e-01 3.612629994750022888e-01 7.074604183435440063e-02
1.583158373832702637e-01 4.095309972763061523e-01 3.613684922456741333e-01 7.078467309474945068e-02
1.582896113395690918e-01 4.095087647438049316e-01 3.614039495587348938e-01 7.079767435789108276e-02
1.582526564598083496e-01 4.094777703285217285e-01 3.614536896347999573e-01 7.081588357686996460e-02
2.514798045158386230e-01 4.497474431991577148e-01 2.578692063689231873e-01 4.090354591608047485e-02
1.574292182922363281e-01 4.087801277637481689e-01 3.625660091638565063e-01 7.122464478015899658e-02
1.574306488037109375e-01 4.087813794612884521e-01 3.625640496611595154e-01 7.122392207384109497e-02
1.574302315711975098e-01 4.087809622287750244e-01 3.625646606087684631e-01 7.122414559125900269e-02
1.574306488037109375e-01 4.087814390659332275e-01 3.625640198588371277e-01 7.122389227151870728e-02
1.575803756713867188e-01 4.089089334011077881e-01 3.623614311218261719e-01 7.114925980567932129e-02
1.574500203132629395e-01 4.087978601455688477e-01 3.625378534197807312e-01 7.121426612138748169e-02
1.576092243194580078e-01 4.089334309101104736e-01 3.623224198818206787e-01 7.113492488861083984e-02
1.574319601058959961e-01 4.087826907634735107e-01 3.625621199607849121e-01 7.122322916984558105e-02
1.578267812728881836e-01 4.091179072856903076e-01 3.620285019278526306e-01 7.102680951356887817e-02
1.574310660362243652e-01 4.087818264961242676e-01 3.625634014606475830e-01 7.122370600700378418e-02
1.574609875679016113e-01 4.088073968887329102e-01 3.625228628516197205e-01 7.120875269174575806e-02
1.574304699897766113e-01 4.087812602519989014e-01 3.625642508268356323e-01 7.122401893138885498e-02
1.574779152870178223e-01 4.088217318058013916e-01 3.625000268220901489e-01 7.120032608509063721e-02
4.807040095329284668e-01 3.853675276041030884e-01 1.186856608837842941e-01 1.524280197918415070e-02
1.574719548225402832e-01 4.088165163993835449e-01 3.625082001090049744e-01 7.120332866907119751e-02
1.575178503990173340e-01 4.088557660579681396e-01 3.624459803104400635e-01 7.118040323257446289e-02
1.574738025665283203e-01 4.088182151317596436e-01 3.625055998563766479e-01 7.120238244533538818e-02
1.574319601058959961e-01 4.087826907634735107e-01 3.625621199607849121e-01 7.122322916984558105e-02
7.308787703514099121e-01 2.190513983368873596e-01 4.482156829908490181e-02 5.248263012617826462e-03
1.525201797485351562e-01 4.044596254825592041e-01 3.692754283547401428e-01 7.374476641416549683e-02
1.525210142135620117e-01 4.044604301452636719e-01 3.692742586135864258e-01 7.374429702758789062e-02
1.525219678878784180e-01 4.044613242149353027e-01 3.692729026079177856e-01 7.374380528926849365e-02
1.525552868843078613e-01 4.044914543628692627e-01 3.692270368337631226e-01 7.372622191905975342e-02
5.260068178176879883e-02 2.268661260604858398e-01 5.154005289077758789e-01 2.051326632499694824e-01
1.525692343711853027e-01 4.045042693614959717e-01 3.692076653242111206e-01 7.371883094310760498e-02
1.525810956954956055e-01 4.045151472091674805e-01 3.691912144422531128e-01 7.371254265308380127e-02
1.525192856788635254e-01 4.044589996337890625e-01 3.692765384912490845e-01 7.374517619609832764e-02
1.525382995605468750e-01 4.044761657714843750e-01 3.692503571510314941e-01 7.373517751693725586e-02
1.525203585624694824e-01 4.044597744941711426e-01 3.692751824855804443e-01 7.374468445777893066e-02
1.525212526321411133e-01 4.044606983661651611e-01 3.692738786339759827e-01 7.374417036771774292e-02
1.525639891624450684e-01 4.044995605945587158e-01 3.692148476839065552e-01 7.372160255908966064e-02
1.525215506553649902e-01 4.044609069824218750e-01 3.692735061049461365e-01 7.374403625726699829e-02
1.525218486785888672e-01 4.044613242149353027e-01 3.692729845643043518e-01 7.374384254217147827e-02
1.526141762733459473e-01 4.045450985431671143e-01 3.691456243395805359e-01 7.369510084390640259e-02
9.519386291503906250e-02 3.284284472465515137e-01 4.565122649073600769e-01 1.198654249310493469e-01
4.886150360107421875e-01 3.810880780220031738e-01 1.155223101377487183e-01 1.477457582950592041e-02
1.525208353996276855e-01 4.044604003429412842e-01 3.692744076251983643e-01 7.374435663223266602e-02
1.525206565856933594e-01 4.044601619243621826e-01 3.692746907472610474e-01 7.374449074268341064e-02
1.559382677078247070e-01 4.074976742267608643e-01 3.645893707871437073e-01 7.197468727827072144e-02
6.591677665710449219e-02 2.642816901206970215e-01 5.010271817445755005e-01 1.687743514776229858e-01
1.559058427810668945e-01 4.074694812297821045e-01 3.646335229277610779e-01 7.199115306138992310e-02
1.558894515037536621e-01 4.074551463127136230e-01 3.646559417247772217e-01 7.199946045875549316e-02
1.559144854545593262e-01 4.074770212173461914e-01 3.646217510104179382e-01 7.198674231767654419e-02
1.558889150619506836e-01 4.074548482894897461e-01 3.646565303206443787e-01 7.199970632791519165e-02
1.558884978294372559e-01 4.074544906616210938e-01 3.646570965647697449e-01 7.199991494417190552e-02
1.558895111083984375e-01 4.074552059173583984e-01 3.646558523178100586e-01 7.199943065643310547e-02
1.558889746665954590e-01 4.074549674987792969e-01 3.646564036607742310e-01 7.199965417385101318e-02
1.558883786201477051e-01 4.074544012546539307e-01 3.646572455763816833e-01 7.199997454881668091e-02
1.560636162757873535e-01 4.076064825057983398e-01 3.644187971949577332e-01 7.191110402345657349e-02
1.558895111083984375e-01 4.074552655220031738e-01 3.646557927131652832e-01 7.199943065643310547e-02
1.558881402015686035e-01 4.074541330337524414e-01 3.646576255559921265e-01 7.200010120868682861e-02
1.967896819114685059e-01 4.344184398651123047e-01 3.135406933724880219e-01 5.525118485093116760e-02
5.676192641258239746e-01 3.340603783726692200e-01 8.752360474318265915e-02 1.079675275832414627e-02
1.558891534805297852e-01 4.074550867080688477e-01 3.646561652421951294e-01 7.199959456920623779e-02
1.558895707130432129e-01 4.074553847312927246e-01 3.646556586027145386e-01 7.199938595294952393e-02
1.559101343154907227e-01 4.074732661247253418e-01 3.646276667714118958e-01 7.198893278837203979e-02
1.558895111083984375e-01 4.074553847312927246e-01 3.646557033061981201e-01 7.199940085411071777e-02
1.170962452888488770e-01 3.638290166854858398e-01 4.215724468231201172e-01 9.750229120254516602e-02
1.520331501960754395e-01 4.040156006813049316e-01 3.699483796954154968e-01 7.400286942720413208e-02
1.520333290100097656e-01 4.040156900882720947e-01 3.699481934309005737e-01 7.400278747081756592e-02
1.520331501960754395e-01 4.040156006813049316e-01 3.699483945965766907e-01 7.400285452604293823e-02
1.521902084350585938e-01 4.041590690612792969e-01 3.697312623262405396e-01 7.391946017742156982e-02
1.520805358886718750e-01 4.040589928627014160e-01 3.698828071355819702e-01 7.397766411304473877e-02
1.520323753356933594e-01 4.040149152278900146e-01 3.699494451284408569e-01 7.400326430797576904e-02
1.390095353126525879e-01 3.910400271415710449e-01 3.884377479553222656e-01 8.151268959045410156e-02
1.520318388938903809e-01 4.040144681930541992e-01 3.699501529335975647e-01 7.400353997945785522e-02
8.157551288604736328e-01 1.529265455901622772e-01 2.809257572516798973e-02 3.225749824196100235e-03
1.520719528198242188e-01 4.040510356426239014e-01 3.698947578668594360e-01 7.398225367069244385e-02
1.520347595214843750e-01 4.040170907974243164e-01 3.699461445212364197e-01 7.400200515985488892e-02
1.520903110504150391e-01 4.040677547454833984e-01 3.698694109916687012e-01 7.397252321243286133e-02
1.520349383354187012e-01 4.040172100067138672e-01 3.699459433555603027e-01 7.400190830230712891e-02
1.520342230796813965e-01 4.040165841579437256e-01 3.699469119310379028e-01 7.400228083133697510e-02
1.521443128585815430e-01 4.041171073913574219e-01 3.697947338223457336e-01 7.394384592771530151e-02
1.520312428474426270e-01 4.040137827396392822e-01 3.699510917067527771e-01 7.400388270616531372e-02
1.520335078239440918e-01 4.040158092975616455e-01 3.699479773640632629e-01 7.400270551443099976e-02
1.520587801933288574e-01 4.040390253067016602e-01 3.699129521846771240e-01 7.398924231529235840e-02
2.635667324066162109e-01 4.507355988025665283e-01 2.472036741673946381e-01 3.849399462342262268e-02
1.593483686447143555e-01 4.103938043117523193e-01 3.599797487258911133e-01 7.027807831764221191e-02
1.004106402397155762e-01 3.377115726470947266e-01 4.481120333075523376e-01 1.137657538056373596e-01
1.593726873397827148e-01 4.104139506816864014e-01 3.599471375346183777e-01 7.026622444391250610e-02
1.593465805053710938e-01 4.103923738002777100e-01 3.599820956587791443e-01 7.027895003557205200e-02
7.205908298492431641e-01 2.268227748572826385e-01 4.706124542281031609e-02 5.525149870663881302e-03
1.593713760375976562e-01 4.104128479957580566e-01 3.599488958716392517e-01 7.026688009500503540e-02
1.727395653724670410e-01 4.205422699451446533e-01 3.425047546625137329e-01 6.421341001987457275e-02
1.593459844589233398e-01 4.103918373584747314e-01 3.599829450249671936e-01 7.027923315763473511e-02
1.593739986419677734e-01 4.104151129722595215e-01 3.599453046917915344e-01 7.026558369398117065e-02
1.594142913818359375e-01 4.104486405849456787e-01 3.598911687731742859e-01 7.024589926004409790e-02
1.594964265823364258e-01 4.105166494846343994e-01 3.597810268402099609e-01 7.020589709281921387e-02
1.593558788299560547e-01 4.104000627994537354e-01 3.599696382880210876e-01 7.027442008256912231e-02
1.594043970108032227e-01 4.104402363300323486e-01 3.599045798182487488e-01 7.025078684091567993e-02
1.593985557556152344e-01 4.104355573654174805e-01 3.599122911691665649e-01 7.025359570980072021e-02
1.594259142875671387e-01 4.104581475257873535e-01 3.598756790161132812e-01 7.024025917053222656e-02
1.594421267509460449e-01 4.104716181755065918e-01 3.598539009690284729e-01 7.023235410451889038e-02
1.593518257141113281e-01 4.103966057300567627e-01 3.599751591682434082e-01 7.027640938758850098e-02
1.593480110168457031e-01 4.103935360908508301e-01 3.599801883101463318e-01 7.027826458215713501e-02
1.494731903076171875e-01 4.016340374946594238e-01 3.735079392790794373e-01 7.538483291864395142e-02
1.495445966720581055e-01 4.017015993595123291e-01 3.734081164002418518e-01 7.534568756818771362e-02
1.013507246971130371e-01 3.393246531486511230e-01 4.465997293591499329e-01 1.127248927950859070e-01
1.494716405868530273e-01 4.016325175762176514e-01 3.735101446509361267e-01 7.538569718599319458e-02
1.495096087455749512e-01 4.016684293746948242e-01 3.734570741653442383e-01 7.536488771438598633e-02
1.494945883750915527e-01 4.016542136669158936e-01 3.734780848026275635e-01 7.537311315536499023e-02
1.494708657264709473e-01 4.016318619251251221e-01 3.735111802816390991e-01 7.538609206676483154e-02
1.496121287345886230e-01 4.017652273178100586e-01 3.733138963580131531e-01 7.530874758958816528e-02
1.495374441146850586e-01 4.016947746276855469e-01 3.734181597828865051e-01 7.534962147474288940e-02
1.494704484939575195e-01 4.016314744949340820e-01 3.735117539763450623e-01 7.538632303476333618e-02
1.495830416679382324e-01 4.017377793788909912e-01 3.733545169234275818e-01 7.532466202974319458e-02
1.495085358619689941e-01 4.016674458980560303e-01 3.734585642814636230e-01 7.536545395851135254e-02
1.494719982147216797e-01 4.016328454017639160e-01 3.735096603631973267e-01 7.538549602031707764e-02
1.496444940567016602e-01 4.017959237098693848e-01 3.732685744762420654e-01 7.529100775718688965e-02
1.495057940483093262e-01 4.016647636890411377e-01 3.734624609351158142e-01 7.536698132753372192e-02
1.364685297012329102e-01 3.882483243942260742e-01 3.921542242169380188e-01 8.312892168760299683e-02
1.155934929847717285e-01 3.616837859153747559e-01 4.239265546202659607e-01 9.879616647958755493e-02
1.494728326797485352e-01 4.016337394714355469e-01 3.735084161162376404e-01 7.538501173257827759e-02
1.494723558425903320e-01 4.016330540180206299e-01 3.735092580318450928e-01 7.538533210754394531e-02
2.101318240165710449e-01 4.400305449962615967e-01 2.987308502197265625e-01 5.110678076744079590e-02
1.646752357482910156e-01 4.146583974361419678e-01 3.529093042016029358e-01 6.775706261396408081e-02
1.648716926574707031e-01 4.148098528385162354e-01 3.526515290141105652e-01 6.766692548990249634e-02
1.649289131164550781e-01 4.148537814617156982e-01 3.525765463709831238e-01 6.764075905084609985e-02
1.647167205810546875e-01 4.146904051303863525e-01 3.528548628091812134e-01 6.773801147937774658e-02
1.647206544876098633e-01 4.146934151649475098e-01 3.528497070074081421e-01 6.773622334003448486e-02
1.646758913993835449e-01 4.146589636802673340e-01 3.529084026813507080e-01 6.775674223899841309e-02
6.289976835250854492e-01 2.931436449289321899e-01 6.947815045714378357e-02 8.380521088838577271e-03
1.647176146507263184e-01 4.146911501884460449e-01 3.528536483645439148e-01 6.773758679628372192e-02
1.646737456321716309e-01 4.146572649478912354e-01 3.529112488031387329e-01 6.775774061679840088e-02
1.646752953529357910e-01 4.146584570407867432e-01 3.529092147946357727e-01 6.775703281164169312e-02
8.233058154582977295e-01 1.468883305788040161e-01 2.674018056131899357e-02 3.065673401579260826e-03
1.646904349327087402e-01 4.146702587604522705e-01 3.528892472386360168e-01 6.775005906820297241e-02
1.647197008132934570e-01 4.146926999092102051e-01 3.528509438037872314e-01 6.773665547370910645e-02
1.647043228149414062e-01 4.146808981895446777e-01 3.528710901737213135e-01 6.774368882179260254e-02
3.140100240707397461e-01 4.477667957544326782e-01 2.078712191432714462e-01 3.035196103155612946e-02
1.646978259086608887e-01 4.146759212017059326e-01 3.528795838356018066e-01 6.774666905403137207e-02
1.646797657012939453e-01 4.146619439125061035e-01 3.529033213853836060e-01 6.775496900081634521e-02
1.646943688392639160e-01 4.146731793880462646e-01 3.528841733932495117e-01 6.774827837944030762e-02
1.541492342948913574e-01 4.059247970581054688e-01 3.670338019728660583e-01 7.289216667413711548e-02
8.556038141250610352e-02 3.097115755081176758e-01 4.719275832176208496e-01 1.328004598617553711e-01
1.541867256164550781e-01 4.059580266475677490e-01 3.669824898242950439e-01 7.287275791168212891e-02
1.542206406593322754e-01 4.059882164001464844e-01 3.669359460473060608e-01 7.285519689321517944e-02
1.541491746902465820e-01 4.059246480464935303e-01 3.670339584350585938e-01 7.289221882820129395e-02
9.978544712066650391e-02 3.366290926933288574e-01 4.491181224584579468e-01 1.144673377275466919e-01
1.541485190391540527e-01 4.059239923954010010e-01 3.670349121093750000e-01 7.289257645606994629e-02
1.541499495506286621e-01 4.059254229068756104e-01 3.670328259468078613e-01 7.289180159568786621e-02
1.541864275932312012e-01 4.059577584266662598e-01 3.669828921556472778e-01 7.287292182445526123e-02
1.541733145713806152e-01 4.059461951255798340e-01 3.670008033514022827e-01 7.287968695163726807e-02
1.541495919227600098e-01 4.059250354766845703e-01 3.670333847403526306e-01 7.289198786020278931e-02
8.196061849594116211e-02 3.021545410156250000e-01 4.775880277156829834e-01 1.382968127727508545e-01
1.542121767997741699e-01 4.059807062149047852e-01 3.669475391507148743e-01 7.285957783460617065e-02
1.542457938194274902e-01 4.060105085372924805e-01 3.669015094637870789e-01 7.284218817949295044e-02
7.863226681947708130e-01 1.762347184121608734e-01 3.356407349929213524e-02 3.878539893776178360e-03
7.414836585521697998e-01 2.109809368848800659e-01 4.256466915830969810e-02 4.970735404640436172e-03
1.541497111320495605e-01 4.059251546859741211e-01 3.670331910252571106e-01 7.289194315671920776e-02
1.541498303413391113e-01 4.059252440929412842e-01 3.670330494642257690e-01 7.289187610149383545e-02
1.541673541069030762e-01 4.059408605098724365e-01 3.670090138912200928e-01 7.288277149200439453e-02
3.426403999328613281e-01 4.419016689062118530e-01 1.887041367590427399e-01 2.675379440188407898e-02
1.535665988922119141e-01 4.054043591022491455e-01 3.678338229656219482e-01 7.319521903991699219e-02
1.408128142356872559e-01 3.929677605628967285e-01 3.858216330409049988e-01 8.039779216051101685e-02
1.535643339157104492e-01 4.054023921489715576e-01 3.678368851542472839e-01 7.319638878107070923e-02
1.536737680435180664e-01 4.055004417896270752e-01 3.676864802837371826e-01 7.313930988311767578e-02
1.535845994949340820e-01 4.054204821586608887e-01 3.678090944886207581e-01 7.318582385778427124e-02
1.535652279853820801e-01 4.054031372070312500e-01 3.678357005119323730e-01 7.319593429565429688e-02
8.773207664489746094e-02 3.141180872917175293e-01 4.684780836105346680e-01 1.296717524528503418e-01
1.537352204322814941e-01 4.055554270744323730e-01 3.676020726561546326e-01 7.310727983713150024e-02
1.536651253700256348e-01 4.054926931858062744e-01 3.676983788609504700e-01 7.314380258321762085e-02
1.537046432495117188e-01 4.055280387401580811e-01 3.676441013813018799e-01 7.312321662902832031e-02
1.536127924919128418e-01 4.054456353187561035e-01 3.677704483270645142e-01 7.317112386226654053e-02
1.535688638687133789e-01 4.054064154624938965e-01 3.678307011723518372e-01 7.319401949644088745e-02
1.535885334014892578e-01 4.054239690303802490e-01 3.678037300705909729e-01 7.318376749753952026e-02
1.535966396331787109e-01 4.054312407970428467e-01 3.677925840020179749e-01 7.317953556776046753e-02
1.535625457763671875e-01 4.054007530212402344e-01 3.678393810987472534e-01 7.319732010364532471e-02
1.536171436309814453e-01 4.054497480392456055e-01 3.677642792463302612e-01 7.316882908344268799e-02
1.535648703575134277e-01 4.054028391838073730e-01 3.678361997008323669e-01 7.319609075784683228e-02
1.535664796829223633e-01 4.054042398929595947e-01 3.678339943289756775e-01 7.319528609514236450e-02
2.060247063636779785e-01 4.384473562240600586e-01 3.031987994909286499e-01 5.232913792133331299e-02
1.463021636009216309e-01 3.985719978809356689e-01 3.779681548476219177e-01 7.715768367052078247e-02
1.465353369712829590e-01 3.988012969493865967e-01 3.776383623480796814e-01 7.702500373125076294e-02
1.464374661445617676e-01 3.987052142620086670e-01 3.777767047286033630e-01 7.708061486482620239e-02
1.463232040405273438e-01 3.985926508903503418e-01 3.779384270310401917e-01 7.714571803808212280e-02
1.463907957077026367e-01 3.986592292785644531e-01 3.778427764773368835e-01 7.710719853639602661e-02
1.463239789009094238e-01 3.985934555530548096e-01 3.779372945427894592e-01 7.714527100324630737e-02
7.554471790790557861e-01 2.002656534314155579e-01 3.967019636183977127e-02 4.616971127688884735e-03
1.463198065757751465e-01 3.985893428325653076e-01 3.779432177543640137e-01 7.714763283729553223e-02
1.463026404380798340e-01 3.985724151134490967e-01 3.779675140976905823e-01 7.715743035078048706e-02
1.463013887405395508e-01 3.985713124275207520e-01 3.779691904783248901e-01 7.715810835361480713e-02
1.463319063186645508e-01 3.986011743545532227e-01 3.779261410236358643e-01 7.714077830314636230e-02
1.463490724563598633e-01 3.986182808876037598e-01 3.779017105698585510e-01 7.713093608617782593e-02
1.463833451271057129e-01 3.986519575119018555e-01 3.778532594442367554e-01 7.711143791675567627e-02
1.464927792549133301e-01 3.987595736980438232e-01 3.776984885334968567e-01 7.704915851354598999e-02
7.468223571777343750e-02 2.858600616455078125e-01 4.886928945779800415e-01 1.507648080587387085e-01
1.463423371315002441e-01 3.986114263534545898e-01 3.779114186763763428e-01 7.713481783866882324e-02
1.463023424148559570e-01 3.985722362995147705e-01 3.779678493738174438e-01 7.715757191181182861e-02
1.463026404380798340e-01 3.985723853111267090e-01 3.779675289988517761e-01 7.715744525194168091e-02
1.635635495185852051e-01 4.137938916683197021e-01 3.543718084692955017e-01 6.827075034379959106e-02
1.635624170303344727e-01 4.137930870056152344e-01 3.543732538819313049e-01 6.827124208211898804e-02
1.635717153549194336e-01 4.138003587722778320e-01 3.543610051274299622e-01 6.826692074537277222e-02
1.635817885398864746e-01 4.138083159923553467e-01 3.543476536870002747e-01 6.826224178075790405e-02
1.639136075973510742e-01 4.140675961971282959e-01 3.539104983210563660e-01 6.810829788446426392e-02
1.638272404670715332e-01 4.140002727508544922e-01 3.540241941809654236e-01 6.814829260110855103e-02
1.635628342628479004e-01 4.137935042381286621e-01 3.543726280331611633e-01 6.827103346586227417e-02
1.636886000633239746e-01 4.138918817043304443e-01 3.542069122195243835e-01 6.821260601282119751e-02
1.635832190513610840e-01 4.138093888759613037e-01 3.543458208441734314e-01 6.826157122850418091e-02
8.577409684658050537e-01 1.190682537853717804e-01 2.081999811343848705e-02 2.370779635384678841e-03
1.635793447494506836e-01 4.138064384460449219e-01 3.543508574366569519e-01 6.826335936784744263e-02
7.790416479110717773e-02 2.932460904121398926e-01 4.838464111089706421e-01 1.450033336877822876e-01
2.467652559280395508e-01 4.491549134254455566e-01 2.621759995818138123e-01 4.190383106470108032e-02
1.635999083518981934e-01 4.138223230838775635e-01 3.543239310383796692e-01 6.825383752584457397e-02
1.635995507240295410e-01 4.138222634792327881e-01 3.543242290616035461e-01 6.825395673513412476e-02
1.635833978652954102e-01 4.138094782829284668e-01 3.543456122279167175e-01 6.826151162385940552e-02
1.637118458747863770e-01 4.139101505279541016e-01 3.541761785745620728e-01 6.820182502269744873e-02
1.635615229606628418e-01 4.137924313545227051e-01 3.543743714690208435e-01 6.827167421579360962e-02
1.636345982551574707e-01 4.138496220111846924e-01 3.542780727148056030e-01 6.823770701885223389e-02
1.597924232482910156e-01 4.107613265514373779e-01 3.593842238187789917e-01 7.006202638149261475e-02
3.429223299026489258e-01 4.418311566114425659e-01 1.885252781212329865e-01 2.672123536467552185e-02
1.595090627670288086e-01 4.105270206928253174e-01 3.597641438245773315e-01 7.019977271556854248e-02
1.595098972320556641e-01 4.105277359485626221e-01 3.597630113363265991e-01 7.019935548305511475e-02
1.595304012298583984e-01 4.105446040630340576e-01 3.597355782985687256e-01 7.018941640853881836e-02
1.595271825790405273e-01 4.105420112609863281e-01 3.597398549318313599e-01 7.019095122814178467e-02
1.595828533172607422e-01 4.105880558490753174e-01 3.596652001142501831e-01 7.016389071941375732e-02
1.595088839530944824e-01 4.105270206928253174e-01 3.597642704844474792e-01 7.019982486963272095e-02
1.595107316970825195e-01 4.105285406112670898e-01 3.597617894411087036e-01 7.019893825054168701e-02
1.595103144645690918e-01 4.105280637741088867e-01 3.597624450922012329e-01 7.019917666912078857e-02
1.595322489738464355e-01 4.105461537837982178e-01 3.597330972552299500e-01 7.018849998712539673e-02
1.595284938812255859e-01 4.105432033538818359e-01 3.597379997372627258e-01 7.019030302762985229e-02
1.595676541328430176e-01 4.105756282806396484e-01 3.596854880452156067e-01 7.017122954130172729e-02
1.595221161842346191e-01 4.105379581451416016e-01 3.597465455532073975e-01 7.019338011741638184e-02
1.742001175880432129e-01 4.215375781059265137e-01 3.406583294272422791e-01 6.360397487878799438e-02
1.595416665077209473e-01 4.105539619922637939e-01 3.597204536199569702e-01 7.018391788005828857e-02
1.598228812217712402e-01 4.107864499092102051e-01 3.593434169888496399e-01 7.004725188016891479e-02
1.595091223716735840e-01 4.105271399021148682e-01 3.597640022635459900e-01 7.019973546266555786e-02
1.595441102981567383e-01 4.105561077594757080e-01 3.597170710563659668e-01 7.018271088600158691e-02
1.565535664558410645e-01 4.080299735069274902e-01 3.637529015541076660e-01 7.166355848312377930e-02
1.564834713935852051e-01 4.079697728157043457e-01 3.638479113578796387e-01 7.169884443283081055e-02
1.565411686897277832e-01 4.080193340778350830e-01 3.637696877121925354e-01 7.166980952024459839e-02
1.565684080123901367e-01 4.080428481101989746e-01 3.637326732277870178e-01 7.165607064962387085e-02
1.564822196960449219e-01 4.079685807228088379e-01 3.638496920466423035e-01 7.169950753450393677e-02
1.565589904785156250e-01 4.080347716808319092e-01 3.637454435229301453e-01 7.166079431772232056e-02
7.392323017120361328e-02 2.840789556503295898e-01 4.898147135972976685e-01 1.521831005811691284e-01
1.564839482307434082e-01 4.079699814319610596e-01 3.638474196195602417e-01 7.169865071773529053e-02
1.567537188529968262e-01 4.082023203372955322e-01 3.634811565279960632e-01 7.156280428171157837e-02
6.496726572513580322e-01 2.786686420440673828e-01 6.399153079837560654e-02 7.667169906198978424e-03
1.564841866493225098e-01 4.079702794551849365e-01 3.638470098376274109e-01 7.169852405786514282e-02
1.564962267875671387e-01 4.079805612564086914e-01 3.638307452201843262e-01 7.169246673583984375e-02
1.568891406059265137e-01 4.083186388015747070e-01 3.632974326610565186e-01 7.149478793144226074e-02
1.619228720664978027e-01 4.124936759471893311e-01 3.565427958965301514e-01 6.904065608978271484e-02
1.565074920654296875e-01 4.079903364181518555e-01 3.638153895735740662e-01 7.168678194284439087e-02
1.565347313880920410e-01 4.080137908458709717e-01 3.637784346938133240e-01 7.167304307222366333e-02
1.565206646919250488e-01 4.080016613006591797e-01 3.637975230813026428e-01 7.168015092611312866e-02
1.564818024635314941e-01 4.079682826995849609e-01 3.638502135872840881e-01 7.169970124959945679e-02
1.565062403678894043e-01 4.079892337322235107e-01 3.638171255588531494e-01 7.168740034103393555e-02
1.562454104423522949e-01 4.077640473842620850e-01 3.641714826226234436e-01 7.181905955076217651e-02
1.561739444732666016e-01 4.077020585536956787e-01 3.642687574028968811e-01 7.185523957014083862e-02
1.561839580535888672e-01 4.077109098434448242e-01 3.642549738287925720e-01 7.185015827417373657e-02
1.561818718910217285e-01 4.077089428901672363e-01 3.642579540610313416e-01 7.185123115777969360e-02
1.561917066574096680e-01 4.077175557613372803e-01 3.642444983124732971e-01 7.184623926877975464e-02
1.564878225326538086e-01 4.079734683036804199e-01 3.638420403003692627e-01 7.169666886329650879e-02
1.561741232872009277e-01 4.077023565769195557e-01 3.642684072256088257e-01 7.185511291027069092e-02
1.563289165496826172e-01 4.078362882137298584e-01 3.640579357743263245e-01 7.177685946226119995e-02
1.561743021011352539e-01 4.077024757862091064e-01 3.642681688070297241e-01 7.185505330562591553e-02
1.562536358833312988e-01 4.077711403369903564e-01 3.641602993011474609e-01 7.181492447853088379e-02
1.562059521675109863e-01 4.077298939228057861e-01 3.642251268029212952e-01 7.183902710676193237e-02
4.080430865287780762e-01 4.200002551078796387e-01 1.515933945775032043e-01 2.036326378583908081e-02
7.492983937263488770e-01 2.049962878227233887e-01 4.093416221439838409e-02 4.771156236529350281e-03
1.561730504035949707e-01 4.077013134956359863e-01 3.642699345946311951e-01 7.185570150613784790e-02
1.563392877578735352e-01 4.078451693058013916e-01 3.640438988804817200e-01 7.177164405584335327e-02
1.564252376556396484e-01 4.079194366931915283e-01 3.639270886778831482e-01 7.172823697328567505e-02
1.562840342521667480e-01 4.077973663806915283e-01 3.641190379858016968e-01 7.179956138134002686e-02
1.561742424964904785e-01 4.077022969722747803e-01 3.642683476209640503e-01 7.185511291027069092e-02
1.562076807022094727e-01 4.077313244342803955e-01 3.642228320240974426e-01 7.183816283941268921e-02
1.485192179679870605e-01 4.007260501384735107e-01 3.748438134789466858e-01 7.591091841459274292e-02
1.484410762786865234e-01 4.006510972976684570e-01 3.749535158276557922e-01 7.595431059598922729e-02
1.484982967376708984e-01 4.007058739662170410e-01 3.748732730746269226e-01 7.592255622148513794e-02
1.485408544540405273e-01 4.007467925548553467e-01 3.748134300112724304e-01 7.589892297983169556e-02
1.484408378601074219e-01 4.006508588790893555e-01 3.749538585543632507e-01 7.595444470643997192e-02
1.485635042190551758e-01 4.007683992385864258e-01 3.747817352414131165e-01 7.588636130094528198e-02
1.485412716865539551e-01 4.007470905780792236e-01 3.748129308223724365e-01 7.589870691299438477e-02
1.484563350677490234e-01 4.006656110286712646e-01 3.749321848154067993e-01 7.594586908817291260e-02
1.484633088111877441e-01 4.006724953651428223e-01 3.749222531914710999e-01 7.594194263219833374e-02
1.446015834808349609e-01 3.968776464462280273e-01 3.803832381963729858e-01 7.813753187656402588e-02
1.484408974647521973e-01 4.006509780883789062e-01 3.749537467956542969e-01 7.595437765121459961e-02
1.485790610313415527e-01 4.007832407951354980e-01 3.747599273920059204e-01 7.587777078151702881e-02
1.484951972961425781e-01 4.007030129432678223e-01 3.748775273561477661e-01 7.592426240444183350e-02
3.287887573242187500e-01 4.450675696134567261e-01 1.977239847183227539e-01 2.841968834400177002e-02
1.485233902931213379e-01 4.007298946380615234e-01 3.748380765318870544e-01 7.590863853693008423e-02
1.485433578491210938e-01 4.007490873336791992e-01 3.748100027441978455e-01 7.589755207300186157e-02
1.484677195549011230e-01 4.006766080856323242e-01 3.749161511659622192e-01 7.593952119350433350e-02
1.484417915344238281e-01 4.006517827510833740e-01 3.749525249004364014e-01 7.595390081405639648e-02
1.485568284988403320e-01 4.007619917392730713e-01 3.747911006212234497e-01 7.589007914066314697e-02
1.639401912689208984e-01 4.140883684158325195e-01 3.538754805922508240e-01 6.809595972299575806e-02
6.929925382137298584e-01 2.473727911710739136e-01 5.332697741687297821e-02 6.307693198323249817e-03
1.638486385345458984e-01 4.140169024467468262e-01 3.539960682392120361e-01 6.813839077949523926e-02
1.639032363891601562e-01 4.140595197677612305e-01 3.539241626858711243e-01 6.811308115720748901e-02
1.639455556869506836e-01 4.140925407409667969e-01 3.538684323430061340e-01 6.809347122907638550e-02
1.639345288276672363e-01 4.140838682651519775e-01 3.538829833269119263e-01 6.809861958026885986e-02
9.310238510370254517e-01 5.848221108317375183e-02 9.433523286134004593e-03 1.060414593666791916e-03
1.638617515563964844e-01 4.140270948410034180e-01 3.539788275957107544e-01 6.813232600688934326e-02
1.638584733009338379e-01 4.140246510505676270e-01 3.539830595254898071e-01 6.813381612300872803e-02
1.638814806938171387e-01 4.140425920486450195e-01 3.539527654647827148e-01 6.812316179275512695e-02
1.638215780258178711e-01 4.139958024024963379e-01 3.540316969156265259e-01 6.815092265605926514e-02
1.638202667236328125e-01 4.139947891235351562e-01 3.540334105491638184e-01 6.815153360366821289e-02
1.637818813323974609e-01 4.139648377895355225e-01 3.540839552879333496e-01 6.816932559013366699e-02
1.639457345008850098e-01 4.140926897525787354e-01 3.538681641221046448e-01 6.809341162443161011e-02
9.034792631864547729e-01 8.145837578922510147e-02 1.353396300692111254e-02 1.528398017399013042e-03
1.638192534446716309e-01 4.139938950538635254e-01 3.540348336100578308e-01 6.815201789140701294e-02
1.638574004173278809e-01 4.140238165855407715e-01 3.539844825863838196e-01 6.813430041074752808e-02
1.637836694717407227e-01 4.139661490917205811e-01 3.540816605091094971e-01 6.816852092742919922e-02
1.640875339508056641e-01 4.142031073570251465e-01 3.536815494298934937e-01 6.802780926227569580e-02
1.511166691780090332e-01 4.031721055507659912e-01 3.712185248732566833e-01 7.449270039796829224e-02
1.509554386138916016e-01 4.030226469039916992e-01 3.714424595236778259e-01 7.457945495843887329e-02
4.238011240959167480e-01 4.132836759090423584e-01 1.438065692782402039e-01 1.910863071680068970e-02
1.509708762168884277e-01 4.030370414257049561e-01 3.714209720492362976e-01 7.457111030817031860e-02
1.028246879577636719e-01 3.418178558349609375e-01 4.442308470606803894e-01 1.111266091465950012e-01
1.508892178535461426e-01 4.029612541198730469e-01 3.715344294905662537e-01 7.461509853601455688e-02
1.510586738586425781e-01 4.031183719635009766e-01 3.712990656495094299e-01 7.452388852834701538e-02
8.537375926971435547e-02 3.093274831771850586e-01 4.722230136394500732e-01 1.330757439136505127e-01
1.511330008506774902e-01 4.031872153282165527e-01 3.711958602070808411e-01 7.448392361402511597e-02
1.508923172950744629e-01 4.029641747474670410e-01 3.715300858020782471e-01 7.461342215538024902e-02
1.508831381797790527e-01 4.029555916786193848e-01 3.715428933501243591e-01 7.461837679147720337e-02
1.508893966674804688e-01 4.029613137245178223e-01 3.715342506766319275e-01 7.461503893136978149e-02
1.508735418319702148e-01 4.029465913772583008e-01 3.715562671422958374e-01 7.462359964847564697e-02
1.508739590644836426e-01 4.029470384120941162e-01 3.715556487441062927e-01 7.462335377931594849e-02
1.509511470794677734e-01 4.030186235904693604e-01 3.714484572410583496e-01 7.458177208900451660e-02
1.509333252906799316e-01 4.030021131038665771e-01 3.714731782674789429e-01 7.459138333797454834e-02
1.034824252128601074e-01 3.429163098335266113e-01 4.431749880313873291e-01 1.104262769222259521e-01
1.509490609169006348e-01 4.030166566371917725e-01 3.714513778686523438e-01 7.458290457725524902e-02
1.509468555450439453e-01 4.030146896839141846e-01 3.714543804526329041e-01 7.458407431840896606e-02
1.514040827751159668e-01 4.034376740455627441e-01 3.708197176456451416e-01 7.433852553367614746e-02
1.513204574584960938e-01 4.033605754375457764e-01 3.709356561303138733e-01 7.438331097364425659e-02
1.514662504196166992e-01 4.034951031208038330e-01 3.707334324717521667e-01 7.430521398782730103e-02
1.515356302261352539e-01 4.035588502883911133e-01 3.706373795866966248e-01 7.426813989877700806e-02
1.513890027999877930e-01 4.034238457679748535e-01 3.708405792713165283e-01 7.434657216072082520e-02
1.516253352165222168e-01 4.036414325237274170e-01 3.705130293965339661e-01 7.422020286321640015e-02
1.514599323272705078e-01 4.034890532493591309e-01 3.707423657178878784e-01 7.430864870548248291e-02
1.513385772705078125e-01 4.033772945404052734e-01 3.709105178713798523e-01 7.437361031770706177e-02
1.513338088989257812e-01 4.033727943897247314e-01 3.709172233939170837e-01 7.437617331743240356e-02
1.731293201446533203e-01 4.208099842071533203e-01 3.420108407735824585e-01 6.404985487461090088e-02
1.513440012931823730e-01 4.033823609352111816e-01 3.709029555320739746e-01 7.437068223953247070e-02
1.513450145721435547e-01 4.033832252025604248e-01 3.709016218781471252e-01 7.437013834714889526e-02
1.513221859931945801e-01 4.033621847629547119e-01 3.709332495927810669e-01 7.438237965106964111e-02
3.729065060615539551e-01 4.330763965845108032e-01 1.704888083040714264e-01 2.352828904986381531e-02
1.515296697616577148e-01 4.035533964633941650e-01 3.706456124782562256e-01 7.427132129669189453e-02
1.514283418655395508e-01 4.034600555896759033e-01 3.707860782742500305e-01 7.432552427053451538e-02
1.515044569969177246e-01 4.035301804542541504e-01 3.706805631518363953e-01 7.428479939699172974e-02
1.513215303421020508e-01 4.033614397048950195e-01 3.709342628717422485e-01 7.438276708126068115e-02
1.514846086502075195e-01 4.035119712352752686e-01 3.707080259919166565e-01 7.429539412260055542e-02
2.282577753067016602e-01 4.456052184104919434e-01 2.799308896064758301e-01 4.620611667633056641e-02
6.507740616798400879e-01 2.778887227177619934e-01 6.370680360123515129e-02 7.630412001162767410e-03
4.783153533935546875e-02 2.119370698928833008e-01 5.183014124631881714e-01 2.219299823045730591e-01
1.603789329528808594e-01 4.112432599067687988e-01 3.585994392633438110e-01 6.977836787700653076e-02
1.604111194610595703e-01 4.112695157527923584e-01 3.585565015673637390e-01 6.976286321878433228e-02
1.603751182556152344e-01 4.112402200698852539e-01 3.586044684052467346e-01 6.978019326925277710e-02
1.603248119354248047e-01 4.111989140510559082e-01 3.586718067526817322e-01 6.980446726083755493e-02
1.604685187339782715e-01 4.113164246082305908e-01 3.584798201918601990e-01 6.973523646593093872e-02
1.604565382003784180e-01 4.113067686557769775e-01 3.584957420825958252e-01 6.974095106124877930e-02
1.602947115898132324e-01 4.111743569374084473e-01 3.587119579315185547e-01 6.981897354125976562e-02
1.605533361434936523e-01 4.113859236240386963e-01 3.583663925528526306e-01 6.969434767961502075e-02
1.603584289550781250e-01 4.112264513969421387e-01 3.586268797516822815e-01 6.978823989629745483e-02
1.604002714157104492e-01 4.112606942653656006e-01 3.585709482431411743e-01 6.976808607578277588e-02
4.504199028015136719e-01 4.008896946907043457e-01 1.315079685300588608e-01 1.718243397772312164e-02
7.526451349258422852e-01 2.024237923324108124e-01 4.024414531886577606e-02 4.686927422881126404e-03
1.605028510093688965e-01 4.113446772098541260e-01 3.584338203072547913e-01 6.971865147352218628e-02
1.603694558143615723e-01 4.112354516983032227e-01 3.586121425032615662e-01 6.978294998407363892e-02
1.602939367294311523e-01 4.111735820770263672e-01 3.587131276726722717e-01 6.981935352087020874e-02
1.603617072105407715e-01 4.112290740013122559e-01 3.586225286126136780e-01 6.978669017553329468e-02
1.647123098373413086e-01 4.146870076656341553e-01 3.528606519103050232e-01 6.774003058671951294e-02
1.645665764808654785e-01 4.145745038986206055e-01 3.530519306659698486e-01 6.780698895454406738e-02
7.290820777416229248e-01 2.204127609729766846e-01 4.520909534767270088e-02 5.296065937727689743e-03
1.646245718002319336e-01 4.146192967891693115e-01 3.529758006334304810e-01 6.778033077716827393e-02
2.585045695304870605e-01 4.504120945930480957e-01 2.516061514616012573e-01 3.947718441486358643e-02
1.646788716316223145e-01 4.146613180637359619e-01 3.529044464230537415e-01 6.775536388158798218e-02
1.646125912666320801e-01 4.146100282669067383e-01 3.529915362596511841e-01 6.778584420680999756e-02
1.646305322647094727e-01 4.146238863468170166e-01 3.529679924249649048e-01 6.777758896350860596e-02
1.646614670753479004e-01 4.146478176116943359e-01 3.529273420572280884e-01 6.776337325572967529e-02
1.645999550819396973e-01 4.146002829074859619e-01 3.530080989003181458e-01 6.779166311025619507e-02
1.599932909011840820e-01 4.109267294406890869e-01 3.591153100132942200e-01 6.996466964483261108e-02
1.646320223808288574e-01 4.146251976490020752e-01 3.529659137129783630e-01 6.777686625719070435e-02
1.646717190742492676e-01 4.146556854248046875e-01 3.529139235615730286e-01 6.775867193937301636e-02
1.646774411201477051e-01 4.146601259708404541e-01 3.529063835740089417e-01 6.775604933500289917e-02
1.649278998374938965e-01 4.148531258106231689e-01 3.525777980685234070e-01 6.764117628335952759e-02
1.647636294364929199e-01 4.147265553474426270e-01 3.527933284640312195e-01 6.771648675203323364e-02
3.394553661346435547e-01 4.426813423633575439e-01 1.907379850745201111e-01 2.712530642747879028e-02
1.645750403404235840e-01 4.145810604095458984e-01 3.530408143997192383e-01 6.780308485031127930e-02
1.647266745567321777e-01 4.146981537342071533e-01 3.528417348861694336e-01 6.773343682289123535e-02
1.505994200706481934e-01 4.026914536952972412e-01 3.719375357031822205e-01 7.477159053087234497e-02
1.505267024040222168e-01 4.026237726211547852e-01 3.720385953783988953e-01 7.481092959642410278e-02
1.506766676902770996e-01 4.027634263038635254e-01 3.718300610780715942e-01 7.472984492778778076e-02
2.248908877372741699e-01 4.447354972362518311e-01 2.833133228123188019e-01 4.706029221415519714e-02
1.505593061447143555e-01 4.026541709899902344e-01 3.719932511448860168e-01 7.479327172040939331e-02
1.505703330039978027e-01 4.026644825935363770e-01 3.719778880476951599e-01 7.478729635477066040e-02
1.507691740989685059e-01 4.028495252132415771e-01 3.717014119029045105e-01 7.467988878488540649e-02
7.808967679738998413e-01 1.804900877177715302e-01 3.460898855701088905e-02 4.004155751317739487e-03
1.505807638168334961e-01 4.026741683483123779e-01 3.719634115695953369e-01 7.478165626525878906e-02
1.505273580551147461e-01 4.026242494583129883e-01 3.720377981662750244e-01 7.481059432029724121e-02
1.506382822990417480e-01 4.027278423309326172e-01 3.718833252787590027e-01 7.475055009126663208e-02
1.505008935928344727e-01 4.025997817516326904e-01 3.720744699239730835e-01 7.482485473155975342e-02
1.507799625396728516e-01 4.028596580028533936e-01 3.716863393783569336e-01 7.467404007911682129e-02
2.715562582015991211e-01 4.509931504726409912e-01 2.404375299811363220e-01 3.701306134462356567e-02
1.506841182708740234e-01 4.027705192565917969e-01 3.718195781111717224e-01 7.472578436136245728e-02
1.505730152130126953e-01 4.026669263839721680e-01 3.719742149114608765e-01 7.478584349155426025e-02
1.505106687545776367e-01 4.026087224483489990e-01 3.720609843730926514e-01 7.481962442398071289e-02
1.505858898162841797e-01 4.026789069175720215e-01 3.719563037157058716e-01 7.477889955043792725e-02
1.506220102310180664e-01 4.027126133441925049e-01 3.719060197472572327e-01 7.475935667753219604e-02
1.587334871292114258e-01 4.098814427852630615e-01 3.608060181140899658e-01 7.057905197143554688e-02
1.586523652076721191e-01 4.098134040832519531e-01 3.609152883291244507e-01 7.061894237995147705e-02
1.587295532226562500e-01 4.098780453205108643e-01 3.608114123344421387e-01 7.058098912239074707e-02
1.587338447570800781e-01 4.098816514015197754e-01 3.608056083321571350e-01 7.057889550924301147e-02
1.587208509445190430e-01 4.098708331584930420e-01 3.608230575919151306e-01 7.058525830507278442e-02
1.586748957633972168e-01 4.098322391510009766e-01 3.608850017189979553e-01 7.060786336660385132e-02
1.587033271789550781e-01 4.098560512065887451e-01 3.608467131853103638e-01 7.059390842914581299e-02
1.586766242980957031e-01 4.098337888717651367e-01 3.608826026320457458e-01 7.060698419809341431e-02
1.587192416191101074e-01 4.098695516586303711e-01 3.608251810073852539e-01 7.058602571487426758e-02
1.586064100265502930e-01 4.097749292850494385e-01 3.609771206974983215e-01 7.064153999090194702e-02
1.587526798248291016e-01 4.098973274230957031e-01 3.607803434133529663e-01 7.056964933872222900e-02
1.046251058578491211e-01 3.448047637939453125e-01 4.413421899080276489e-01 1.092279404401779175e-01
9.539690166711807251e-01 3.917123191058635712e-02 6.168853142298758030e-03 6.908982759341597557e-04
6.765872240066528320e-02 2.687503695487976074e-01 4.987013936042785645e-01 1.648895144462585449e-01
1.587909460067749023e-01 4.099295139312744141e-01 3.607286959886550903e-01 7.055084407329559326e-02
1.586896181106567383e-01 4.098446667194366455e-01 3.608651086688041687e-01 7.060060650110244751e-02
1.586175560951232910e-01 4.097843468189239502e-01 3.609620630741119385e-01 7.063603401184082031e-02
1.586806774139404297e-01 4.098371863365173340e-01 3.608771413564682007e-01 7.060499489307403564e-02
1.590114831924438477e-01 4.101136922836303711e-01 3.604321256279945374e-01 7.044269889593124390e-02
5.131152272224426270e-01 3.672988340258598328e-01 1.061723567545413971e-01 1.341358199715614319e-02
1.474583148956298828e-01 3.997028172016143799e-01 3.763355389237403870e-01 7.650332897901535034e-02
1.267461180686950684e-01 3.767147362232208252e-01 4.066893085837364197e-01 8.984983712434768677e-02
1.476647257804870605e-01 3.999031186103820801e-01 3.760447278618812561e-01 7.638742774724960327e-02
1.901837587356567383e-01 4.311156272888183594e-01 3.211974911391735077e-01 5.750312283635139465e-02
1.476370692253112793e-01 3.998763859272003174e-01 3.760836422443389893e-01 7.640290260314941406e-02
1.475667357444763184e-01 3.998081088066101074e-01 3.761827573180198669e-01 7.644239813089370728e-02
8.684623837471008301e-01 1.103166360408067703e-01 1.905549224466085434e-02 2.165487967431545258e-03
1.475844383239746094e-01 3.998253345489501953e-01 3.761577904224395752e-01 7.643243670463562012e-02
1.475496888160705566e-01 3.997916877269744873e-01 3.762066811323165894e-01 7.645194232463836670e-02
1.474637389183044434e-01 3.997082412242889404e-01 3.763278126716613770e-01 7.650020718574523926e-02
1.475697159767150879e-01 3.998109400272369385e-01 3.761786073446273804e-01 7.644073665142059326e-02
1.475540995597839355e-01 3.997958898544311523e-01 3.762005195021629333e-01 7.644949108362197876e-02
1.476501822471618652e-01 3.998889029026031494e-01 3.760653063654899597e-01 7.639560848474502563e-02
1.476951837539672852e-01 3.999325931072235107e-01 3.760018646717071533e-01 7.637035846710205078e-02
1.476076245307922363e-01 3.998478353023529053e-01 3.761251121759414673e-01 7.641942799091339111e-02
1.475865840911865234e-01 3.998273909091949463e-01 3.761547803878784180e-01 7.643124461174011230e-02
1.474596858024597168e-01 3.997042775154113770e-01 3.763335347175598145e-01 7.650250196456909180e-02
1.474659442901611328e-01 3.997103571891784668e-01 3.763247057795524597e-01 7.649899274110794067e-02
1.522818803787231445e-01 4.042427837848663330e-01 3.696044981479644775e-01 7.387083768844604492e-02
1.520085334777832031e-01 4.039930403232574463e-01 3.699824512004852295e-01 7.401597499847412109e-02
1.522380113601684570e-01 4.042026698589324951e-01 3.696651980280876160e-01 7.389412075281143188e-02
1.521791815757751465e-01 4.041490256786346436e-01 3.697464913129806519e-01 7.392530143260955811e-02
1.519876122474670410e-01 4.039738178253173828e-01 3.700114861130714417e-01 7.402708381414413452e-02
1.521068215370178223e-01 4.040828943252563477e-01 3.698465526103973389e-01 7.396373152732849121e-02
1.520554423332214355e-01 4.040359854698181152e-01 3.699175640940666199e-01 7.399100810289382935e-02
1.520465016365051270e-01 4.040278196334838867e-01 3.699299171566963196e-01 7.399576157331466675e-02
1.522803306579589844e-01 4.042412936687469482e-01 3.696066886186599731e-01 7.387168705463409424e-02
1.520984768867492676e-01 4.040752351284027100e-01 3.698581084609031677e-01 7.396817952394485474e-02
1.520224809646606445e-01 4.040057957172393799e-01 3.699631839990615845e-01 7.400853931903839111e-02
1.071884036064147949e-01 3.489485979080200195e-01 4.372411891818046570e-01 1.066218093037605286e-01
1.521748304367065430e-01 4.041450917720794678e-01 3.697524592280387878e-01 7.392761856317520142e-02
1.520884037017822266e-01 4.040660560131072998e-01 3.698720112442970276e-01 7.397352904081344604e-02
8.688089698553085327e-01 1.100330464541912079e-01 1.899904920719563961e-02 2.158934483304619789e-03
7.174303829669952393e-01 2.291983887553215027e-01 4.775945749133825302e-02 5.611770786345005035e-03
1.520839929580688477e-01 4.040620923042297363e-01 3.698780685663223267e-01 7.397584617137908936e-02
1.519898772239685059e-01 4.039759337902069092e-01 3.700082972645759583e-01 7.402589172124862671e-02
1.520193219184875488e-01 4.040029644966125488e-01 3.699675053358078003e-01 7.401020824909210205e-02
1.508899331092834473e-01 4.029617607593536377e-01 3.715335503220558167e-01 7.461475580930709839e-02
1.507269144058227539e-01 4.028104543685913086e-01 3.717599883675575256e-01 7.470264285802841187e-02
1.510843634605407715e-01 4.031422138214111328e-01 3.712633475661277771e-01 7.451007515192031860e-02
4.211726188659667969e-01 4.144376814365386963e-01 1.450781002640724182e-01 1.931159943342208862e-02
1.507446765899658203e-01 4.028267562389373779e-01 3.717354610562324524e-01 7.469310611486434937e-02
1.509609818458557129e-01 4.030278325080871582e-01 3.714347258210182190e-01 7.457645982503890991e-02
1.507647633552551270e-01 4.028455317020416260e-01 3.717074617743492126e-01 7.468224316835403442e-02
8.711397647857666016e-02 3.128752708435058594e-01 4.694620817899703979e-01 1.305486708879470825e-01
1.508314609527587891e-01 4.029075503349304199e-01 3.716147318482398987e-01 7.464625686407089233e-02
1.507878899574279785e-01 4.028671085834503174e-01 3.716752603650093079e-01 7.466974109411239624e-02
9.505164623260498047e-02 3.281672000885009766e-01 4.567412957549095154e-01 1.200398579239845276e-01
1.508639454841613770e-01 4.029376804828643799e-01 3.715696260333061218e-01 7.462874799966812134e-02
1.508092880249023438e-01 4.028869271278381348e-01 3.716455549001693726e-01 7.465822994709014893e-02
1.165763139724731445e-01 3.630911111831665039e-01 4.223859533667564392e-01 9.794662147760391235e-02
1.508913040161132812e-01 4.029631912708282471e-01 3.715315163135528564e-01 7.461398839950561523e-02
1.509302258491516113e-01 4.029993414878845215e-01 3.714774176478385925e-01 7.459301501512527466e-02
1.507919430732727051e-01 4.028707444667816162e-01 3.716697245836257935e-01 7.466758787631988525e-02
1.507204174995422363e-01 4.028041660785675049e-01 3.717692121863365173e-01 7.470620423555374146e-02
1.507375836372375488e-01 4.028201997280120850e-01 3.717453032732009888e-01 7.469691336154937744e-02
1.524148583412170410e-01 4.043638706207275391e-01 3.694208338856697083e-01 7.380043715238571167e-02
1.524554491043090820e-01 4.044008255004882812e-01 3.693647682666778564e-01 7.377895712852478027e-02
8.776266947388648987e-01 1.028039902448654175e-01 1.757539203390479088e-02 1.993922982364892960e-03
1.524747610092163086e-01 4.044184982776641846e-01 3.693380132317543030e-01 7.376872748136520386e-02
7.743808627128601074e-01 1.855824813246726990e-01 3.587936609983444214e-02 4.157289862632751465e-03
1.524613499641418457e-01 4.044061601161956787e-01 3.693566247820854187e-01 7.377586513757705688e-02
1.526145935058593750e-01 4.045454263687133789e-01 3.691450953483581543e-01 7.369488477706909180e-02
1.526307463645935059e-01 4.045600891113281250e-01 3.691227883100509644e-01 7.368637621402740479e-02
1.527895927429199219e-01 4.047042429447174072e-01 3.689035922288894653e-01 7.360257208347320557e-02
1.524947881698608398e-01 4.044366478919982910e-01 3.693104237318038940e-01 7.375814020633697510e-02
1.524776816368103027e-01 4.044210910797119141e-01 3.693340271711349487e-01 7.376720011234283447e-02
1.526236534118652344e-01 4.045536518096923828e-01 3.691325783729553223e-01 7.369011640548706055e-02
1.525537967681884766e-01 4.044902920722961426e-01 3.692289441823959351e-01 7.372696697711944580e-02
1.525691151618957520e-01 4.045042395591735840e-01 3.692077845335006714e-01 7.371886074542999268e-02
1.525931954383850098e-01 4.045260548591613770e-01 3.691745847463607788e-01 7.370616495609283447e-02
7.801958769559860229e-01 1.810387969017028809e-01 3.474481916055083275e-02 4.020506981760263443e-03
7.565760612487792969e-02 2.881256341934204102e-01 4.872395098209381104e-01 1.489772498607635498e-01
1.524581909179687500e-01 4.044031798839569092e-01 3.693610727787017822e-01 7.377755641937255859e-02
1.524745821952819824e-01 4.044182002544403076e-01 3.693383559584617615e-01 7.376886159181594849e-02
1.629106402397155762e-01 4.132800698280334473e-01 3.552338853478431702e-01 6.857540458440780640e-02
1.631244421005249023e-01 4.134488701820373535e-01 3.549512997269630432e-01 6.847538799047470093e-02
1.631746888160705566e-01 4.134884774684906006e-01 3.548849225044250488e-01 6.845191121101379395e-02
1.629028916358947754e-01 4.132739007472991943e-01 3.552441671490669250e-01 6.857904046773910522e-02
1.630306839942932129e-01 4.133748114109039307e-01 3.550752550363540649e-01 6.851924955844879150e-02
1.629393696784973145e-01 4.133027195930480957e-01 3.551959544420242310e-01 6.856195628643035889e-02
1.630559563636779785e-01 4.133948683738708496e-01 3.550417795777320862e-01 6.850739568471908569e-02
1.630928516387939453e-01 4.134238958358764648e-01 3.549930825829505920e-01 6.849016994237899780e-02
1.629458069801330566e-01 4.133078455924987793e-01 3.551874235272407532e-01 6.855892390012741089e-02
1.629179120063781738e-01 4.132857322692871094e-01 3.552243337035179138e-01 6.857202202081680298e-02
1.630255579948425293e-01 4.133708775043487549e-01 3.550819605588912964e-01 6.852160394191741943e-02
7.740001976490020752e-01 1.858793646097183228e-01 3.595412243157625198e-02 4.166315309703350067e-03
1.631593108177185059e-01 4.134762883186340332e-01 3.549052998423576355e-01 6.845910102128982544e-02
1.630686521530151367e-01 4.134048819541931152e-01 3.550250083208084106e-01 6.850145757198333740e-02
1.630988121032714844e-01 4.134286642074584961e-01 3.549851477146148682e-01 6.848737597465515137e-02
7.575094699859619141e-02 2.883411645889282227e-01 4.870996773242950439e-01 1.488082110881805420e-01
9.618372954428195953e-01 3.251515934243798256e-02 5.079361260868608952e-03 5.681839538738131523e-04
1.628931164741516113e-01 4.132661223411560059e-01 3.552571386098861694e-01 6.858362257480621338e-02
1.628929376602172852e-01 4.132660031318664551e-01 3.552573472261428833e-01 6.858371198177337646e-02
1.522779464721679688e-01 4.042391479015350342e-01 3.696099668741226196e-01 7.387293875217437744e-02
1.520554423332214355e-01 4.040358662605285645e-01 3.699176535010337830e-01 7.399103790521621704e-02
2.005435824394226074e-01 4.361365437507629395e-01 3.092867285013198853e-01 5.403314530849456787e-02
1.520809531211853027e-01 4.040592312812805176e-01 3.698823302984237671e-01 7.397748529911041260e-02
1.220870614051818848e-01 3.706812262535095215e-01 4.138221591711044312e-01 9.340955317020416260e-02
1.520975232124328613e-01 4.040743112564086914e-01 3.698594644665718079e-01 7.396870106458663940e-02
1.520845890045166016e-01 4.040625393390655518e-01 3.698773160576820374e-01 7.397555559873580933e-02
1.631054878234863281e-01 4.134338200092315674e-01 3.549764230847358704e-01 6.848426908254623413e-02
1.522061824798583984e-01 4.041736125946044922e-01 3.697092011570930481e-01 7.391100376844406128e-02
1.520866155624389648e-01 4.040645062923431396e-01 3.698744326829910278e-01 7.397444546222686768e-02
1.521793603897094727e-01 4.041491448879241943e-01 3.697462528944015503e-01 7.392524182796478271e-02
1.521130800247192383e-01 4.040886163711547852e-01 3.698379024863243103e-01 7.396040111780166626e-02
1.522395014762878418e-01 4.042041003704071045e-01 3.696630820631980896e-01 7.389331609010696411e-02
1.522915959358215332e-01 4.042515456676483154e-01 3.695911392569541931e-01 7.386571913957595825e-02
1.521909236907958984e-01 4.041597247123718262e-01 3.697302490472793579e-01 7.391910254955291748e-02
1.522902846336364746e-01 4.042504727840423584e-01 3.695928752422332764e-01 7.386636734008789062e-02
1.374454498291015625e-01 3.893319964408874512e-01 3.907213807106018066e-01 8.250117301940917969e-02
1.520606279373168945e-01 4.040406644344329834e-01 3.699104413390159607e-01 7.398826628923416138e-02
1.520903110504150391e-01 4.040678143501281738e-01 3.698693737387657166e-01 7.397250086069107056e-02
1.599442958831787109e-01 4.108864665031433105e-01 3.591808602213859558e-01 6.998837739229202271e-02
1.010668277740478516e-01 3.388392329216003418e-01 4.470564275979995728e-01 1.130375117063522339e-01
1.599434018135070801e-01 4.108856916427612305e-01 3.591820746660232544e-01 6.998883187770843506e-02
1.599407792091369629e-01 4.108835160732269287e-01 3.591855838894844055e-01 6.999012082815170288e-02
4.292811751365661621e-01 4.108359068632125854e-01 1.411897279322147369e-01 1.869319006800651550e-02
1.599429845809936523e-01 4.108853638172149658e-01 3.591826185584068298e-01 6.998903304338455200e-02
4.073068499565124512e-01 4.203018993139266968e-01 1.519670654088258743e-01 2.042418532073497772e-02
1.599428057670593262e-01 4.108851850032806396e-01 3.591828793287277222e-01 6.998912990093231201e-02
1.599413752555847168e-01 4.108839929103851318e-01 3.591847941279411316e-01 6.998983770608901978e-02
1.599568128585815430e-01 4.108967781066894531e-01 3.591640740633010864e-01 6.998233497142791748e-02
1.599405407905578613e-01 4.108833372592926025e-01 3.591858893632888794e-01 6.999023258686065674e-02
1.599416136741638184e-01 4.108842015266418457e-01 3.591844663023948669e-01 6.998971849679946899e-02
1.599436402320861816e-01 4.108858406543731689e-01 3.591817915439605713e-01 6.998872756958007812e-02
1.599404215812683105e-01 4.108832776546478271e-01 3.591860234737396240e-01 6.999027729034423828e-02
1.599434018135070801e-01 4.108856916427612305e-01 3.591820746660232544e-01 6.998883187770843506e-02
1.599414348602294922e-01 4.108841121196746826e-01 3.591846749186515808e-01 6.998977810144424438e-02
1.599426865577697754e-01 4.108851253986358643e-01 3.591829985380172729e-01 6.998918950557708740e-02
1.599432826042175293e-01 4.108856022357940674e-01 3.591822385787963867e-01 6.998887658119201660e-02
1.599614024162292480e-01 4.109005033969879150e-01 3.591579645872116089e-01 6.998012959957122803e-02
1.627764105796813965e-01 4.131737649440765381e-01 3.554114773869514465e-01 6.863834708929061890e-02
1.627811789512634277e-01 4.131774902343750000e-01 3.554052188992500305e-01 6.863611191511154175e-02
1.627269387245178223e-01 4.131346046924591064e-01 3.554769083857536316e-01 6.866154819726943970e-02
1.627795100212097168e-01 4.131761491298675537e-01 3.554074540734291077e-01 6.863688677549362183e-02
1.627420186996459961e-01 4.131465852260589600e-01 3.554569333791732788e-01 6.865446269512176514e-02
1.628758907318115234e-01 4.132525622844696045e-01 3.552798628807067871e-01 6.859168410301208496e-02
6.918033361434936523e-01 2.482480965554714203e-01 5.360577860847115517e-02 6.342788692563772202e-03
1.627594828605651855e-01 4.131605029106140137e-01 3.554337620735168457e-01 6.864625215530395508e-02
4.611738920211791992e-01 3.955406993627548218e-01 1.268200203776359558e-01 1.646538823843002319e-02
1.627628803253173828e-01 4.131630957126617432e-01 3.554293587803840637e-01 6.864466518163681030e-02
1.627390980720520020e-01 4.131442606449127197e-01 3.554608151316642761e-01 6.865582615137100220e-02
1.627238392829895020e-01 4.131320714950561523e-01 3.554810732603073120e-01 6.866301596164703369e-02
1.627910733222961426e-01 4.131855070590972900e-01 3.553919866681098938e-01 6.863143295049667358e-02
1.627518534660339355e-01 4.131543338298797607e-01 3.554439693689346313e-01 6.864984333515167236e-02
4.060458540916442871e-01 4.208160191774368286e-01 1.526091303676366806e-01 2.052899636328220367e-02
1.627760529518127441e-01 4.131736159324645996e-01 3.554118573665618896e-01 6.863847374916076660e-02
8.599842339754104614e-01 1.172405369579792023e-01 2.044781972654163837e-02 2.327409340068697929e-03
1.627807617187500000e-01 4.131772220134735107e-01 3.554057255387306213e-01 6.863629072904586792e-02
1.308861374855041504e-01 3.817955255508422852e-01 4.004402905702590942e-01 8.687804639339447021e-02
8.558332920074462891e-02 3.097587227821350098e-01 4.718912243843078613e-01 1.327667236328125000e-01
9.409528970718383789e-02 3.263995647430419922e-01 4.582804962992668152e-01 1.212246492505073547e-01
7.261418402194976807e-01 2.226368151605129242e-01 4.584654886275529861e-02 5.374795757234096527e-03
1.540526747703552246e-01 4.058388769626617432e-01 3.671662062406539917e-01 7.294224202632904053e-02
1.538690924644470215e-01 4.056750833988189697e-01 3.674182072281837463e-01 7.303761690855026245e-02
1.539153456687927246e-01 4.057163298130035400e-01 3.673547506332397461e-01 7.301357388496398926e-02
1.538771986961364746e-01 4.056822359561920166e-01 3.674071431159973145e-01 7.303342223167419434e-02
1.540199518203735352e-01 4.058096408843994141e-01 3.672111704945564270e-01 7.295923680067062378e-02
1.538832187652587891e-01 4.056876301765441895e-01 3.673988804221153259e-01 7.303027063608169556e-02
1.538803577423095703e-01 4.056849479675292969e-01 3.674028888344764709e-01 7.303180545568466187e-02
1.540052890777587891e-01 4.057965576648712158e-01 3.672313019633293152e-01 7.296685129404067993e-02
1.539203524589538574e-01 4.057208299636840820e-01 3.673478662967681885e-01 7.301095128059387207e-02
1.540624499320983887e-01 4.058475196361541748e-01 3.671528473496437073e-01 7.293718308210372925e-02
1.540817022323608398e-01 4.058645963668823242e-01 3.671265095472335815e-01 7.292719185352325439e-02
7.461762428283691406e-02 2.857089638710021973e-01 4.887887537479400635e-01 1.508846580982208252e-01
1.539953947067260742e-01 4.057875871658325195e-01 3.672449886798858643e-01 7.297202944755554199e-02
1.538839340209960938e-01 4.056883156299591064e-01 3.673978522419929504e-01 7.302989810705184937e-02
1.538470387458801270e-01 4.056554138660430908e-01 3.674484863877296448e-01 7.304906100034713745e-02
1.538764238357543945e-01 4.056814908981323242e-01 3.674082458019256592e-01 7.303383946418762207e-02
1.552504301071166992e-01 4.068973362445831299e-01 3.655270859599113464e-01 7.232514768838882446e-02
1.550962924957275391e-01 4.067620635032653809e-01 3.657375723123550415e-01 7.240407168865203857e-02
1.553021073341369629e-01 4.069425761699676514e-01 3.654565885663032532e-01 7.229872792959213257e-02
1.554225087165832520e-01 4.070479869842529297e-01 3.652922883629798889e-01 7.223721593618392944e-02
1.174347400665283203e-01 3.643070459365844727e-01 4.210433438420295715e-01 9.721487015485763550e-02
1.552262902259826660e-01 4.068761169910430908e-01 3.655600994825363159e-01 7.233749330043792725e-02
1.552372574806213379e-01 4.068858027458190918e-01 3.655450567603111267e-01 7.233188301324844360e-02
1.552985310554504395e-01 4.069395363330841064e-01 3.654613867402076721e-01 7.230054587125778198e-02
1.552452445030212402e-01 4.068928062915802002e-01 3.655341416597366333e-01 7.232780754566192627e-02
1.551423072814941406e-01 4.068025052547454834e-01 3.656747043132781982e-01 7.238048315048217773e-02
3.491188883781433105e-01 4.402240663766860962e-01 1.846388336271047592e-01 2.601821161806583405e-02
1.550923585891723633e-01 4.067586958408355713e-01 3.657428771257400513e-01 7.240606844425201416e-02
1.552755236625671387e-01 4.069193899631500244e-01 3.654927983880043030e-01 7.231228798627853394e-02
1.552495956420898438e-01 4.068965911865234375e-01 3.655282482504844666e-01 7.232556492090225220e-02
1.553700566291809082e-01 4.070020914077758789e-01 3.653638437390327454e-01 7.226400822401046753e-02
8.882713317871093750e-02 3.162977099418640137e-01 4.667312055826187134e-01 1.281439512968063354e-01
3.637224435806274414e-02 1.722890138626098633e-01 5.161814987659454346e-01 2.751572430133819580e-01
1.551080346107482910e-01 4.067722558975219727e-01 3.657216280698776245e-01 7.239808142185211182e-02
1.552953720092773438e-01 4.069367349147796631e-01 3.654657453298568726e-01 7.230214774608612061e-02
1.452804803848266602e-01 3.975584208965301514e-01 3.794172108173370361e-01 7.774388790130615234e-02
1.451513171195983887e-01 3.974293172359466553e-01 3.796008229255676270e-01 7.781854271888732910e-02
1.451747417449951172e-01 3.974526822566986084e-01 3.795675709843635559e-01 7.780500501394271851e-02
1.451552510261535645e-01 3.974331915378570557e-01 3.795952722430229187e-01 7.781628519296646118e-02
1.435804367065429688e-01 3.958424031734466553e-01 3.818411007523536682e-01 7.873605936765670776e-02
1.451526284217834473e-01 3.974306583404541016e-01 3.795989379286766052e-01 7.781777530908584595e-02
1.452344059944152832e-01 3.975124955177307129e-01 3.794826418161392212e-01 7.777045667171478271e-02
1.451944112777709961e-01 3.974724709987640381e-01 3.795394971966743469e-01 7.779362052679061890e-02
1.452822089195251465e-01 3.975601494312286377e-01 3.794147446751594543e-01 7.774289697408676147e-02
1.451736688613891602e-01 3.974517583847045898e-01 3.795689791440963745e-01 7.780559360980987549e-02
1.452062726020812988e-01 3.974843025207519531e-01 3.795226514339447021e-01 7.778677344322204590e-02
8.314639329910278320e-02 3.046792745590209961e-01 4.757327735424041748e-01 1.364415585994720459e-01
1.451537609100341797e-01 3.974317908287048340e-01 3.795973286032676697e-01 7.781711965799331665e-02
1.452051997184753418e-01 3.974832892417907715e-01 3.795241564512252808e-01 7.778735458850860596e-02
1.454271674156188965e-01 3.977047502994537354e-01 3.792088180780410767e-01 7.765926420688629150e-02
9.483942352235317230e-01 4.387679742649197578e-02 6.949910486582666636e-03 7.790568633936345577e-04
4.015313386917114258e-01 4.226294159889221191e-01 1.549297720193862915e-01 2.090947329998016357e-02
1.451539993286132812e-01 3.974320292472839355e-01 3.795969784259796143e-01 7.781699299812316895e-02
1.451524496078491211e-01 3.974304795265197754e-01 3.795991912484169006e-01 7.781787961721420288e-02
1.572282910346984863e-01 4.086089134216308594e-01 3.628378659486770630e-01 7.132492959499359131e-02
1.571444272994995117e-01 4.085370898246765137e-01 3.629515692591667175e-01 7.136691361665725708e-02
1.573208570480346680e-01 4.086878895759582520e-01 3.627125844359397888e-01 7.127866894006729126e-02
8.564491271972656250e-01 1.201199665665626526e-01 2.103504980914294720e-02 2.395856427028775215e-03
2.287531495094299316e-01 4.457270503044128418e-01 2.794373556971549988e-01 4.608244448900222778e-02
1.570139527320861816e-01 4.084256589412689209e-01 3.631281927227973938e-01 7.143219560384750366e-02
1.570699810981750488e-01 4.084734022617340088e-01 3.630524352192878723e-01 7.140418142080307007e-02
1.572404503822326660e-01 4.086192548274993896e-01 3.628214299678802490e-01 7.131886482238769531e-02
1.571680903434753418e-01 4.085573852062225342e-01 3.629194721579551697e-01 7.135505229234695435e-02
1.570334434509277344e-01 4.084423482418060303e-01 3.631017804145812988e-01 7.142242789268493652e-02
1.571130752563476562e-01 4.085103273391723633e-01 3.629940077662467957e-01 7.138258963823318481e-02
1.571111083030700684e-01 4.085088372230529785e-01 3.629965186119079590e-01 7.138353586196899414e-02
1.571952700614929199e-01 4.085807502269744873e-01 3.628825619816780090e-01 7.134141772985458374e-02
1.475948095321655273e-01 3.998353779315948486e-01 3.761431798338890076e-01 7.642663270235061646e-02
7.222872972488403320e-02 2.800440192222595215e-01 4.922880828380584717e-01 1.554391682147979736e-01
1.571140885353088379e-01 4.085112512111663818e-01 3.629925921559333801e-01 7.138206809759140015e-02
1.570764183998107910e-01 4.084790349006652832e-01 3.630436211824417114e-01 7.140092551708221436e-02
1.569849848747253418e-01 4.084008336067199707e-01 3.631674647331237793e-01 7.144671678543090820e-02
2.183759808540344238e-01 4.428424239158630371e-01 2.899983301758766174e-01 4.878326505422592163e-02
1.577539443969726562e-01 4.090562164783477783e-01 3.621268719434738159e-01 7.106296718120574951e-02
3.053407669067382812e-01 4.489985406398773193e-01 2.140921689569950104e-01 3.156852349638938904e-02
1.576747894287109375e-01 4.089890420436859131e-01 3.622338622808456421e-01 7.110230624675750732e-02
1.576917171478271484e-01 4.090034663677215576e-01 3.622109293937683105e-01 7.109388709068298340e-02
1.574996113777160645e-01 4.088400900363922119e-01 3.624707534909248352e-01 7.118954509496688843e-02
7.502281665802001953e-02 2.866542339324951172e-01 4.881867915391921997e-01 1.501361578702926636e-01
1.119949817657470703e-01 3.563874363899230957e-01 4.295983090996742249e-01 1.020192727446556091e-01
1.575852036476135254e-01 4.089129269123077393e-01 3.623549714684486389e-01 7.114689797163009644e-02
1.577134728431701660e-01 4.090218544006347656e-01 3.621815890073776245e-01 7.108308374881744385e-02
1.575623750686645508e-01 4.088935554027557373e-01 3.623858094215393066e-01 7.115826010704040527e-02
1.574982404708862305e-01 4.088390767574310303e-01 3.624725043773651123e-01 7.119017839431762695e-02
1.576150655746459961e-01 4.089383482933044434e-01 3.623145595192909241e-01 7.113202661275863647e-02
1.575978994369506836e-01 4.089238345623016357e-01 3.623377382755279541e-01 7.114052772521972656e-02
1.577006578445434570e-01 4.090110957622528076e-01 3.621987998485565186e-01 7.108944654464721680e-02
1.576567888259887695e-01 4.089738428592681885e-01 3.622581064701080322e-01 7.111126184463500977e-02
1.576121449470520020e-01 4.089357554912567139e-01 3.623185902833938599e-01 7.113350927829742432e-02
1.576935052871704102e-01 4.090048074722290039e-01 3.622086569666862488e-01 7.109303027391433716e-02
1.574978232383728027e-01 4.088386893272399902e-01 3.624730929732322693e-01 7.119039446115493774e-02
1.575496196746826172e-01 4.088826477527618408e-01 3.624031096696853638e-01 7.116462290287017822e-02
1.202029585838317871e-01 3.681426644325256348e-01 4.167353436350822449e-01 9.491903334856033325e-02
1.533176302909851074e-01 4.051807820796966553e-01 3.681762591004371643e-01 7.332532852888107300e-02
2.859447002410888672e-01 4.507233500480651855e-01 2.287873364984989166e-01 3.454461321234703064e-02
1.533794403076171875e-01 4.052363336086273193e-01 3.680912256240844727e-01 7.329300045967102051e-02
1.535738706588745117e-01 4.054107666015625000e-01 3.678239285945892334e-01 7.319143414497375488e-02
1.533294320106506348e-01 4.051914215087890625e-01 3.681600019335746765e-01 7.331914454698562622e-02
1.534304022789001465e-01 4.052821397781372070e-01 3.680211082100868225e-01 7.326634973287582397e-02
9.104317426681518555e-02 3.206235170364379883e-01 4.631840884685516357e-01 1.251492202281951904e-01
1.533098816871643066e-01 4.051736891269683838e-01 3.681870177388191223e-01 7.332941144704818726e-02
1.534540057182312012e-01 4.053033888339996338e-01 3.679886236786842346e-01 7.325398176908493042e-02
1.533579826354980469e-01 4.052170515060424805e-01 3.681207448244094849e-01 7.330422103404998779e-02
1.533908843994140625e-01 4.052466750144958496e-01 3.680754303932189941e-01 7.328701019287109375e-02
1.532704830169677734e-01 4.051384031772613525e-01 3.682410866022109985e-01 7.335002720355987549e-02
1.533617377281188965e-01 4.052204787731170654e-01 3.681155368685722351e-01 7.330224663019180298e-02
1.533154845237731934e-01 4.051788449287414551e-01 3.681792020797729492e-01 7.332646846771240234e-02
1.534643173217773438e-01 4.053126275539398193e-01 3.679744452238082886e-01 7.324860990047454834e-02
1.534780263900756836e-01 4.053249061107635498e-01 3.679556101560592651e-01 7.324145734310150146e-02
1.533513665199279785e-01 4.052111506462097168e-01 3.681298047304153442e-01 7.330767810344696045e-02
1.534250378608703613e-01 4.052773416042327881e-01 3.680284842848777771e-01 7.326913625001907349e-02
1.657747626304626465e-01 4.155004024505615234e-01 3.514695689082145691e-01 6.725526601076126099e-02
1.656666994094848633e-01 4.154183268547058105e-01 3.516106978058815002e-01 6.730427592992782593e-02
6.635617911815643311e-01 2.687712311744689941e-01 6.045459909364581108e-02 7.212378550320863724e-03
1.658012270927429199e-01 4.155205786228179932e-01 3.514349535107612610e-01 6.724324077367782593e-02
1.656753420829772949e-01 4.154248237609863281e-01 3.515994623303413391e-01 6.730037182569503784e-02
1.657028198242187500e-01 4.154458045959472656e-01 3.515635058283805847e-01 6.728786975145339966e-02
1.658480167388916016e-01 4.155560135841369629e-01 3.513739332556724548e-01 6.722203642129898071e-02
1.657718420028686523e-01 4.154981970787048340e-01 3.514733836054801941e-01 6.725657731294631958e-02
1.657633185386657715e-01 4.154916703701019287e-01 3.514845743775367737e-01 6.726043671369552612e-02
1.657767891883850098e-01 4.155021309852600098e-01 3.514668047428131104e-01 6.725427508354187012e-02
1.657779216766357422e-01 4.155028164386749268e-01 3.514654636383056641e-01 6.725379824638366699e-02
1.656855344772338867e-01 4.154327213764190674e-01 3.515860289335250854e-01 6.729571521282196045e-02
1.658591628074645996e-01 4.155645966529846191e-01 3.513592854142189026e-01 6.721695512533187866e-02
1.660710573196411133e-01 4.157252609729766846e-01 3.510826453566551208e-01 6.712103635072708130e-02
1.797409653663635254e-01 4.251247346401214600e-01 3.337589278817176819e-01 6.137537211179733276e-02
1.657352447509765625e-01 4.154704213142395020e-01 3.515211790800094604e-01 6.727315485477447510e-02
1.657311916351318359e-01 4.154674112796783447e-01 3.515264168381690979e-01 6.727498024702072144e-02
1.656935811042785645e-01 4.154387116432189941e-01 3.515756279230117798e-01 6.729207932949066162e-02
7.517980635166168213e-01 2.030754387378692627e-01 4.041832173243165016e-02 4.708176013082265854e-03
1.584197878837585449e-01 4.096183478832244873e-01 3.612284362316131592e-01 7.073342800140380859e-02
1.580884456634521484e-01 4.093391597270965576e-01 3.616752773523330688e-01 7.089711725711822510e-02
3.140699267387390137e-01 4.477573484182357788e-01 2.078289426863193512e-01 3.034378215670585632e-02
1.581342220306396484e-01 4.093778729438781738e-01 3.616134673357009888e-01 7.087443768978118896e-02
3.434542417526245117e-01 4.416975826025009155e-01 1.881882455199956894e-01 2.665993012487888336e-02
1.019080877304077148e-01 3.402724266052246094e-01 4.457036554813385010e-01 1.121158301830291748e-01
1.581586003303527832e-01 4.093984067440032959e-01 3.615805953741073608e-01 7.086239755153656006e-02
1.582719087600708008e-01 4.094938635826110840e-01 3.614278137683868408e-01 7.080641388893127441e-02
1.581452488899230957e-01 4.093871414661407471e-01 3.615986183285713196e-01 7.086899131536483765e-02
1.580802798271179199e-01 4.093322455883026123e-01 3.616863042116165161e-01 7.090117037296295166e-02
1.781676411628723145e-01 4.241358339786529541e-01 3.357013538479804993e-01 6.199517101049423218e-02
1.584094166755676270e-01 4.096095860004425049e-01 3.612424433231353760e-01 7.073855400085449219e-02
1.582893133163452148e-01 4.095085859298706055e-01 3.614042997360229492e-01 7.079780101776123047e-02
1.582262516021728516e-01 4.094554185867309570e-01 3.614893555641174316e-01 7.082897424697875977e-02
1.582210659980773926e-01 4.094511270523071289e-01 3.614962920546531677e-01 7.083151489496231079e-02
1.581909060478210449e-01 4.094257056713104248e-01 3.615369647741317749e-01 7.084642350673675537e-02
9.242409467697143555e-02 3.232625722885131836e-01 4.609675034880638123e-01 1.233458295464515686e-01
1.581041812896728516e-01 4.093524813652038574e-01 3.616540208458900452e-01 7.088931649923324585e-02
1.580684185028076172e-01 4.093222916126251221e-01 3.617022559046745300e-01 7.090703397989273071e-02
1.583153605461120605e-01 4.095304012298583984e-01 3.613692671060562134e-01 7.078497111797332764e-02
1.579931378364562988e-01 4.092587232589721680e-01 3.618038445711135864e-01 7.094429433345794678e-02
9.427297115325927734e-02 3.267297148704528809e-01 4.579944759607315063e-01 1.210028380155563354e-01
1.581432223320007324e-01 4.093854725360870361e-01 3.616013079881668091e-01 7.086999714374542236e-02
1.582295298576354980e-01 4.094582796096801758e-01 3.614848777651786804e-01 7.082731276750564575e-02
1.580896377563476562e-01 4.093401730060577393e-01 3.616736531257629395e-01 7.089653611183166504e-02
1.581499576568603516e-01 4.093910455703735352e-01 3.615923076868057251e-01 7.086668908596038818e-02
1.581555604934692383e-01 4.093958139419555664e-01 3.615847155451774597e-01 7.086391001939773560e-02
1.582116484642028809e-01 4.094430208206176758e-01 3.615091443061828613e-01 7.083618640899658203e-02
1.580572128295898438e-01 4.093128442764282227e-01 3.617173880338668823e-01 7.091255486011505127e-02
1.580837368965148926e-01 4.093352258205413818e-01 3.616816103458404541e-01 7.089942693710327148e-02
1.580740809440612793e-01 4.093271195888519287e-01 3.616945967078208923e-01 7.090420275926589966e-02
1.581653356552124023e-01 4.094040989875793457e-01 3.615714907646179199e-01 7.085907459259033203e-02
1.138805150985717773e-01 3.591911196708679199e-01 4.266204833984375000e-01 1.003078818321228027e-01
1.704974770545959473e-01 4.189733862876892090e-01 3.453615158796310425e-01 6.516762077808380127e-02
1.581317186355590820e-01 4.093758165836334229e-01 3.616167828440666199e-01 7.087568193674087524e-02
1.581246256828308105e-01 4.093698263168334961e-01 3.616263642907142639e-01 7.087918370962142944e-02
1.579863429069519043e-01 4.092529714107513428e-01 3.618130311369895935e-01 7.094765454530715942e-02
1.580583453178405762e-01 4.093138575553894043e-01 3.617158085107803345e-01 7.091198861598968506e-02
1.593080163002014160e-01 4.103603661060333252e-01 3.600338771939277649e-01 7.029774039983749390e-02
1.593763232231140137e-01 4.104171097278594971e-01 3.599421307444572449e-01 7.026443630456924438e-02
1.592469215393066406e-01 4.103096127510070801e-01 3.601158931851387024e-01 7.032757252454757690e-02
1.592475175857543945e-01 4.103101193904876709e-01 3.601150736212730408e-01 7.032728940248489380e-02
1.594374179840087891e-01 4.104676842689514160e-01 3.598602414131164551e-01 7.023465633392333984e-02
1.592580676078796387e-01 4.103187918663024902e-01 3.601009771227836609e-01 7.032216340303421021e-02
1.593200564384460449e-01 4.103703200817108154e-01 3.600177392363548279e-01 7.029188424348831177e-02
1.594837307929992676e-01 4.105060994625091553e-01 3.597980812191963196e-01 7.021208852529525757e-02
1.592605710029602051e-01 4.103208780288696289e-01 3.600976169109344482e-01 7.032093405723571777e-02
1.117187142372131348e-01 3.559712171554565430e-01 4.300357252359390259e-01 1.022743433713912964e-01
1.592919826507568359e-01 4.103471338748931885e-01 3.600553199648857117e-01 7.030556350946426392e-02
7.464190721511840820e-01 2.072049565613269806e-01 4.153175698593258858e-02 4.844214301556348801e-03
1.401467323303222656e-01 3.922608494758605957e-01 3.867858573794364929e-01 8.080656081438064575e-02
1.693404912948608398e-01 4.181437790393829346e-01 3.468465879559516907e-01 6.566914170980453491e-02
1.592860817909240723e-01 4.103421866893768311e-01 3.600632846355438232e-01 7.030844688415527344e-02
1.593189835548400879e-01 4.103693366050720215e-01 3.600192368030548096e-01 7.029244303703308105e-02
1.595792770385742188e-01 4.105852842330932617e-01 3.596698790788650513e-01 7.016555964946746826e-02
1.593337655067443848e-01 4.103818237781524658e-01 3.599992245435714722e-01 7.028518617153167725e-02
1.593070030212402344e-01 4.103595018386840820e-01 3.600352257490158081e-01 7.029826939105987549e-02
1.505655050277709961e-01 4.026599824428558350e-01 3.719845935702323914e-01 7.478991895914077759e-02
8.454281091690063477e-02 3.076076507568359375e-01 4.735358208417892456e-01 1.343137174844741821e-01
1.506744027137756348e-01 4.027613401412963867e-01 3.718331977725028992e-01 7.473105937242507935e-02
1.506356000900268555e-01 4.027253687381744385e-01 3.718870431184768677e-01 7.475198805332183838e-02
1.504276394844055176e-01 4.025312662124633789e-01 3.721765205264091492e-01 7.486457377672195435e-02
1.504876017570495605e-01 4.025872051715850830e-01 3.720930889248847961e-01 7.483210414648056030e-02
2.951050400733947754e-01 4.500936269760131836e-01 2.217087335884571075e-01 3.309259936213493347e-02
1.504319310188293457e-01 4.025352597236633301e-01 3.721705675125122070e-01 7.486224174499511719e-02
1.506217718124389648e-01 4.027123749256134033e-01 3.719063624739646912e-01 7.475949078798294067e-02
1.504990458488464355e-01 4.025978147983551025e-01 3.720772117376327515e-01 7.482592761516571045e-02
1.504210233688354492e-01 4.025250375270843506e-01 3.721857666969299316e-01 7.486817240715026855e-02
1.504977345466613770e-01 4.025966823101043701e-01 3.720789849758148193e-01 7.482659816741943359e-02
9.304312020540237427e-01 5.897898133844137192e-02 9.519620216451585293e-03 1.070196391083300114e-03
1.505295634269714355e-01 4.026263654232025146e-01 3.720346987247467041e-01 7.480937242507934570e-02
8.767171949148178101e-01 1.035508699715137482e-01 1.772114331834018230e-02 2.010791795328259468e-03
1.504495739936828613e-01 4.025516510009765625e-01 3.721460551023483276e-01 7.485271990299224854e-02
1.504136919975280762e-01 4.025181531906127930e-01 3.721959963440895081e-01 7.487215846776962280e-02
1.504675149917602539e-01 4.025684893131256104e-01 3.721210211515426636e-01 7.484297454357147217e-02
1.504173874855041504e-01 4.025216996669769287e-01 3.721907883882522583e-01 7.487012445926666260e-02
1.666582822799682617e-01 4.161678254604339600e-01 3.503174930810928345e-01 6.685639917850494385e-02
1.527616977691650391e-01 4.046788215637207031e-01 3.689421713352203369e-01 7.361730933189392090e-02
1.530689001083374023e-01 4.049566984176635742e-01 3.685186803340911865e-01 7.345572113990783691e-02
1.529766917228698730e-01 4.048734009265899658e-01 3.686457574367523193e-01 7.350414991378784180e-02
1.528021693229675293e-01 4.047155976295471191e-01 3.688862621784210205e-01 7.359597086906433105e-02
1.528730988502502441e-01 4.047796726226806641e-01 3.687885701656341553e-01 7.355865836143493652e-02
1.528662443161010742e-01 4.047736227512359619e-01 3.687978982925415039e-01 7.356223464012145996e-02
4.431521892547607422e-02 2.003602385520935059e-01 5.192659795284271240e-01 2.360585629940032959e-01
1.529468297958374023e-01 4.048463702201843262e-01 3.686869293451309204e-01 7.351987063884735107e-02
1.527844071388244629e-01 4.046994745731353760e-01 3.689107820391654968e-01 7.360533624887466431e-02
1.527889370918273926e-01 4.047035276889801025e-01 3.689045682549476624e-01 7.360296696424484253e-02
1.215854287147521973e-01 3.700109720230102539e-01 4.145962297916412354e-01 9.380736947059631348e-02
1.527725458145141602e-01 4.046888351440429688e-01 3.689270690083503723e-01 7.361155003309249878e-02
1.530683636665344238e-01 4.049561619758605957e-01 3.685194626450538635e-01 7.345601171255111694e-02
1.529357433319091797e-01 4.048363864421844482e-01 3.687021806836128235e-01 7.352568954229354858e-02
4.445974230766296387e-01 4.037065058946609497e-01 1.341113969683647156e-01 1.758467406034469604e-02
1.527877449989318848e-01 4.047023952007293701e-01 3.689062744379043579e-01 7.360358536243438721e-02
1.527670025825500488e-01 4.046836793422698975e-01 3.689348027110099792e-01 7.361451536417007446e-02
1.528086066246032715e-01 4.047214388847351074e-01 3.688773885369300842e-01 7.359256595373153687e-02
1.662454605102539062e-01 4.158570766448974609e-01 3.508551940321922302e-01 6.704226881265640259e-02
1.546794176101684570e-01 4.063948690891265869e-01 3.663074746727943420e-01 7.261823862791061401e-02
1.546430587768554688e-01 4.063625931739807129e-01 3.663573563098907471e-01 7.263699173927307129e-02
1.547623276710510254e-01 4.064679145812988281e-01 3.661941736936569214e-01 7.257558405399322510e-02
1.547250747680664062e-01 4.064350724220275879e-01 3.662451207637786865e-01 7.259473204612731934e-02
1.546732783317565918e-01 4.063893258571624756e-01 3.663159757852554321e-01 7.262142002582550049e-02
1.546639204025268555e-01 4.063811004161834717e-01 3.663287460803985596e-01 7.262623310089111328e-02
3.000599145889282227e-01 4.496135711669921875e-01 2.179840691387653351e-01 3.234244510531425476e-02
1.546968817710876465e-01 4.064102768898010254e-01 3.662835955619812012e-01 7.260924577713012695e-02
1.547997593879699707e-01 4.065010845661163330e-01 3.661428689956665039e-01 7.255628705024719238e-02
1.546992063522338867e-01 4.064121842384338379e-01 3.662805184721946716e-01 7.260809093713760376e-02
1.546553373336791992e-01 4.063734710216522217e-01 3.663405254483222961e-01 7.263066619634628296e-02
1.546689271926879883e-01 4.063855409622192383e-01 3.663218989968299866e-01 7.262363284826278687e-02
1.546767950057983398e-01 4.063924849033355713e-01 3.663111180067062378e-01 7.261960208415985107e-02
1.547484397888183594e-01 4.064557850360870361e-01 3.662130758166313171e-01 7.258269935846328735e-02
3.068203926086425781e-01 4.488075971603393555e-01 2.130157761275768280e-01 3.135623410344123840e-02
1.548308730125427246e-01 4.065283536911010742e-01 3.661004304885864258e-01 7.254034280776977539e-02
1.546608805656433105e-01 4.063782989978790283e-01 3.663329780101776123e-01 7.262784242630004883e-02
1.547105312347412109e-01 4.064222574234008789e-01 3.662649616599082947e-01 7.260224968194961548e-02
1.622798442840576172e-01 4.127790331840515137e-01 3.560691773891448975e-01 6.887194514274597168e-02
2.050624489784240723e-01 4.380582869052886963e-01 3.042571246623992920e-01 5.262213945388793945e-02
1.620894074440002441e-01 4.126270711421966553e-01 3.563216850161552429e-01 6.896183639764785767e-02
1.621433496475219727e-01 4.126701653003692627e-01 3.562501296401023865e-01 6.893635541200637817e-02
1.621837019920349121e-01 4.127024114131927490e-01 3.561966121196746826e-01 6.891727447509765625e-02
1.620635986328125000e-01 4.126063883304595947e-01 3.563559576869010925e-01 6.897405534982681274e-02
4.449396729469299316e-01 4.035425335168838501e-01 1.339570414274930954e-01 1.756075210869312286e-02
1.622537374496459961e-01 4.127583801746368408e-01 3.561036735773086548e-01 6.888420879840850830e-02
1.620562672615051270e-01 4.126004576683044434e-01 3.563657477498054504e-01 6.897752732038497925e-02
1.623404622077941895e-01 4.128275811672210693e-01 3.559886589646339417e-01 6.884329766035079956e-02
1.621602773666381836e-01 4.126836657524108887e-01 3.562276884913444519e-01 6.892836838960647583e-02
1.621037721633911133e-01 4.126386046409606934e-01 3.563025817275047302e-01 6.895504146814346313e-02
1.038829684257507324e-01 3.435812592506408691e-01 4.425321817398071289e-01 1.100035905838012695e-01
1.620613336563110352e-01 4.126046597957611084e-01 3.563589081168174744e-01 6.897509843111038208e-02
1.811923980712890625e-01 4.260162711143493652e-01 3.319788649678230286e-01 6.081246584653854370e-02
1.621108055114746094e-01 4.126441180706024170e-01 3.562933430075645447e-01 6.895173341035842896e-02
1.622138023376464844e-01 4.127265214920043945e-01 3.561566248536109924e-01 6.890305131673812866e-02
1.620633006095886230e-01 4.126061201095581055e-01 3.563563674688339233e-01 6.897421181201934814e-02
1.620724797248840332e-01 4.126135408878326416e-01 3.563441485166549683e-01 6.896983087062835693e-02
1.522714495658874512e-01 4.042333066463470459e-01 3.696188926696777344e-01 7.387635111808776855e-02
1.521582007408142090e-01 4.041298031806945801e-01 3.697755262255668640e-01 7.393646985292434692e-02
1.522582769393920898e-01 4.042212069034576416e-01 3.696371540427207947e-01 7.388336211442947388e-02
1.522071957588195801e-01 4.041746556758880615e-01 3.697076961398124695e-01 7.391045242547988892e-02
1.523368358612060547e-01 4.042927026748657227e-01 3.695286810398101807e-01 7.384178042411804199e-02
9.554308652877807617e-02 3.290678262710571289e-01 4.559500366449356079e-01 1.194390505552291870e-01
2.393233776092529297e-01 4.479690492153167725e-01 2.691491842269897461e-01 4.355838894844055176e-02
1.522072553634643555e-01 4.041746854782104492e-01 3.697076365351676941e-01 7.391042262315750122e-02
1.633287072181701660e-01 4.136096835136413574e-01 3.546815440058708191e-01 6.838006526231765747e-02
1.521555185317993164e-01 4.041273593902587891e-01 3.697792366147041321e-01 7.393788546323776245e-02
1.521863937377929688e-01 4.041556119918823242e-01 3.697365149855613708e-01 7.392147928476333618e-02
1.521535515785217285e-01 4.041256308555603027e-01 3.697818964719772339e-01 7.393892109394073486e-02
1.521732807159423828e-01 4.041436314582824707e-01 3.697546496987342834e-01 7.392843812704086304e-02
1.521968841552734375e-01 4.041652977466583252e-01 3.697219192981719971e-01 7.391589879989624023e-02
5.409083068370819092e-01 3.507587984204292297e-01 9.631787706166505814e-02 1.201501768082380295e-02
1.522368192672729492e-01 4.042016565799713135e-01 3.696667850017547607e-01 7.389473915100097656e-02
1.521756649017333984e-01 4.041458368301391602e-01 3.697513341903686523e-01 7.392716407775878906e-02
1.521328091621398926e-01 4.041067361831665039e-01 3.698105365037918091e-01 7.394991815090179443e-02
4.559378027915954590e-01 3.981684148311614990e-01 1.290833577513694763e-01 1.681042462587356567e-02
3.071429133415222168e-01 4.487648904323577881e-01 2.127819694578647614e-01 3.131022676825523376e-02
1.545165181159973145e-01 4.062507450580596924e-01 3.665305078029632568e-01 7.270222902297973633e-02
1.547397375106811523e-01 4.064479768276214600e-01 3.662250638008117676e-01 7.258722186088562012e-02
1.546919345855712891e-01 4.064058959484100342e-01 3.662903904914855957e-01 7.261177897453308105e-02
1.546678543090820312e-01 4.063845574855804443e-01 3.663233742117881775e-01 7.262421399354934692e-02
1.548358201980590820e-01 4.065326750278472900e-01 3.660936951637268066e-01 7.253780961036682129e-02
1.545819640159606934e-01 4.063085615634918213e-01 3.664409816265106201e-01 7.266849279403686523e-02
8.438500165939331055e-01 1.303449552506208420e-01 2.316064154729247093e-02 2.644386608153581619e-03
1.546093821525573730e-01 4.063328802585601807e-01 3.664033934473991394e-01 7.265434414148330688e-02
1.546239852905273438e-01 4.063457250595092773e-01 3.663834631443023682e-01 7.264682650566101074e-02
1.545442938804626465e-01 4.062752723693847656e-01 3.664925098419189453e-01 7.268792390823364258e-02
1.545896530151367188e-01 4.063153266906738281e-01 3.664304763078689575e-01 7.266454398632049561e-02
1.546698808670043945e-01 4.063864648342132568e-01 3.663205131888389587e-01 7.262314110994338989e-02
1.546420454978942871e-01 4.063617587089538574e-01 3.663586825132369995e-01 7.263751327991485596e-02
1.546310186386108398e-01 4.063521027565002441e-01 3.663737177848815918e-01 7.264316082000732422e-02
1.546959280967712402e-01 4.064094722270965576e-01 3.662848696112632751e-01 7.260973006486892700e-02
1.545774340629577637e-01 4.063047170639038086e-01 3.664470613002777100e-01 7.267078757286071777e-02
1.545110940933227539e-01 4.062458872795104980e-01 3.665379807353019714e-01 7.270503789186477661e-02
1.545543670654296875e-01 4.062842726707458496e-01 3.664786741137504578e-01 7.268268615007400513e-02
1.613535284996032715e-01 4.120357036590576172e-01 3.572995960712432861e-01 6.931117177009582520e-02
2.419988512992858887e-01 4.484314918518066406e-01 2.666171640157699585e-01 4.295249283313751221e-02
1.614678502082824707e-01 4.121278226375579834e-01 3.571475818753242493e-01 6.925674527883529663e-02
1.614260673522949219e-01 4.120942056179046631e-01 3.572031036019325256e-01 6.927662342786788940e-02
1.613610982894897461e-01 4.120417535305023193e-01 3.572895601391792297e-01 6.930758804082870483e-02
1.614851951599121094e-01 4.121417701244354248e-01 3.571245372295379639e-01 6.924849748611450195e-02
2.376718521118164062e-01 4.476628303527832031e-01 2.707264982163906097e-01 4.393881931900978088e-02
1.612753868103027344e-01 4.119725525379180908e-01 3.574036136269569397e-01 6.934844702482223511e-02
1.613921523094177246e-01 4.120668768882751465e-01 3.572482094168663025e-01 6.929276138544082642e-02
1.613286733627319336e-01 4.120154976844787598e-01 3.573327735066413879e-01 6.932305544614791870e-02
1.612959504127502441e-01 4.119891226291656494e-01 3.573762997984886169e-01 6.933862715959548950e-02
1.615430712699890137e-01 4.121885895729064941e-01 3.570474386215209961e-01 6.922090053558349609e-02
9.615039825439453125e-02 3.301735520362854004e-01 4.549720659852027893e-01 1.187039837241172791e-01
1.613692641258239746e-01 4.120483398437500000e-01 3.572787120938301086e-01 6.930368393659591675e-02
1.613813638687133789e-01 4.120582342147827148e-01 3.572625219821929932e-01 6.929787993431091309e-02
1.614592671394348145e-01 4.121210575103759766e-01 3.571588844060897827e-01 6.926079094409942627e-02
1.613305211067199707e-01 4.120170176029205322e-01 3.573302924633026123e-01 6.932216882705688477e-02
1.613754630088806152e-01 4.120532572269439697e-01 3.572705239057540894e-01 6.930075585842132568e-02
1.613431572914123535e-01 4.120273590087890625e-01 3.573133721947669983e-01 6.931611150503158569e-02
1.610713601112365723e-01 4.118072390556335449e-01 3.576754629611968994e-01 6.944593787193298340e-02
1.609457731246948242e-01 4.117054939270019531e-01 3.578427433967590332e-01 6.950598955154418945e-02
1.610636115074157715e-01 4.118010699748992920e-01 3.576857149600982666e-01 6.944960355758666992e-02
1.609395742416381836e-01 4.117003679275512695e-01 3.578510731458663940e-01 6.950898468494415283e-02
1.611639261245727539e-01 4.118823111057281494e-01 3.575520887970924377e-01 6.940167397260665894e-02
1.611084938049316406e-01 4.118374586105346680e-01 3.576259166002273560e-01 6.942813098430633545e-02
1.609426736831665039e-01 4.117029309272766113e-01 3.578469231724739075e-01 6.950747221708297729e-02
1.610324978828430176e-01 4.117757976055145264e-01 3.577272072434425354e-01 6.946449726819992065e-02
1.609436869621276855e-01 4.117038249969482422e-01 3.578455075621604919e-01 6.950698047876358032e-02
1.609982252120971680e-01 4.117481112480163574e-01 3.577727973461151123e-01 6.948086619377136230e-02
1.610070466995239258e-01 4.117551743984222412e-01 3.577611073851585388e-01 6.947667151689529419e-02
2.593114376068115234e-01 4.504722356796264648e-01 2.508982904255390167e-01 3.931803628802299500e-02
1.231006979942321777e-01 3.720231056213378906e-01 4.122616127133369446e-01 9.261458367109298706e-02
1.609693765640258789e-01 4.117245376110076904e-01 3.578113839030265808e-01 6.949470192193984985e-02
1.610420346260070801e-01 4.117835760116577148e-01 3.577144742012023926e-01 6.945991516113281250e-02
1.610526442527770996e-01 4.117920696735382080e-01 3.577004075050354004e-01 6.945487856864929199e-02
1.610837578773498535e-01 4.118173718452453613e-01 3.576588928699493408e-01 6.943997740745544434e-02
1.609418392181396484e-01 4.117021858692169189e-01 3.578480705618858337e-01 6.950790435075759888e-02
1.610122323036193848e-01 4.117593467235565186e-01 3.577542155981063843e-01 6.947420537471771240e-02
1.521560549736022949e-01 4.041278064250946045e-01 3.697785288095474243e-01 7.393760979175567627e-02
1.521134376525878906e-01 4.040889143943786621e-01 3.698374256491661072e-01 7.396022230386734009e-02
1.519981622695922852e-01 4.039835631847381592e-01 3.699968084692955017e-01 7.402146607637405396e-02
1.520155072212219238e-01 4.039993286132812500e-01 3.699728846549987793e-01 7.401227951049804688e-02
1.520275473594665527e-01 4.040104448795318604e-01 3.699561655521392822e-01 7.400584220886230469e-02
1.519804000854492188e-01 4.039673805236816406e-01 3.700213208794593811e-01 7.403089851140975952e-02
8.238768577575683594e-02 3.030680418014526367e-01 4.769209325313568115e-01 1.376233398914337158e-01
1.519814729690551758e-01 4.039682149887084961e-01 3.700199574232101440e-01 7.403035461902618408e-02
2.273764014244079590e-01 4.453844726085662842e-01 2.808116935193538666e-01 4.642743244767189026e-02
1.519877910614013672e-01 4.039741158485412598e-01 3.700111359357833862e-01 7.402695715427398682e-02
1.520695686340332031e-01 4.040488004684448242e-01 3.698981031775474548e-01 7.398352771997451782e-02
1.520744562149047852e-01 4.040533304214477539e-01 3.698912784457206726e-01 7.398093491792678833e-02
1.520325541496276855e-01 4.040149748325347900e-01 3.699492737650871277e-01 7.400319725275039673e-02
1.520062088966369629e-01 4.039909541606903076e-01 3.699856549501419067e-01 7.401718199253082275e-02
4.061949253082275391e-01 4.207554459571838379e-01 1.525330543518066406e-01 2.051657438278198242e-02
1.520981788635253906e-01 4.040750563144683838e-01 3.698584586381912231e-01 7.396830618381500244e-02
1.454653143882751465e-01 3.977428078651428223e-01 3.791546076536178589e-01 7.763727009296417236e-02
1.520871520042419434e-01 4.040648937225341797e-01 3.698737695813179016e-01 7.397418469190597534e-02
9.243535995483398438e-02 3.232840299606323242e-01 4.609493464231491089e-01 1.233312636613845825e-01
1.617305278778076172e-01 4.123394191265106201e-01 3.567982241511344910e-01 6.913182884454727173e-02
1.186523437500000000e-01 3.660098910331726074e-01 4.191444888710975647e-01 9.619327634572982788e-02
1.615149378776550293e-01 4.121658504009246826e-01 3.570848852396011353e-01 6.923432648181915283e-02
1.618355512619018555e-01 4.124236702919006348e-01 3.566587343811988831e-01 6.908204406499862671e-02
1.615160703659057617e-01 4.121668040752410889e-01 3.570833653211593628e-01 6.923376023769378662e-02
5.794779658317565918e-01 3.264172598719596863e-01 8.381377253681421280e-02 1.029100175946950912e-02
1.615058183670043945e-01 4.121586084365844727e-01 3.570969402790069580e-01 6.923863291740417480e-02
1.616361737251281738e-01 4.122635126113891602e-01 3.569236546754837036e-01 6.917665898799896240e-02
1.616824865341186523e-01 4.123007953166961670e-01 3.568620830774307251e-01 6.915463507175445557e-02
1.615176796913146973e-01 4.121680557727813721e-01 3.570812568068504333e-01 6.923300772905349731e-02
1.615366339683532715e-01 4.121834039688110352e-01 3.570559918880462646e-01 6.922397017478942871e-02
2.897881269454956055e-01 4.505007863044738770e-01 2.257863320410251617e-01 3.392475470900535583e-02
1.614663004875183105e-01 4.121266901493072510e-01 3.571495711803436279e-01 6.925743818283081055e-02
1.616123914718627930e-01 4.122443795204162598e-01 3.569552749395370483e-01 6.918795406818389893e-02
1.882613301277160645e-01 4.300853610038757324e-01 3.234672918915748596e-01 5.818601697683334351e-02
8.712463974952697754e-01 1.080374605953693390e-01 1.860314887017011642e-02 2.112993039190769196e-03
1.616646647453308105e-01 4.122864902019500732e-01 3.568857386708259583e-01 6.916310638189315796e-02
1.615111827850341797e-01 4.121628403663635254e-01 3.570898696780204773e-01 6.923610717058181763e-02
1.614754199981689453e-01 4.121341109275817871e-01 3.571373969316482544e-01 6.925307214260101318e-02
1.068698167800903320e-01 3.484405875205993652e-01 4.377499222755432129e-01 1.069396734237670898e-01
1.502963900566101074e-01 4.024085104465484619e-01 3.723593428730964661e-01 7.493575662374496460e-02
1.738858222961425781e-01 4.213250875473022461e-01 3.410547450184822083e-01 6.373434513807296753e-02
1.502818465232849121e-01 4.023949205875396729e-01 3.723795711994171143e-01 7.494366168975830078e-02
8.037376403808593750e-02 2.987201213836669922e-01 4.800539612770080566e-01 1.408521533012390137e-01
1.503690481185913086e-01 4.024764299392700195e-01 3.722581714391708374e-01 7.489635050296783447e-02
1.503165960311889648e-01 4.024273753166198730e-01 3.723312243819236755e-01 7.492480427026748657e-02
1.504668593406677246e-01 4.025678038597106934e-01 3.721219971776008606e-01 7.484333962202072144e-02
1.503304839134216309e-01 4.024403393268585205e-01 3.723118975758552551e-01 7.491727918386459351e-02
1.503094434738159180e-01 4.024207293987274170e-01 3.723411560058593750e-01 7.492867112159729004e-02
9.146018922328948975e-01 7.220850698649883270e-02 1.185351680032908916e-02 1.336083980277180672e-03
1.503437161445617676e-01 4.024528563022613525e-01 3.722933456301689148e-01 7.491008192300796509e-02
1.505112648010253906e-01 4.026092886924743652e-01 3.720601573586463928e-01 7.481928914785385132e-02
1.507388353347778320e-01 4.028213322162628174e-01 3.717435598373413086e-01 7.469627261161804199e-02
1.504171490669250488e-01 4.025212824344635010e-01 3.721912652254104614e-01 7.487030327320098877e-02
1.504176259040832520e-01 4.025218784809112549e-01 3.721904903650283813e-01 7.487000524997711182e-02
3.015191555023193359e-01 4.494541138410568237e-01 2.169007249176502228e-01 3.212600573897361755e-02
1.502809524536132812e-01 4.023940563201904297e-01 3.723808377981185913e-01 7.494415342807769775e-02
1.503103971481323242e-01 4.024216830730438232e-01 3.723397776484489441e-01 7.492814213037490845e-02
1.583993434906005859e-01 4.096012413501739502e-01 3.612559214234352112e-01 7.074349373579025269e-02
7.136328220367431641e-01 2.320454381406307220e-01 4.860488977283239365e-02 5.716850049793720245e-03
1.587970256805419922e-01 4.099345505237579346e-01 3.607205897569656372e-01 7.054783403873443604e-02
1.583731770515441895e-01 4.095791578292846680e-01 3.612912446260452271e-01 7.075642049312591553e-02
1.138101220130920410e-01 3.590874075889587402e-01 4.267315492033958435e-01 1.003709211945533752e-01
1.584106087684631348e-01 4.096105992794036865e-01 3.612408414483070374e-01 7.073795050382614136e-02
1.584147214889526367e-01 4.096140563488006592e-01 3.612352982163429260e-01 7.073592394590377808e-02
1.584993004798889160e-01 4.096851944923400879e-01 3.611212745308876038e-01 7.069423049688339233e-02
1.584926843643188477e-01 4.096794724464416504e-01 3.611303120851516724e-01 7.069753110408782959e-02
1.583794355392456055e-01 4.095843732357025146e-01 3.612828701734542847e-01 7.075332105159759521e-02
1.584144830703735352e-01 4.096139073371887207e-01 3.612355664372444153e-01 7.073604315519332886e-02
1.584653258323669434e-01 4.096564948558807373e-01 3.611671701073646545e-01 7.071100920438766479e-02
1.584259867668151855e-01 4.096234440803527832e-01 3.612201660871505737e-01 7.073040306568145752e-02
1.585710048675537109e-01 4.097452163696289062e-01 3.610248193144798279e-01 7.065895944833755493e-02
1.308276653289794922e-01 3.817256689071655273e-01 4.005278497934341431e-01 8.691881597042083740e-02
7.235413789749145508e-02 2.803454995155334473e-01 4.921065568923950195e-01 1.551938056945800781e-01
7.748897373676300049e-01 1.851854883134365082e-01 3.577953437343239784e-02 4.145239945501089096e-03
1.583387255668640137e-01 4.095502197742462158e-01 3.613376691937446594e-01 7.077338546514511108e-02
1.584138870239257812e-01 4.096133708953857422e-01 3.612364158034324646e-01 7.073632627725601196e-02
1.609266400337219238e-01 4.116899073123931885e-01 3.578682988882064819e-01 6.951515376567840576e-02
1.608832478523254395e-01 4.116545915603637695e-01 3.579261898994445801e-01 6.953597068786621094e-02
1.608646512031555176e-01 4.116394817829132080e-01 3.579509779810905457e-01 6.954488903284072876e-02
1.608174443244934082e-01 4.116010963916778564e-01 3.580139502882957458e-01 6.956750899553298950e-02
1.609957218170166016e-01 4.117459058761596680e-01 3.577762618660926819e-01 6.948211044073104858e-02
1.608543992042541504e-01 4.116311669349670410e-01 3.579646348953247070e-01 6.954979896545410156e-02
1.608539819717407227e-01 4.116308391094207764e-01 3.579651936888694763e-01 6.954998522996902466e-02
1.610543727874755859e-01 4.117935895919799805e-01 3.576980233192443848e-01 6.945401430130004883e-02
1.608338356018066406e-01 4.116144180297851562e-01 3.579920902848243713e-01 6.955965608358383179e-02
1.609783768653869629e-01 4.117318391799926758e-01 3.577993586659431458e-01 6.949042528867721558e-02
1.608234047889709473e-01 4.116060137748718262e-01 3.580059409141540527e-01 6.956464052200317383e-02
5.906497240066528320e-01 3.190961405634880066e-01 8.042145241051912308e-02 9.832683019340038300e-03
3.429839015007019043e-01 4.418157488107681274e-01 1.884862184524536133e-01 2.671413123607635498e-02
1.608515381813049316e-01 4.116288721561431885e-01 3.579684346914291382e-01 6.955115497112274170e-02
1.608770489692687988e-01 4.116496443748474121e-01 3.579344004392623901e-01 6.953890621662139893e-02
1.608836054801940918e-01 4.116549193859100342e-01 3.579256832599639893e-01 6.953579187393188477e-02
1.610482335090637207e-01 4.117887020111083984e-01 3.577061221003532410e-01 6.945694237947463989e-02
1.608141660690307617e-01 4.115984439849853516e-01 3.580183014273643494e-01 6.956908851861953735e-02
1.608860492706298828e-01 4.116567969322204590e-01 3.579225093126296997e-01 6.953464448451995850e-02
1.566259860992431641e-01 4.080924391746520996e-01 3.636544868350028992e-01 7.162708789110183716e-02
1.564695835113525391e-01 4.079577326774597168e-01 3.638668283820152283e-01 7.170585542917251587e-02
1.582955121994018555e-01 4.095137119293212891e-01 3.613959997892379761e-01 7.079477608203887939e-02
1.565652489662170410e-01 4.080402255058288574e-01 3.637368828058242798e-01 7.165764272212982178e-02
6.737380325794219971e-01 2.614359110593795776e-01 5.793524067848920822e-02 6.890815682709217072e-03
8.512157201766967773e-02 3.088073730468750000e-01 4.726218134164810181e-01 1.334492415189743042e-01
1.565561890602111816e-01 4.080323278903961182e-01 3.637492582201957703e-01 7.166222482919692993e-02
1.565391421318054199e-01 4.080176353454589844e-01 3.637724146246910095e-01 7.167080789804458618e-02
1.565861105918884277e-01 4.080582261085510254e-01 3.637085407972335815e-01 7.164712250232696533e-02
1.565420031547546387e-01 4.080201089382171631e-01 3.637685105204582214e-01 7.166937738656997681e-02
1.740855574607849121e-01 4.214602112770080566e-01 3.408027812838554382e-01 6.365144997835159302e-02
1.564617753028869629e-01 4.079509377479553223e-01 3.638774678111076355e-01 7.170981913805007935e-02
1.565918922424316406e-01 4.080631434917449951e-01 3.637007251381874084e-01 7.164423912763595581e-02
1.566112041473388672e-01 4.080798029899597168e-01 3.636745065450668335e-01 7.163448631763458252e-02
1.565937399864196777e-01 4.080647826194763184e-01 3.636981844902038574e-01 7.164329290390014648e-02
1.565686464309692383e-01 4.080430567264556885e-01 3.637323528528213501e-01 7.165594398975372314e-02
7.092088460922241211e-02 2.768743634223937988e-01 4.941643923521041870e-01 1.580403596162796021e-01
1.565004587173461914e-01 4.079842865467071533e-01 3.638249486684799194e-01 7.169030606746673584e-02
3.283259868621826172e-01 4.451629966497421265e-01 1.980333514511585236e-01 2.847766503691673279e-02
1.617019772529602051e-01 4.123164117336273193e-01 3.568361997604370117e-01 6.914541125297546387e-02
1.618779301643371582e-01 4.124577343463897705e-01 3.566024079918861389e-01 6.906192749738693237e-02
1.619273424148559570e-01 4.124973714351654053e-01 3.565367758274078369e-01 6.903851032257080078e-02
1.617472767829895020e-01 4.123527407646179199e-01 3.567760735750198364e-01 6.912390887737274170e-02
1.618440151214599609e-01 4.124304652214050293e-01 3.566474914550781250e-01 6.907802820205688477e-02
1.618103981018066406e-01 4.124034941196441650e-01 3.566921502351760864e-01 6.909395754337310791e-02
1.617994308471679688e-01 4.123947024345397949e-01 3.567067161202430725e-01 6.909915059804916382e-02
1.618868112564086914e-01 4.124647974967956543e-01 3.565906658768653870e-01 6.905772536993026733e-02
1.618090867996215820e-01 4.124024808406829834e-01 3.566938415169715881e-01 6.909459084272384644e-02
1.617493033409118652e-01 4.123543500900268555e-01 3.567733839154243469e-01 6.912296265363693237e-02
1.619155406951904297e-01 4.124878048896789551e-01 3.565525189042091370e-01 6.904413551092147827e-02
1.618204116821289062e-01 4.124115109443664551e-01 3.566788658499717712e-01 6.908921152353286743e-02
1.618879437446594238e-01 4.124657809734344482e-01 3.565890938043594360e-01 6.905718147754669189e-02
1.619020104408264160e-01 4.124770164489746094e-01 3.565704450011253357e-01 6.905052810907363892e-02
1.618936061859130859e-01 4.124702513217926025e-01 3.565816357731819153e-01 6.905450671911239624e-02
8.203732967376708984e-01 1.492361873388290405e-01 2.726301620714366436e-02 3.127499716356396675e-03
1.027969717979431152e-01 3.417711853981018066e-01 4.442755132913589478e-01 1.111563295125961304e-01
1.617028713226318359e-01 4.123171269893646240e-01 3.568350225687026978e-01 6.914497911930084229e-02
1.617223024368286133e-01 4.123327732086181641e-01 3.568091690540313721e-01 6.913575530052185059e-02
1.553900837898254395e-01 4.070196449756622314e-01 3.653365001082420349e-01 7.225377112627029419e-02
1.552324891090393066e-01 4.068817198276519775e-01 3.655514940619468689e-01 7.233429700136184692e-02
1.553780436515808105e-01 4.070091843605041504e-01 3.653528913855552673e-01 7.225988060235977173e-02
2.206526398658752441e-01 4.435361027717590332e-01 2.876409627497196198e-01 4.817029461264610291e-02
1.552442312240600586e-01 4.068920016288757324e-01 3.655354827642440796e-01 7.232828438282012939e-02
1.553308963775634766e-01 4.069679081439971924e-01 3.654172122478485107e-01 7.228398323059082031e-02
1.553135514259338379e-01 4.069525897502899170e-01 3.654409795999526978e-01 7.229287922382354736e-02
1.553595662117004395e-01 4.069930016994476318e-01 3.653780892491340637e-01 7.226934283971786499e-02
1.553637385368347168e-01 4.069966375827789307e-01 3.653724268078804016e-01 7.226719707250595093e-02
1.552422642707824707e-01 4.068901240825653076e-01 3.655382692813873291e-01 7.232934236526489258e-02
1.552956104278564453e-01 4.069368839263916016e-01 3.654654547572135925e-01 7.230205088853836060e-02
1.552523374557495117e-01 4.068990349769592285e-01 3.655244708061218262e-01 7.232415676116943359e-02
1.554525494575500488e-01 4.070742428302764893e-01 3.652513325214385986e-01 7.222187519073486328e-02
9.675103425979614258e-02 3.312593698501586914e-01 4.540047422051429749e-01 1.179848536849021912e-01
1.553286910057067871e-01 4.069660007953643799e-01 3.654201999306678772e-01 7.228510826826095581e-02
1.912893652915954590e-01 4.316939413547515869e-01 3.199005536735057831e-01 5.711613968014717102e-02
1.553878188133239746e-01 4.070177674293518066e-01 3.653395250439643860e-01 7.225488871335983276e-02
1.552094221115112305e-01 4.068614840507507324e-01 3.655829876661300659e-01 7.234610617160797119e-02
1.552608013153076172e-01 4.069064557552337646e-01 3.655129075050354004e-01 7.231983542442321777e-02
1.528121232986450195e-01 4.047245085239410400e-01 3.688726276159286499e-01 7.359074056148529053e-02
1.526597738265991211e-01 4.045865237712860107e-01 3.690826892852783203e-01 7.367101311683654785e-02
1.526880264282226562e-01 4.046121239662170410e-01 3.690437078475952148e-01 7.365614175796508789e-02
1.527007818222045898e-01 4.046236574649810791e-01 3.690261542797088623e-01 7.364940643310546875e-02
1.527985930442810059e-01 4.047122895717620850e-01 3.688912540674209595e-01 7.359786331653594971e-02
1.528951525688171387e-01 4.047997891902923584e-01 3.687580600380897522e-01 7.354699820280075073e-02
1.526657938957214355e-01 4.045918285846710205e-01 3.690744861960411072e-01 7.366789132356643677e-02
1.528536081314086914e-01 4.047620892524719238e-01 3.688153997063636780e-01 7.356890290975570679e-02
1.527169346809387207e-01 4.046383798122406006e-01 3.690038174390792847e-01 7.364086806774139404e-02
9.775000810623168945e-02 3.330484032630920410e-01 4.523957446217536926e-01 1.168058440089225769e-01
1.527518033981323242e-01 4.046698510646820068e-01 3.689557984471321106e-01 7.362254709005355835e-02
1.527259945869445801e-01 4.046465754508972168e-01 3.689913228154182434e-01 7.363610714673995972e-02
1.174429059028625488e-01 3.643183708190917969e-01 4.210307225584983826e-01 9.720800071954727173e-02
1.527355313301086426e-01 4.046551585197448730e-01 3.689782172441482544e-01 7.363109290599822998e-02
7.694411277770996094e-02 2.910746335983276367e-01 4.853036552667617798e-01 1.466775983572006226e-01
1.529558897018432617e-01 4.048547446727752686e-01 3.686743006110191345e-01 7.351506501436233521e-02
1.527567505836486816e-01 4.046742916107177734e-01 3.689490184187889099e-01 7.361993938684463501e-02
1.526452898979187012e-01 4.045733511447906494e-01 3.691026940941810608e-01 7.367866486310958862e-02
1.526713371276855469e-01 4.045970439910888672e-01 3.690666928887367249e-01 7.366492599248886108e-02
1.526358127593994141e-01 4.045647978782653809e-01 3.691157177090644836e-01 7.368367165327072144e-02
1.525503993034362793e-01 4.044870734214782715e-01 3.692337349057197571e-01 7.372879236936569214e-02
1.525312662124633789e-01 4.044697582721710205e-01 3.692600876092910767e-01 7.373888790607452393e-02
1.526038646697998047e-01 4.045357108116149902e-01 3.691598847508430481e-01 7.370053976774215698e-02
1.525141000747680664e-01 4.044541716575622559e-01 3.692837804555892944e-01 7.374794781208038330e-02
1.525745987892150879e-01 4.045092463493347168e-01 3.692001923918724060e-01 7.371596246957778931e-02
1.525298357009887695e-01 4.044685363769531250e-01 3.692619875073432922e-01 7.373964041471481323e-02
1.527479290962219238e-01 4.046663939952850342e-01 3.689611181616783142e-01 7.362455874681472778e-02
1.525798439979553223e-01 4.045138657093048096e-01 3.691930621862411499e-01 7.371322810649871826e-02
8.280840516090393066e-01 1.430553607642650604e-01 2.589473151601850986e-02 2.965856110677123070e-03
1.525229215621948242e-01 4.044621586799621582e-01 3.692716360092163086e-01 7.374328374862670898e-02
7.291503250598907471e-01 2.203610651195049286e-01 4.519436229020357132e-02 5.294247530400753021e-03
1.336445212364196777e-01 3.850398361682891846e-01 3.963254243135452271e-01 8.499021828174591064e-02
1.525821685791015625e-01 4.045160412788391113e-01 3.691897988319396973e-01 7.371199131011962891e-02
1.526497602462768555e-01 4.045773744583129883e-01 3.690965473651885986e-01 7.367631793022155762e-02
1.525437831878662109e-01 4.044811725616455078e-01 3.692427799105644226e-01 7.373226433992385864e-02
9.060038104653358459e-01 7.936230394989252090e-02 1.314954552799463272e-02 1.484340056777000427e-03
1.524525284767150879e-01 4.043980240821838379e-01 3.693689033389091492e-01 7.378054410219192505e-02
1.524975299835205078e-01 4.044391214847564697e-01 3.693066462874412537e-01 7.375670224428176880e-02
2.158974409103393555e-01 4.420471489429473877e-01 2.925910986959934235e-01 4.946431145071983337e-02
1.598808765411376953e-01 4.108341336250305176e-01 3.592658415436744690e-01 7.001914829015731812e-02
1.599521040916442871e-01 4.108929336071014404e-01 3.591703623533248901e-01 6.998459994792938232e-02
1.602125763893127441e-01 4.111069142818450928e-01 3.588218763470649719e-01 6.985863298177719116e-02
1.598538756370544434e-01 4.108120203018188477e-01 3.593018874526023865e-01 7.003221660852432251e-02
1.599442958831787109e-01 4.108864665031433105e-01 3.591808602213859558e-01 6.998837739229202271e-02
1.599701046943664551e-01 4.109077751636505127e-01 3.591462448239326477e-01 6.997587531805038452e-02
1.598567366600036621e-01 4.108143448829650879e-01 3.592980951070785522e-01 7.003082334995269775e-02
1.599923968315124512e-01 4.109260439872741699e-01 3.591164499521255493e-01 6.996510922908782959e-02
1.599463820457458496e-01 4.108881950378417969e-01 3.591780290007591248e-01 6.998739391565322876e-02
1.598337292671203613e-01 4.107953310012817383e-01 3.593289330601692200e-01 7.004200667142868042e-02
1.599522829055786133e-01 4.108931124210357666e-01 3.591701015830039978e-01 6.998450309038162231e-02
7.949119806289672852e-02 2.967820763587951660e-01 4.814160764217376709e-01 1.423106491565704346e-01
1.601410508155822754e-01 4.110481739044189453e-01 3.589175865054130554e-01 6.989318877458572388e-02
1.600579619407653809e-01 4.109799861907958984e-01 3.590286746621131897e-01 6.993337720632553101e-02
1.684413552284240723e-01 4.174897670745849609e-01 3.480056300759315491e-01 6.606324762105941772e-02
1.599172353744506836e-01 4.108641147613525391e-01 3.592171370983123779e-01 7.000151276588439941e-02
1.598107814788818359e-01 4.107764661312103271e-01 3.593596294522285461e-01 7.005312293767929077e-02
1.598336696624755859e-01 4.107953011989593506e-01 3.593290001153945923e-01 7.004202902317047119e-02
1.579664945602416992e-01 4.092361629009246826e-01 3.618398457765579224e-01 7.095749676227569580e-02
1.578585505485534668e-01 4.091448187828063965e-01 3.619855865836143494e-01 7.101104408502578735e-02
1.578150391578674316e-01 4.091079235076904297e-01 3.620443791151046753e-01 7.103265821933746338e-02
1.578237414360046387e-01 4.091152548789978027e-01 3.620326742529869080e-01 7.102832943201065063e-02
1.580854058265686035e-01 4.093365967273712158e-01 3.616793751716613770e-01 7.089862227439880371e-02
1.578237414360046387e-01 4.091153442859649658e-01 3.620325997471809387e-01 7.102831453084945679e-02
1.578534841537475586e-01 4.091404676437377930e-01 3.619924858212471008e-01 7.101356238126754761e-02
1.578399538993835449e-01 4.091290831565856934e-01 3.620106950402259827e-01 7.102026790380477905e-02
1.468167304992675781e-01 3.990774452686309814e-01 3.772405534982681274e-01 7.686527073383331299e-02
1.579241752624511719e-01 4.092004001140594482e-01 3.618969470262527466e-01 7.097847759723663330e-02
1.578496694564819336e-01 4.091373383998870850e-01 3.619975745677947998e-01 7.101541757583618164e-02
1.579668521881103516e-01 4.092364311218261719e-01 3.618393838405609131e-01 7.095733284950256348e-02
1.578497886657714844e-01 4.091373085975646973e-01 3.619975000619888306e-01 7.101540267467498779e-02
1.579118371009826660e-01 4.091899394989013672e-01 3.619136288762092590e-01 7.098459452390670776e-02
1.578668355941772461e-01 4.091518223285675049e-01 3.619744181632995605e-01 7.100692391395568848e-02
1.127995252609252930e-01 3.575915694236755371e-01 4.283261001110076904e-01 1.012828052043914795e-01
7.382650077342987061e-01 2.134366557002067566e-01 4.324419703334569931e-02 5.054139532148838043e-03
1.578299999237060547e-01 4.091205894947052002e-01 3.620241731405258179e-01 7.102523744106292725e-02
1.578446030616760254e-01 4.091330766677856445e-01 3.620043843984603882e-01 7.101793587207794189e-02
1.513204574584960938e-01 4.033606052398681641e-01 3.709356412291526794e-01 7.438329607248306274e-02
7.703933119773864746e-01 1.886891201138496399e-01 3.666530968621373177e-02 4.252258222550153732e-03
1.512383222579956055e-01 4.032845795154571533e-01 3.710496947169303894e-01 7.442740350961685181e-02
1.514374017715454102e-01 4.034683704376220703e-01 3.707735463976860046e-01 7.432068139314651489e-02
1.513040661811828613e-01 4.033453762531280518e-01 3.709584474563598633e-01 7.439211010932922363e-02
1.511998176574707031e-01 4.032490849494934082e-01 3.711030632257461548e-01 7.444803416728973389e-02
1.511899828910827637e-01 4.032398760318756104e-01 3.711168020963668823e-01 7.445333898067474365e-02
1.511979699134826660e-01 4.032472372055053711e-01 3.711057454347610474e-01 7.444904744625091553e-02
1.513396501541137695e-01 4.033782184123992920e-01 3.709090873599052429e-01 7.437304407358169556e-02
1.512253284454345703e-01 4.032726883888244629e-01 3.710676431655883789e-01 7.443434000015258789e-02
1.512246727943420410e-01 4.032720327377319336e-01 3.710685819387435913e-01 7.443471252918243408e-02
1.512475013732910156e-01 4.032931029796600342e-01 3.710369318723678589e-01 7.442246377468109131e-02
1.512681245803833008e-01 4.033121168613433838e-01 3.710083514451980591e-01 7.441140711307525635e-02
3.688988089561462402e-01 4.343840926885604858e-01 1.727909576147794724e-01 2.392614074051380157e-02
1.211319565773010254e-01 3.694016337394714355e-01 4.152969494462013245e-01 9.416946023702621460e-02
1.512593626976013184e-01 4.033040404319763184e-01 3.710204958915710449e-01 7.441610097885131836e-02
1.513097286224365234e-01 4.033506810665130615e-01 3.709505274891853333e-01 7.438906282186508179e-02
1.512051820755004883e-01 4.032539427280426025e-01 3.710957020521163940e-01 7.444517314434051514e-02
1.512133479118347168e-01 4.032613933086395264e-01 3.710844367742538452e-01 7.444082200527191162e-02
1.520496606826782227e-01 4.040307700634002686e-01 3.699254915118217468e-01 7.399407774209976196e-02
1.518974304199218750e-01 4.038913249969482422e-01 3.701361939311027527e-01 7.407505065202713013e-02
8.521290868520736694e-01 1.236325688660144806e-01 2.175808465108275414e-02 2.480259630829095840e-03
1.520267128944396973e-01 4.040096700191497803e-01 3.699573352932929993e-01 7.400628179311752319e-02
1.518600583076477051e-01 4.038570821285247803e-01 3.701879084110260010e-01 7.409495115280151367e-02
1.520916819572448730e-01 4.040690064430236816e-01 3.698675259947776794e-01 7.397178560495376587e-02
1.518935561180114746e-01 4.038877189159393311e-01 3.701415807008743286e-01 7.407714426517486572e-02
1.519645452499389648e-01 4.039528667926788330e-01 3.700432553887367249e-01 7.403933256864547729e-02
9.160823300480842590e-01 7.097443193197250366e-02 1.163240440655499697e-02 1.310833613388240337e-03
1.518754959106445312e-01 4.038710892200469971e-01 3.701666370034217834e-01 7.408677786588668823e-02
1.520670056343078613e-01 4.040463864803314209e-01 3.699017092585563660e-01 7.398489862680435181e-02
1.521599888801574707e-01 4.041314423084259033e-01 3.697730526328086853e-01 7.393551617860794067e-02
6.130999326705932617e-02 2.520066499710083008e-01 5.067747980356216431e-01 1.799085587263107300e-01
1.233782172203063965e-01 3.723875284194946289e-01 4.118352681398391724e-01 9.239898622035980225e-02
1.520152091979980469e-01 4.039992392063140869e-01 3.699731752276420593e-01 7.401237636804580688e-02
1.520429849624633789e-01 4.040246605873107910e-01 3.699347227811813354e-01 7.399763166904449463e-02
1.519689559936523438e-01 4.039567410945892334e-01 3.700372800230979919e-01 7.403702288866043091e-02
1.518489122390747070e-01 4.038467109203338623e-01 3.702034354209899902e-01 7.410094141960144043e-02
3.979222178459167480e-01 4.240481108427047729e-01 1.568100377917289734e-01 2.121963351964950562e-02
7.679501920938491821e-01 1.905888020992279053e-01 3.715008357539772987e-02 4.310922231525182724e-03
1.575953960418701172e-01 4.089215099811553955e-01 3.623412325978279114e-01 7.114186137914657593e-02
9.212360382080078125e-01 6.667314842343330383e-02 1.086725911591202021e-02 1.223554252646863461e-03
1.577069163322448730e-01 4.090163409709930420e-01 3.621904030442237854e-01 7.108633965253829956e-02
7.663404941558837891e-01 1.918388940393924713e-01 3.747083665803074837e-02 4.349775146692991257e-03
1.576858162879943848e-01 4.089983105659484863e-01 3.622190132737159729e-01 7.109685987234115601e-02
1.576830148696899414e-01 4.089960455894470215e-01 3.622227087616920471e-01 7.109823077917098999e-02
1.576828360557556152e-01 4.089958369731903076e-01 3.622229993343353271e-01 7.109832763671875000e-02
1.577547788619995117e-01 4.090569317340850830e-01 3.621257320046424866e-01 7.106255739927291870e-02
1.576380133628845215e-01 4.089578688144683838e-01 3.622835129499435425e-01 7.112060487270355225e-02
4.872357845306396484e-01 3.818405121564865112e-01 1.160685559734702110e-01 1.485514733940362930e-02
1.576357483863830566e-01 4.089558720588684082e-01 3.622866347432136536e-01 7.112174481153488159e-02
1.576420068740844727e-01 4.089612066745758057e-01 3.622781485319137573e-01 7.111863791942596436e-02
1.576759219169616699e-01 4.089898765087127686e-01 3.622324168682098389e-01 7.110178470611572266e-02
1.576620936393737793e-01 4.089782834053039551e-01 3.622509986162185669e-01 7.110862433910369873e-02
1.576207280158996582e-01 4.089432656764984131e-01 3.623068332672119141e-01 7.112917304039001465e-02
3.742796182632446289e-01 4.326191246509552002e-01 1.697073969990015030e-01 2.339386008679866791e-02
1.578160524368286133e-01 4.091087877750396729e-01 3.620430007576942444e-01 7.103215903043746948e-02
1.577368974685668945e-01 4.090417027473449707e-01 3.621499389410018921e-01 7.107146084308624268e-02
1.561006307601928711e-01 4.076386392116546631e-01 3.643684014678001404e-01 7.189232856035232544e-02
1.225844025611877441e-01 3.713416457176208496e-01 4.130559191107749939e-01 9.301803261041641235e-02
1.561777591705322266e-01 4.077055454254150391e-01 3.642634302377700806e-01 7.185326516628265381e-02
1.561608314514160156e-01 4.076907634735107422e-01 3.642865121364593506e-01 7.186189293861389160e-02
1.560916900634765625e-01 4.076308906078338623e-01 3.643805533647537231e-01 7.189686596393585205e-02
1.561028957366943359e-01 4.076405465602874756e-01 3.643653392791748047e-01 7.189121842384338379e-02
2.469044923782348633e-02 1.255836486816406250e-01 4.882982671260833740e-01 3.614276349544525146e-01
1.560505032539367676e-01 4.075951278209686279e-01 3.644366115331649780e-01 7.191775739192962646e-02
1.561420559883117676e-01 4.076745808124542236e-01 3.643119931221008301e-01 7.187137007713317871e-02
1.560834050178527832e-01 4.076236486434936523e-01 3.643918707966804504e-01 7.190107554197311401e-02
1.560432314872741699e-01 4.075887501239776611e-01 3.644465729594230652e-01 7.192144542932510376e-02
1.885550618171691895e-01 4.302449226379394531e-01 3.231192044913768768e-01 5.808081105351448059e-02
1.561102867126464844e-01 4.076470136642456055e-01 3.643552362918853760e-01 7.188746333122253418e-02
1.561353206634521484e-01 4.076686799526214600e-01 3.643212318420410156e-01 7.187476754188537598e-02
1.563950181007385254e-01 4.078933596611022949e-01 3.639681413769721985e-01 7.174348086118698120e-02
1.560982465744018555e-01 4.076365828514099121e-01 3.643716350197792053e-01 7.189353555440902710e-02
1.561117172241210938e-01 4.076482951641082764e-01 3.643532693386077881e-01 7.188671827316284180e-02
1.560958623886108398e-01 4.076344370841979980e-01 3.643749207258224487e-01 7.189477980136871338e-02
1.561071276664733887e-01 4.076442718505859375e-01 3.643595501780509949e-01 7.188905030488967896e-02
1.590548157691955566e-01 4.101498126983642578e-01 3.603738993406295776e-01 7.042147219181060791e-02
1.589175462722778320e-01 4.100351929664611816e-01 3.605585247278213501e-01 7.048873603343963623e-02
2.923794388771057129e-01 4.503165483474731445e-01 2.237884327769279480e-01 3.351557999849319458e-02
1.589628458023071289e-01 4.100729823112487793e-01 3.604976162314414978e-01 7.046655565500259399e-02
8.846306800842285156e-02 3.155761361122131348e-01 4.673124700784683228e-01 1.286483258008956909e-01
1.590407490730285645e-01 4.101380109786987305e-01 3.603928536176681519e-01 7.042838633060455322e-02
1.589510440826416016e-01 4.100632369518280029e-01 3.605134189128875732e-01 7.047230005264282227e-02
8.246444165706634521e-01 1.458154581487178802e-01 2.650252985768020153e-02 3.037595422938466072e-03
1.589818000793457031e-01 4.100888073444366455e-01 3.604721426963806152e-01 7.045724987983703613e-02
1.589406728744506836e-01 4.100545644760131836e-01 3.605273663997650146e-01 7.047739624977111816e-02
1.590578556060791016e-01 4.101523458957672119e-01 3.603697940707206726e-01 7.042000442743301392e-02
1.590879559516906738e-01 4.101773500442504883e-01 3.603294193744659424e-01 7.040527462959289551e-02
1.590532064437866211e-01 4.101484119892120361e-01 3.603760972619056702e-01 7.042228430509567261e-02
1.590330004692077637e-01 4.101315736770629883e-01 3.604032471776008606e-01 7.043217867612838745e-02
1.592247486114501953e-01 4.102912247180938721e-01 3.601456359028816223e-01 7.033839076757431030e-02
1.590290069580078125e-01 4.101282656192779541e-01 3.604086190462112427e-01 7.043410837650299072e-02
6.414182186126708984e-01 2.844857648015022278e-01 6.614943407475948334e-02 7.946582511067390442e-03
1.589429378509521484e-01 4.100564420223236084e-01 3.605243340134620667e-01 7.047628611326217651e-02
1.590415239334106445e-01 4.101386666297912598e-01 3.603918179869651794e-01 7.042799144983291626e-02
8.002591133117675781e-02 2.979586124420166016e-01 4.805916845798492432e-01 1.414237916469573975e-01
1.504449844360351562e-01 4.025473594665527344e-01 3.721524626016616821e-01 7.485519349575042725e-02
1.416473984718322754e-01 3.938453495502471924e-01 3.846168071031570435e-01 7.989044487476348877e-02
1.506240367889404297e-01 4.027144014835357666e-01 3.719032630324363708e-01 7.475829869508743286e-02
1.504536867141723633e-01 4.025555253028869629e-01 3.721403181552886963e-01 7.485046982765197754e-02
1.506043076515197754e-01 4.026960730552673340e-01 3.719306811690330505e-01 7.476893812417984009e-02
1.505298018455505371e-01 4.026266634464263916e-01 3.720342963933944702e-01 7.480923831462860107e-02
8.628310710191726685e-01 1.149184480309486389e-01 1.997779123485088348e-02 2.272689715027809143e-03
1.506303548812866211e-01 4.027203917503356934e-01 3.718944191932678223e-01 7.475483417510986328e-02
1.505942344665527344e-01 4.026868343353271484e-01 3.719445690512657166e-01 7.477436214685440063e-02
1.504412293434143066e-01 4.025439321994781494e-01 3.721576258540153503e-01 7.485721260309219360e-02
1.504604816436767578e-01 4.025619924068450928e-01 3.721307516098022461e-01 7.484677433967590332e-02
1.504670977592468262e-01 4.025680720806121826e-01 3.721216171979904175e-01 7.484321296215057373e-02
1.505850553512573242e-01 4.026781618595123291e-01 3.719574362039566040e-01 7.477934658527374268e-02
1.505926847457885742e-01 4.026852250099182129e-01 3.719468712806701660e-01 7.477521896362304688e-02
1.505329012870788574e-01 4.026295542716979980e-01 3.720299825072288513e-01 7.480756193399429321e-02
1.504833698272705078e-01 4.025832116603851318e-01 3.720990270376205444e-01 7.483439147472381592e-02
1.504220366477966309e-01 4.025260210037231445e-01 3.721843287348747253e-01 7.486761361360549927e-02
1.504684686660766602e-01 4.025694131851196289e-01 3.721196874976158142e-01 7.484243065118789673e-02
7.421658039093017578e-01 2.104598022997379303e-01 4.242124501615762711e-02 4.953148774802684784e-03
1.524268984794616699e-01 4.043748080730438232e-01 3.694042116403579712e-01 7.379408180713653564e-02
5.330197513103485107e-01 3.555442020297050476e-01 9.903850313276052475e-02 1.239754352718591690e-02
1.523716449737548828e-01 4.043245017528533936e-01 3.694805279374122620e-01 7.382332533597946167e-02
1.540178656578063965e-01 4.058078229427337646e-01 3.672140091657638550e-01 7.296030223369598389e-02
1.525735259056091309e-01 4.045081138610839844e-01 3.692017793655395508e-01 7.371658086776733398e-02
1.524307727813720703e-01 4.043784439563751221e-01 3.693987876176834106e-01 7.379199564456939697e-02
2.481915354728698730e-01 4.493468403816223145e-01 2.608641907572746277e-01 4.159743338823318481e-02
1.524811387062072754e-01 4.044241905212402344e-01 3.693292960524559021e-01 7.376537472009658813e-02
1.524127721786499023e-01 4.043620228767395020e-01 3.694236651062965393e-01 7.380153983831405640e-02
1.524578928947448730e-01 4.044031500816345215e-01 3.693613037467002869e-01 7.377765327692031860e-02
1.525406241416931152e-01 4.044783413410186768e-01 3.692470937967300415e-01 7.373394072055816650e-02
1.525681614875793457e-01 4.045033752918243408e-01 3.692090958356857300e-01 7.371936738491058350e-02
1.525321602821350098e-01 4.044705033302307129e-01 3.692589029669761658e-01 7.373843342065811157e-02
1.525337696075439453e-01 4.044720530509948730e-01 3.692566230893135071e-01 7.373755425214767456e-02
1.525233983993530273e-01 4.044626057147979736e-01 3.692709356546401978e-01 7.374306023120880127e-02
7.077143788337707520e-01 2.364660724997520447e-01 4.993673227727413177e-02 5.882816389203071594e-03
1.523588299751281738e-01 4.043129384517669678e-01 3.694981634616851807e-01 7.383006811141967773e-02
1.523831486701965332e-01 4.043351113796234131e-01 3.694645464420318604e-01 7.381719350814819336e-02
1.503301858901977539e-01 4.024402499198913574e-01 3.723121657967567444e-01 7.491739839315414429e-02
1.502314209938049316e-01 4.023475646972656250e-01 3.724499344825744629e-01 7.497107982635498047e-02
1.501268744468688965e-01 4.022496938705444336e-01 3.725955635309219360e-01 7.502786815166473389e-02
1.501342654228210449e-01 4.022566378116607666e-01 3.725852444767951965e-01 7.502385228872299194e-02
1.503906846046447754e-01 4.024968445301055908e-01 3.722278773784637451e-01 7.488459348678588867e-02
1.501199007034301758e-01 4.022431969642639160e-01 3.726052418351173401e-01 7.503166049718856812e-02
7.160168886184692383e-02 2.785302996635437012e-01 4.931914508342742920e-01 1.566765606403350830e-01
1.501365303993225098e-01 4.022586643695831299e-01 3.725821450352668762e-01 7.502266019582748413e-02
3.626882433891296387e-01 4.363298565149307251e-01 1.764225121587514877e-01 2.455938793718814850e-02
1.503548026084899902e-01 4.024632275104522705e-01 3.722779229283332825e-01 7.490404695272445679e-02
1.501268744468688965e-01 4.022496938705444336e-01 3.725955635309219360e-01 7.502786815166473389e-02
1.501626372337341309e-01 4.022831916809082031e-01 3.725457414984703064e-01 7.500842958688735962e-02
1.501192450523376465e-01 4.022424221038818359e-01 3.726062774658203125e-01 7.503205537796020508e-02
1.501461863517761230e-01 4.022677540779113770e-01 3.725686669349670410e-01 7.501739263534545898e-02
8.748875707387924194e-01 1.050524916499853134e-01 1.801510597579181194e-02 2.044831635430455208e-03
1.502323746681213379e-01 4.023484587669372559e-01 3.724486082792282104e-01 7.497055828571319580e-02
1.503612995147705078e-01 4.024691283702850342e-01 3.722689896821975708e-01 7.490058243274688721e-02
1.501235365867614746e-01 4.022465050220489502e-01 3.726002499461174011e-01 7.502970844507217407e-02
2.585039734840393066e-01 4.504121243953704834e-01 2.516066059470176697e-01 3.947729617357254028e-02
1.564964056015014648e-01 4.079807698726654053e-01 3.638304546475410461e-01 7.169236987829208374e-02
1.563334465026855469e-01 4.078401029109954834e-01 3.640518486499786377e-01 7.177460193634033203e-02
1.562421917915344238e-01 4.077611863613128662e-01 3.641759082674980164e-01 7.182071357965469360e-02
1.563172936439514160e-01 4.078261852264404297e-01 3.640737831592559814e-01 7.178273797035217285e-02
1.563277244567871094e-01 4.078352153301239014e-01 3.640595972537994385e-01 7.177746295928955078e-02
1.563545465469360352e-01 4.078584015369415283e-01 3.640231192111968994e-01 7.176393270492553711e-02
1.563153266906738281e-01 4.078244268894195557e-01 3.640764951705932617e-01 7.178375124931335449e-02
1.562717556953430176e-01 4.077868163585662842e-01 3.641356900334358215e-01 7.180573791265487671e-02
1.562477946281433105e-01 4.077661633491516113e-01 3.641681894659996033e-01 7.181785255670547485e-02
9.179303944110870361e-01 6.943297106772661209e-02 1.135720941238105297e-02 1.279425108805298805e-03
1.562822461128234863e-01 4.077959060668945312e-01 3.641214147210121155e-01 7.180043309926986694e-02
2.420358061790466309e-01 4.484376013278961182e-01 2.665823698043823242e-01 4.294422268867492676e-02
7.353457808494567871e-01 2.156592048704624176e-01 4.386460874229669571e-02 5.130405537784099579e-03
1.563584804534912109e-01 4.078616499900817871e-01 3.640179112553596497e-01 7.176195830106735229e-02
1.563691496849060059e-01 4.078708589076995850e-01 3.640033975243568420e-01 7.175659388303756714e-02
1.562978029251098633e-01 4.078093469142913818e-01 3.641002625226974487e-01 7.179258763790130615e-02
1.563233137130737305e-01 4.078314006328582764e-01 3.640655800700187683e-01 7.177970558404922485e-02
1.563257575035095215e-01 4.078335762023925781e-01 3.640622198581695557e-01 7.177844643592834473e-02
1.563445329666137695e-01 4.078496992588043213e-01 3.640367910265922546e-01 7.176897674798965454e-02
1.531819105148315430e-01 4.050585627555847168e-01 3.683630824089050293e-01 7.339644432067871094e-02
1.530443429946899414e-01 4.049344360828399658e-01 3.685525804758071899e-01 7.346864044666290283e-02
1.529599428176879883e-01 4.048582613468170166e-01 3.686688244342803955e-01 7.351297140121459961e-02
1.530565023422241211e-01 4.049455821514129639e-01 3.685357049107551575e-01 7.346221059560775757e-02
1.530106663703918457e-01 4.049040973186492920e-01 3.685989379882812500e-01 7.348629832267761230e-02
1.529954075813293457e-01 4.048904180526733398e-01 3.686198741197586060e-01 7.349430024623870850e-02
1.530313491821289062e-01 4.049227833747863770e-01 3.685704097151756287e-01 7.347545772790908813e-02
1.531419754028320312e-01 4.050226807594299316e-01 3.684179782867431641e-01 7.341736555099487305e-02
1.530404090881347656e-01 4.049309194087982178e-01 3.685579895973205566e-01 7.347068190574645996e-02
1.529363989830017090e-01 4.048370420932769775e-01 3.687012344598770142e-01 7.352532446384429932e-02
1.529599428176879883e-01 4.048582613468170166e-01 3.686688393354415894e-01 7.351295650005340576e-02
2.786987423896789551e-01 4.509731531143188477e-01 2.345706708729267120e-01 3.575743362307548523e-02
1.146156787872314453e-01 3.602672219276428223e-01 4.254629388451576233e-01 9.965416043996810913e-02
7.412242889404296875e-02 2.845479846000671387e-01 4.895210713148117065e-01 1.518085151910781860e-01
1.530732512474060059e-01 4.049605429172515869e-01 3.685127571225166321e-01 7.345344871282577515e-02
1.530408263206481934e-01 4.049313962459564209e-01 3.685573190450668335e-01 7.347045838832855225e-02
7.311105728149414062e-02 2.821553349494934082e-01 4.910057187080383301e-01 1.537278890609741211e-01
1.529128551483154297e-01 4.048158228397369385e-01 3.687336146831512451e-01 7.353770732879638672e-02
1.529524922370910645e-01 4.048516154289245605e-01 3.686790391802787781e-01 7.351685315370559692e-02
1.587269902229309082e-01 4.098760485649108887e-01 3.608147352933883667e-01 7.058222591876983643e-02
1.588076949119567871e-01 4.099434316158294678e-01 3.607062548398971558e-01 7.054261863231658936e-02
1.589925885200500488e-01 4.100979268550872803e-01 3.604575395584106445e-01 7.045194506645202637e-02
1.588377952575683594e-01 4.099685251712799072e-01 3.606658205389976501e-01 7.052785903215408325e-02
1.588563323020935059e-01 4.099841415882110596e-01 3.606407940387725830e-01 7.051873207092285156e-02
1.587778329849243164e-01 4.099184572696685791e-01 3.607464283704757690e-01 7.055728137493133545e-02
1.587333679199218750e-01 4.098812043666839600e-01 3.608062863349914551e-01 7.057914137840270996e-02
1.587555408477783203e-01 4.098998010158538818e-01 3.607764318585395813e-01 7.056822627782821655e-02
1.587723493576049805e-01 4.099138081073760986e-01 3.607538342475891113e-01 7.056000828742980957e-02
1.587392687797546387e-01 4.098861813545227051e-01 3.607983142137527466e-01 7.057623565196990967e-02
1.590075492858886719e-01 4.101102650165557861e-01 3.604375347495079041e-01 7.044465094804763794e-02
1.589461565017700195e-01 4.100590646266937256e-01 3.605200722813606262e-01 7.047470659017562866e-02
1.588153243064880371e-01 4.099499583244323730e-01 3.606958836317062378e-01 7.053883373737335205e-02
1.587823033332824707e-01 4.099220931529998779e-01 3.607404828071594238e-01 7.055512070655822754e-02
1.588065624237060547e-01 4.099426269531250000e-01 3.607076629996299744e-01 7.054314762353897095e-02
3.524779081344604492e-01 4.393071383237838745e-01 1.825679093599319458e-01 2.564704418182373047e-02
3.333241343498229980e-01 4.440960586071014404e-01 1.947201751172542572e-01 2.785963192582130432e-02
1.587262749671936035e-01 4.098753929138183594e-01 3.608157485723495483e-01 7.058258354663848877e-02
1.587985754013061523e-01 4.099358022212982178e-01 3.607185333967208862e-01 7.054708898067474365e-02
5.640511512756347656e-01 3.363333567976951599e-01 8.866251260042190552e-02 1.095297932624816895e-02
1.498737335205078125e-01 4.020119905471801758e-01 3.729485273361206055e-01 7.516574859619140625e-02
1.500991582870483398e-01 4.022237062454223633e-01 3.726341947913169861e-01 7.504294067621231079e-02
1.499876379966735840e-01 4.021189510822296143e-01 3.727897256612777710e-01 7.510368525981903076e-02
1.500289440155029297e-01 4.021579027175903320e-01 3.727320060133934021e-01 7.508114725351333618e-02
1.500830650329589844e-01 4.022085964679718018e-01 3.726566284894943237e-01 7.505171000957489014e-02
1.499524116516113281e-01 4.020858407020568848e-01 3.728388696908950806e-01 7.512287795543670654e-02
1.454830169677734375e-01 3.977603316307067871e-01 3.791295364499092102e-01 7.762711495161056519e-02
1.499319672584533691e-01 4.020667672157287598e-01 3.728672862052917480e-01 7.513397932052612305e-02
1.500528454780578613e-01 4.021802842617034912e-01 3.726987391710281372e-01 7.506813108921051025e-02
1.499686837196350098e-01 4.021011292934417725e-01 3.728161826729774475e-01 7.511400431394577026e-02
1.499861478805541992e-01 4.021176695823669434e-01 3.727917373180389404e-01 7.510444521903991699e-02
1.499733328819274902e-01 4.021054804325103760e-01 3.728097006678581238e-01 7.511148601770401001e-02
1.499249935150146484e-01 4.020600914955139160e-01 3.728770911693572998e-01 7.513782382011413574e-02
1.499477624893188477e-01 4.020815491676330566e-01 3.728452846407890320e-01 7.512540370225906372e-02
1.502599120140075684e-01 4.023743271827697754e-01 3.724101856350898743e-01 7.495557516813278198e-02
1.500590443611145020e-01 4.021860361099243164e-01 3.726901262998580933e-01 7.506479322910308838e-02
1.498867869377136230e-01 4.020241498947143555e-01 3.729304149746894836e-01 7.515864819288253784e-02
1.499326825141906738e-01 4.020672440528869629e-01 3.728664293885231018e-01 7.513364404439926147e-02
1.562227010726928711e-01 4.077443480491638184e-01 3.642023876309394836e-01 7.183056324720382690e-02
6.081271171569824219e-01 3.074201792478561401e-01 7.530403882265090942e-02 9.148664772510528564e-03
1.560930609703063965e-01 4.076319634914398193e-01 3.643787652254104614e-01 7.189621031284332275e-02
1.561608910560607910e-01 4.076907932758331299e-01 3.642864599823951721e-01 7.186185568571090698e-02
1.562449932098388672e-01 4.077636003494262695e-01 3.641721084713935852e-01 7.181929796934127808e-02
1.563435792922973633e-01 4.078489840030670166e-01 3.640379831194877625e-01 7.176945358514785767e-02
1.561378240585327148e-01 4.076706767082214355e-01 3.643179386854171753e-01 7.187356054782867432e-02
1.561769247055053711e-01 4.077046811580657959e-01 3.642646819353103638e-01 7.185371220111846924e-02
1.563314795494079590e-01 4.078384339809417725e-01 3.640545159578323364e-01 7.177557051181793213e-02
1.562023162841796875e-01 4.077267348766326904e-01 3.642300814390182495e-01 7.184086740016937256e-02
1.561651229858398438e-01 4.076944589614868164e-01 3.642807230353355408e-01 7.185969501733779907e-02
1.561267375946044922e-01 4.076611697673797607e-01 3.643329441547393799e-01 7.187914848327636719e-02
7.431012392044067383e-02 2.849889397621154785e-01 4.892438352108001709e-01 1.514571011066436768e-01
1.562241911888122559e-01 4.077456891536712646e-01 3.642003163695335388e-01 7.182980328798294067e-02
1.561649441719055176e-01 4.076943993568420410e-01 3.642809018492698669e-01 7.185975462198257446e-02
1.561238765716552734e-01 4.076587259769439697e-01 3.643368110060691833e-01 7.188058644533157349e-02
1.561845541000366211e-01 4.077113568782806396e-01 3.642542213201522827e-01 7.184986770153045654e-02
1.560484170913696289e-01 4.075933694839477539e-01 3.644394055008888245e-01 7.191880792379379272e-02
1.560662984848022461e-01 4.076088964939117432e-01 3.644150868058204651e-01 7.190971821546554565e-02
1.576210856437683105e-01 4.089434742927551270e-01 3.623064234852790833e-01 7.112901657819747925e-02
1.590620279312133789e-01 4.101556837558746338e-01 3.603643178939819336e-01 7.041797041893005371e-02
1.576586365699768066e-01 4.089753031730651855e-01 3.622557073831558228e-01 7.111035287380218506e-02
1.576628088951110840e-01 4.089788794517517090e-01 3.622500374913215637e-01 7.110827416181564331e-02
1.575722098350524902e-01 4.089019596576690674e-01 3.623724728822708130e-01 7.115335762500762939e-02
8.016688376665115356e-01 1.641282029449939728e-01 3.067066008225083351e-02 3.532299306243658066e-03
6.010003089904785156e-01 3.122132197022438049e-01 7.736357487738132477e-02 9.422896429896354675e-03
1.576043367385864258e-01 4.089291095733642578e-01 3.623291701078414917e-01 7.113738358020782471e-02
1.577219367027282715e-01 4.090290069580078125e-01 3.621701598167419434e-01 7.107889652252197266e-02
1.575775146484375000e-01 4.089064002037048340e-01 3.623653724789619446e-01 7.115071266889572144e-02
1.575441956520080566e-01 4.088780283927917480e-01 3.624104559421539307e-01 7.116732001304626465e-02
1.576207280158996582e-01 4.089431166648864746e-01 3.623069301247596741e-01 7.112922519445419312e-02
9.034781754016876221e-01 8.145928010344505310e-02 1.353412750177085400e-02 1.528416993096470833e-03
1.577146649360656738e-01 4.090228676795959473e-01 3.621799498796463013e-01 7.108251750469207764e-02
6.832737326622009277e-01 2.545006088912487030e-01 5.562765337526798248e-02 6.598005071282386780e-03
1.576216220855712891e-01 4.089438915252685547e-01 3.623057231307029724e-01 7.112876325845718384e-02
1.576576232910156250e-01 4.089744389057159424e-01 3.622570782899856567e-01 7.111085951328277588e-02
1.575347781181335449e-01 4.088701307773590088e-01 3.624231070280075073e-01 7.117198407649993896e-02
1.575955152511596680e-01 4.089218378067016602e-01 3.623409122228622437e-01 7.114173471927642822e-02
1.541686058044433594e-01 4.059419929981231689e-01 3.670072704553604126e-01 7.288213074207305908e-02
1.512718796730041504e-01 4.033155441284179688e-01 3.710031732916831970e-01 7.440940290689468384e-02
1.513072848320007324e-01 4.033482670783996582e-01 3.709540441632270813e-01 7.439040392637252808e-02
1.516336202621459961e-01 4.036490023136138916e-01 3.705016002058982849e-01 7.421577721834182739e-02
1.186772584915161133e-01 3.660444617271423340e-01 4.191056862473487854e-01 9.617259353399276733e-02
2.377300858497619629e-01 4.476739466190338135e-01 2.706706710159778595e-01 4.392529651522636414e-02
1.513878703117370605e-01 4.034227132797241211e-01 3.708422109484672546e-01 7.434720546007156372e-02
2.142726182937622070e-01 4.415025711059570312e-01 2.943059876561164856e-01 4.991882294416427612e-02
1.513550281524658203e-01 4.033923149108886719e-01 3.708878383040428162e-01 7.436481863260269165e-02
1.114501357078552246e-01 3.555654287338256836e-01 4.304611086845397949e-01 1.025233268737792969e-01
1.513043642044067383e-01 4.033457040786743164e-01 3.709580004215240479e-01 7.439193129539489746e-02
1.512935161590576172e-01 4.033356904983520508e-01 3.709730356931686401e-01 7.439775764942169189e-02
1.513165235519409180e-01 4.033568501472473145e-01 3.709411770105361938e-01 7.438544929027557373e-02
1.513390541076660156e-01 4.033777117729187012e-01 3.709098771214485168e-01 7.437335699796676636e-02
1.514077186584472656e-01 4.034410417079925537e-01 3.708146810531616211e-01 7.433655858039855957e-02
1.514075994491577148e-01 4.034410715103149414e-01 3.708147332072257996e-01 7.433659583330154419e-02
1.513474583625793457e-01 4.033855199813842773e-01 3.708981871604919434e-01 7.436883449554443359e-02
1.512655615806579590e-01 4.033096730709075928e-01 3.710119500756263733e-01 7.441281527280807495e-02
1.514421105384826660e-01 4.034728705883026123e-01 3.707668930292129517e-01 7.431812584400177002e-02
1.625930070877075195e-01 4.130283296108245850e-01 3.556542098522186279e-01 6.872445344924926758e-02
2.163756489753723145e-01 4.422037899494171143e-01 2.920887619256973267e-01 4.933179914951324463e-02
1.625284552574157715e-01 4.129770398139953613e-01 3.557397052645683289e-01 6.875479966402053833e-02
1.625462174415588379e-01 4.129911363124847412e-01 3.557161837816238403e-01 6.874646246433258057e-02
1.628552079200744629e-01 4.132361412048339844e-01 3.553072512149810791e-01 6.860139966011047363e-02
1.625483036041259766e-01 4.129928648471832275e-01 3.557133749127388000e-01 6.874545663595199585e-02
5.084302127361297607e-01 3.699957281351089478e-01 1.079100864008069038e-01 1.366397272795438766e-02
1.627465486526489258e-01 4.131501913070678711e-01 3.554509431123733521e-01 6.865231692790985107e-02
1.625277996063232422e-01 4.129765629768371582e-01 3.557405397295951843e-01 6.875509768724441528e-02
1.627833843231201172e-01 4.131794273853302002e-01 3.554021567106246948e-01 6.863503158092498779e-02
1.627179980278015137e-01 4.131275713443756104e-01 3.554886952042579651e-01 6.866573542356491089e-02
8.647298812866210938e-02 3.115770220756530762e-01 4.704806804656982422e-01 1.314693093299865723e-01
1.625935435295104980e-01 4.130286574363708496e-01 3.556535914540290833e-01 6.872420758008956909e-02
1.625994443893432617e-01 4.130335748195648193e-01 3.556455746293067932e-01 6.872140616178512573e-02
1.625724434852600098e-01 4.130120575428009033e-01 3.556813970208168030e-01 6.873410195112228394e-02
1.626110076904296875e-01 4.130426347255706787e-01 3.556303530931472778e-01 6.871600449085235596e-02
1.625944972038269043e-01 4.130295813083648682e-01 3.556521981954574585e-01 6.872372329235076904e-02
1.627194881439208984e-01 4.131287634372711182e-01 3.554867208003997803e-01 6.866502761840820312e-02
1.626985669136047363e-01 4.131121337413787842e-01 3.555144518613815308e-01 6.867484748363494873e-02
1.551436185836791992e-01 4.068036079406738281e-01 3.656729608774185181e-01 7.237981259822845459e-02
1.550676226615905762e-01 4.067368805408477783e-01 3.657767474651336670e-01 7.241874933242797852e-02
1.549771428108215332e-01 4.066573381423950195e-01 3.659003376960754395e-01 7.246518135070800781e-02
1.550574898719787598e-01 4.067278504371643066e-01 3.657906875014305115e-01 7.242397218942642212e-02
2.449531555175781250e-01 4.488948285579681396e-01 2.638540305197238922e-01 4.229798540472984314e-02
1.550928950309753418e-01 4.067589640617370605e-01 3.657422959804534912e-01 7.240584492683410645e-02
1.549552679061889648e-01 4.066379964351654053e-01 3.659303039312362671e-01 7.247643172740936279e-02
6.335194408893585205e-01 2.900052070617675781e-01 6.825473438948392868e-02 8.220617659389972687e-03
1.550875902175903320e-01 4.067544341087341309e-01 3.657494410872459412e-01 7.240853458642959595e-02
1.549497842788696289e-01 4.066332578659057617e-01 3.659377396106719971e-01 7.247921824455261230e-02
1.550141572952270508e-01 4.066897630691528320e-01 3.658498674631118774e-01 7.244621217250823975e-02
1.551705598831176758e-01 4.068273007869720459e-01 3.656361252069473267e-01 7.236601412296295166e-02
1.551788449287414551e-01 4.068344831466674805e-01 3.656248822808265686e-01 7.236178964376449585e-02
1.550658941268920898e-01 4.067353904247283936e-01 3.657790869474411011e-01 7.241962850093841553e-02
1.552009582519531250e-01 4.068538844585418701e-01 3.655946999788284302e-01 7.235045731067657471e-02
1.550748944282531738e-01 4.067432880401611328e-01 3.657667785882949829e-01 7.241503894329071045e-02
1.440632343292236328e-01 3.963334560394287109e-01 3.811511769890785217e-01 7.845213264226913452e-02
1.549650430679321289e-01 4.066465497016906738e-01 3.659169897437095642e-01 7.247141748666763306e-02
1.549550890922546387e-01 4.066378772258758545e-01 3.659305423498153687e-01 7.247649133205413818e-02
1.450980901718139648e-01 3.973760306835174561e-01 3.796765357255935669e-01 7.784934341907501221e-02
1.450477838516235352e-01 3.973258435726165771e-01 3.797479569911956787e-01 7.787841558456420898e-02
1.451181173324584961e-01 3.973961174488067627e-01 3.796480298042297363e-01 7.783773541450500488e-02
1.451158523559570312e-01 3.973938524723052979e-01 3.796512484550476074e-01 7.783904671669006348e-02
1.450751423835754395e-01 3.973532021045684814e-01 3.797090724110603333e-01 7.786258310079574585e-02
1.452604532241821289e-01 3.975384235382080078e-01 3.794456720352172852e-01 7.775545120239257812e-02
1.450678706169128418e-01 3.973458409309387207e-01 3.797194659709930420e-01 7.786682248115539551e-02
1.450408101081848145e-01 3.973186910152435303e-01 3.797579929232597351e-01 7.788250595331192017e-02
1.450489163398742676e-01 3.973268568515777588e-01 3.797464296221733093e-01 7.787779718637466431e-02
4.434939622879028320e-01 4.042338728904724121e-01 1.346101053059101105e-01 1.766205951571464539e-02
1.450528502464294434e-01 3.973307609558105469e-01 3.797408640384674072e-01 7.787552475929260254e-02
1.450720429420471191e-01 3.973501026630401611e-01 3.797134831547737122e-01 7.786437124013900757e-02
1.458005905151367188e-01 3.980760276317596436e-01 3.786788284778594971e-01 7.744455337524414062e-02
7.952632457017898560e-01 1.691941060125827789e-01 3.186742169782519341e-02 3.675226587802171707e-03
1.082571744918823242e-01 3.506396412849426270e-01 4.355359598994255066e-01 1.055672243237495422e-01
1.451215147972106934e-01 3.973996043205261230e-01 3.796431273221969604e-01 7.783575356006622314e-02
1.450495719909667969e-01 3.973275423049926758e-01 3.797454833984375000e-01 7.787740230560302734e-02
1.452748179435729980e-01 3.975527286529541016e-01 3.794252797961235046e-01 7.774717360734939575e-02
1.450781822204589844e-01 3.973563015460968018e-01 3.797047138214111328e-01 7.786080241203308105e-02
1.557478904724121094e-01 4.073320627212524414e-01 3.648486360907554626e-01 7.207141071557998657e-02
1.555072665214538574e-01 4.071222841739654541e-01 3.651765212416648865e-01 7.219392806291580200e-02
1.555365920066833496e-01 4.071477651596069336e-01 3.651366457343101501e-01 7.217899709939956665e-02
1.555761098861694336e-01 4.071824252605438232e-01 3.650826588273048401e-01 7.215880602598190308e-02
1.555220484733581543e-01 4.071351289749145508e-01 3.651564344763755798e-01 7.218638807535171509e-02
1.555393338203430176e-01 4.071502089500427246e-01 3.651328831911087036e-01 7.217757403850555420e-02
1.556260585784912109e-01 4.072258472442626953e-01 3.650147020816802979e-01 7.213339209556579590e-02
1.556218862533569336e-01 4.072222113609313965e-01 3.650203719735145569e-01 7.213553041219711304e-02
1.334531903266906738e-01 3.848183751106262207e-01 3.966095298528671265e-01 8.511890470981597900e-02
1.554812788963317871e-01 4.070993661880493164e-01 3.652121424674987793e-01 7.220721244812011719e-02
1.555491089820861816e-01 4.071586728096008301e-01 3.651196062564849854e-01 7.217261195182800293e-02
1.555798649787902832e-01 4.071855843067169189e-01 3.650776296854019165e-01 7.215692102909088135e-02
1.555036306381225586e-01 4.071188867092132568e-01 3.651816695928573608e-01 7.219581305980682373e-02
1.554693579673767090e-01 4.070890247821807861e-01 3.652283325791358948e-01 7.221328467130661011e-02
6.240177154541015625e-02 2.549770474433898926e-01 5.054719448089599609e-01 1.771492362022399902e-01
1.556069254875183105e-01 4.072090685367584229e-01 3.650408238172531128e-01 7.214318215847015381e-02
8.937245607376098633e-02 3.173726201057434082e-01 4.658597111701965332e-01 1.273952126502990723e-01
1.554490327835083008e-01 4.070712029933929443e-01 3.652560934424400330e-01 7.222367078065872192e-02
1.216164231300354004e-01 3.700524568557739258e-01 4.145484119653701782e-01 9.378270804882049561e-02
7.677413821220397949e-01 1.907510273158550262e-01 3.719163639470934868e-02 4.315954167395830154e-03
1.568509340286254883e-01 4.082858562469482422e-01 3.633492439985275269e-01 7.151396572589874268e-02
8.844643831253051758e-02 3.155429959297180176e-01 4.673390686511993408e-01 1.286714971065521240e-01
1.569616198539733887e-01 4.083808064460754395e-01 3.631991520524024963e-01 7.145842164754867554e-02
1.134311556816101074e-01 3.585286140441894531e-01 4.273290634155273438e-01 1.007111668586730957e-01
1.569048166275024414e-01 4.083320796489715576e-01 3.632761687040328979e-01 7.148693501949310303e-02
1.568553447723388672e-01 4.082896113395690918e-01 3.633432909846305847e-01 7.151175290346145630e-02
1.569370627403259277e-01 4.083595871925354004e-01 3.632325604557991028e-01 7.147078961133956909e-02
1.568974852561950684e-01 4.083256721496582031e-01 3.632862046360969543e-01 7.149063795804977417e-02
1.568422913551330566e-01 4.082784056663513184e-01 3.633609637618064880e-01 7.151833921670913696e-02
1.570326089859008789e-01 4.084416627883911133e-01 3.631028905510902405e-01 7.142283767461776733e-02
1.568660140037536621e-01 4.082986712455749512e-01 3.633288815617561340e-01 7.150643318891525269e-02
1.569007635116577148e-01 4.083285033702850342e-01 3.632817417383193970e-01 7.148899137973785400e-02
1.569722890853881836e-01 4.083897769451141357e-01 3.631848096847534180e-01 7.145312428474426270e-02
1.570414304733276367e-01 4.084490835666656494e-01 3.630910441279411316e-01 7.141844183206558228e-02
1.571012735366821289e-01 4.085003435611724854e-01 3.630099147558212280e-01 7.138846814632415771e-02
8.173127919435501099e-01 1.516827978193759918e-01 2.781192096881568432e-02 3.192489268258213997e-03
1.568130850791931152e-01 4.082533121109008789e-01 3.634006008505821228e-01 7.153300195932388306e-02
1.568801999092102051e-01 4.083108603954315186e-01 3.633096292614936829e-01 7.149931043386459351e-02
1.531751751899719238e-01 4.050524830818176270e-01 3.683723583817481995e-01 7.339998334646224976e-02
1.533753275871276855e-01 4.052325785160064697e-01 3.680969178676605225e-01 7.329517602920532227e-02
1.533704996109008789e-01 4.052284061908721924e-01 3.681034445762634277e-01 7.329764962196350098e-02
1.532413959503173828e-01 4.051122069358825684e-01 3.682811409235000610e-01 7.336525619029998779e-02
1.536138057708740234e-01 4.054466784000396729e-01 3.677689433097839355e-01 7.317057251930236816e-02
1.532096266746520996e-01 4.050834476947784424e-01 3.683250024914741516e-01 7.338192313909530640e-02
1.533233523368835449e-01 4.051859676837921143e-01 3.681683614850044250e-01 7.332231849431991577e-02
1.533880233764648438e-01 4.052440524101257324e-01 3.680794239044189453e-01 7.328850030899047852e-02
1.532752513885498047e-01 4.051426053047180176e-01 3.682346120476722717e-01 7.334753125905990601e-02
1.531642079353332520e-01 4.050425589084625244e-01 3.683875128626823425e-01 7.340572029352188110e-02
1.533150076866149902e-01 4.051782786846160889e-01 3.681799769401550293e-01 7.332673668861389160e-02
1.532773971557617188e-01 4.051445126533508301e-01 3.682316690683364868e-01 7.334642112255096436e-02
1.532610654830932617e-01 4.051298797130584717e-01 3.682541027665138245e-01 7.335495203733444214e-02
1.532669663429260254e-01 4.051352739334106445e-01 3.682459220290184021e-01 7.335183769464492798e-02
1.533267498016357422e-01 4.051890969276428223e-01 3.681636229157447815e-01 7.332053035497665405e-02
2.183109521865844727e-01 4.428220391273498535e-01 2.900660596787929535e-01 4.880094900727272034e-02
3.279105424880981445e-01 4.452480673789978027e-01 1.983115356415510178e-01 2.852985449135303497e-02
1.531562805175781250e-01 4.050354659557342529e-01 3.683983758091926575e-01 7.340987771749496460e-02
1.532061100006103516e-01 4.050804078578948975e-01 3.683297410607337952e-01 7.338374108076095581e-02
1.037621498107910156e-01 3.433809876441955566e-01 4.427260681986808777e-01 1.101307943463325500e-01
1.528254747390747070e-01 4.047365486621856689e-01 3.688542544841766357e-01 7.358372211456298828e-02
1.529495120048522949e-01 4.048488140106201172e-01 3.686832264065742493e-01 7.351844757795333862e-02
1.529753208160400391e-01 4.048722386360168457e-01 3.686475679278373718e-01 7.350487262010574341e-02
1.528624892234802246e-01 4.047701060771942139e-01 3.688031733036041260e-01 7.356423139572143555e-02
1.529596447944641113e-01 4.048580825328826904e-01 3.686691895127296448e-01 7.351308315992355347e-02
1.529511213302612305e-01 4.048502445220947266e-01 3.686810210347175598e-01 7.351761311292648315e-02
1.529031991958618164e-01 4.048070609569549561e-01 3.687469661235809326e-01 7.354277372360229492e-02
1.529747247695922852e-01 4.048716127872467041e-01 3.686484694480895996e-01 7.350519299507141113e-02
3.436338901519775391e-01 4.416523277759552002e-01 1.880745198577642441e-01 2.663926221430301666e-02
1.528592705726623535e-01 4.047671556472778320e-01 3.688076287508010864e-01 7.356594502925872803e-02
1.530101299285888672e-01 4.049036502838134766e-01 3.685996308922767639e-01 7.348658889532089233e-02
1.444894075393676758e-01 3.967645168304443359e-01 3.805431351065635681e-01 7.820294052362442017e-02
1.529440879821777344e-01 4.048440456390380859e-01 3.686905950307846069e-01 7.352127134799957275e-02
6.993632316589355469e-01 2.426689378917217255e-01 5.184614611789584160e-02 6.121684331446886063e-03
1.530337333679199219e-01 4.049250185489654541e-01 3.685670942068099976e-01 7.347415387630462646e-02
7.965180426836013794e-01 1.682031452655792236e-01 3.163176123052835464e-02 3.647050820291042328e-03
1.528795957565307617e-01 4.047856330871582031e-01 3.687795475125312805e-01 7.355522364377975464e-02
1.528475880622863770e-01 4.047566354274749756e-01 3.688236922025680542e-01 7.357208430767059326e-02
1.582973599433898926e-01 4.095153808593750000e-01 3.613934293389320374e-01 7.079382985830307007e-02
1.581487655639648438e-01 4.093900918960571289e-01 3.615938723087310791e-01 7.086727023124694824e-02
1.582749485969543457e-01 4.094965457916259766e-01 3.614236339926719666e-01 7.080487161874771118e-02
1.582589149475097656e-01 4.094830751419067383e-01 3.614452257752418518e-01 7.081278413534164429e-02
1.583368778228759766e-01 4.095485508441925049e-01 3.613402470946311951e-01 7.077432423830032349e-02
1.582894325256347656e-01 4.095086753368377686e-01 3.614041358232498169e-01 7.079775631427764893e-02
1.582218408584594727e-01 4.094517529010772705e-01 3.614952862262725830e-01 7.083112001419067383e-02
1.582526564598083496e-01 4.094776809215545654e-01 3.614537417888641357e-01 7.081592082977294922e-02
3.565562963485717773e-01 4.381517618894577026e-01 1.800865288823843002e-01 2.520541287958621979e-02
1.582642793655395508e-01 4.094874858856201172e-01 3.614380583167076111e-01 7.081017643213272095e-02
1.583019495010375977e-01 4.095190763473510742e-01 3.613873720169067383e-01 7.079160213470458984e-02
1.583452224731445312e-01 4.095556139945983887e-01 3.613289445638656616e-01 7.077021896839141846e-02
1.582832336425781250e-01 4.095034003257751465e-01 3.614125549793243408e-01 7.080081105232238770e-02
1.582143902778625488e-01 4.094454348087310791e-01 3.615053668618202209e-01 7.083480805158615112e-02
2.999664545059204102e-01 4.496234357357025146e-01 2.180537320673465729e-01 3.235637769103050232e-02
1.582568287849426270e-01 4.094812572002410889e-01 3.614480644464492798e-01 7.081384956836700439e-02
1.582793593406677246e-01 4.095002710819244385e-01 3.614176735281944275e-01 7.080269604921340942e-02
1.581720113754272461e-01 4.094097912311553955e-01 3.615624532103538513e-01 7.085574418306350708e-02
1.376832127571105957e-01 3.895939886569976807e-01 3.903732523322105408e-01 8.234954625368118286e-02
1.557661294937133789e-01 4.073480367660522461e-01 3.648237362504005432e-01 7.206209748983383179e-02
1.555006504058837891e-01 4.071163833141326904e-01 3.651856556534767151e-01 7.219731062650680542e-02
3.573265075683593750e-01 4.379284381866455078e-01 1.796219572424888611e-01 2.512309700250625610e-02
1.556481122970581055e-01 4.072451591491699219e-01 3.649845719337463379e-01 7.212215662002563477e-02
1.556027531623840332e-01 4.072054922580718994e-01 3.650464713573455811e-01 7.214528322219848633e-02
1.556681990623474121e-01 4.072625935077667236e-01 3.649572581052780151e-01 7.211194932460784912e-02
9.043960198760032654e-01 8.069744892418384552e-02 1.339416042901575565e-02 1.512370770797133446e-03
8.795768022537231445e-02 3.145692348480224609e-01 4.681186676025390625e-01 1.293544173240661621e-01
1.555556654930114746e-01 4.071643948554992676e-01 3.651106655597686768e-01 7.216927409172058105e-02
1.556163430213928223e-01 4.072173237800598145e-01 3.650279566645622253e-01 7.213837653398513794e-02
1.555084586143493652e-01 4.071232378482818604e-01 3.651749864220619202e-01 7.219331711530685425e-02
1.555323600769042969e-01 4.071440696716308594e-01 3.651424199342727661e-01 7.218115031719207764e-02
1.555427312850952148e-01 4.071530997753143311e-01 3.651283159852027893e-01 7.217585295438766479e-02
1.556197404861450195e-01 4.072203040122985840e-01 3.650233373045921326e-01 7.213661819696426392e-02
1.407810449600219727e-01 3.929342031478881836e-01 3.858675658702850342e-01 8.041718602180480957e-02
1.219854354858398438e-01 3.705458045005798340e-01 4.139788597822189331e-01 9.348990023136138916e-02
1.555951833724975586e-01 4.071989357471466064e-01 3.650567531585693359e-01 7.214912772178649902e-02
1.554858684539794922e-01 4.071033895015716553e-01 3.652058616280555725e-01 7.220488041639328003e-02
4.576957225799560547e-02 2.052087783813476562e-01 5.190063863992691040e-01 2.300152629613876343e-01
1.596580743789672852e-01 4.106504619121551514e-01 3.595642149448394775e-01 7.012724876403808594e-02
1.131947040557861328e-01 3.581784963607788086e-01 4.277022555470466614e-01 1.009245440363883972e-01
1.594765782356262207e-01 4.105000793933868408e-01 3.598077371716499329e-01 7.021560519933700562e-02
1.595265865325927734e-01 4.105415940284729004e-01 3.597405850887298584e-01 7.019123435020446777e-02
2.096727490425109863e-01 4.398597776889801025e-01 2.992262914776802063e-01 5.124118179082870483e-02
1.596962213516235352e-01 4.106819331645965576e-01 3.595131263136863708e-01 7.010871917009353638e-02
7.586592435836791992e-02 2.886061072349548340e-01 4.869274646043777466e-01 1.486005038022994995e-01
9.332841634750366211e-02 3.249676823616027832e-01 4.595140367746353149e-01 1.221898645162582397e-01
1.595098376274108887e-01 4.105276167392730713e-01 3.597631305456161499e-01 7.019941508769989014e-02
1.596196293830871582e-01 4.106185734272003174e-01 3.596158325672149658e-01 7.014596462249755859e-02
1.595788598060607910e-01 4.105848371982574463e-01 3.596704900264739990e-01 7.016581296920776367e-02
1.417196393013000488e-01 3.939208686351776123e-01 3.845126926898956299e-01 7.984679937362670898e-02
1.594657897949218750e-01 4.104911684989929199e-01 3.598221912980079651e-01 7.022085040807723999e-02
1.594638228416442871e-01 4.104895591735839844e-01 3.598248213529586792e-01 7.022179663181304932e-02
1.609366536140441895e-01 4.116980433464050293e-01 3.578549325466156006e-01 6.951037049293518066e-02
1.596539616584777832e-01 4.106469452381134033e-01 3.595698103308677673e-01 7.012928277254104614e-02
1.597412824630737305e-01 4.107190072536468506e-01 3.594528436660766602e-01 7.008686661720275879e-02
1.594787240028381348e-01 4.105019867420196533e-01 3.598047718405723572e-01 7.021451741456985474e-02
1.595888137817382812e-01 4.105931222438812256e-01 3.596571087837219238e-01 7.016095519065856934e-02
1.610658764839172363e-01 4.118028581142425537e-01 3.576827347278594971e-01 6.944853067398071289e-02
1.612353920936584473e-01 4.119402468204498291e-01 3.574568480253219604e-01 6.936751306056976318e-02
1.613144874572753906e-01 4.120041728019714355e-01 3.573515564203262329e-01 6.932978332042694092e-02
1.611360311508178711e-01 4.118598103523254395e-01 3.575891777873039246e-01 6.941498070955276489e-02
1.611721515655517578e-01 4.118890166282653809e-01 3.575410991907119751e-01 6.939773261547088623e-02
1.611682176589965820e-01 4.118857979774475098e-01 3.575463742017745972e-01 6.939961016178131104e-02
1.610866785049438477e-01 4.118197560310363770e-01 3.576549887657165527e-01 6.943857669830322266e-02
1.612042188644409180e-01 4.119149446487426758e-01 3.574984222650527954e-01 6.938241422176361084e-02
1.611745953559875488e-01 4.118910431861877441e-01 3.575378134846687317e-01 6.939654797315597534e-02
1.611170768737792969e-01 4.118443131446838379e-01 3.576145395636558533e-01 6.942407041788101196e-02
1.611451506614685059e-01 4.118671119213104248e-01 3.575771003961563110e-01 6.941063702106475830e-02
8.365007936954498291e-01 1.362817864865064621e-01 2.442466397769749165e-02 2.792755840346217155e-03
1.612024307250976562e-01 4.119135141372680664e-01 3.575007990002632141e-01 6.938325613737106323e-02
1.611689925193786621e-01 4.118864834308624268e-01 3.575452864170074463e-01 6.939923763275146484e-02
1.612351536750793457e-01 4.119398891925811768e-01 3.574572876095771790e-01 6.936766952276229858e-02
8.682265579700469971e-01 1.105095725506544113e-01 1.909391954541206360e-02 2.169949933886528015e-03
3.434024453163146973e-01 4.417106211185455322e-01 1.882210392504930496e-01 2.666589431464672089e-02
1.610810756683349609e-01 4.118150770664215088e-01 3.576625585556030273e-01 6.944128870964050293e-02
1.611148715019226074e-01 4.118425548076629639e-01 3.576174601912498474e-01 6.942511349916458130e-02
1.565131545066833496e-01 4.079953432083129883e-01 3.638076111674308777e-01 7.168389111757278442e-02
1.563104391098022461e-01 4.078202545642852783e-01 3.640831038355827332e-01 7.178620249032974243e-02
1.562926769256591797e-01 4.078048765659332275e-01 3.641072511672973633e-01 7.179519534111022949e-02
1.562820076942443848e-01 4.077956974506378174e-01 3.641217350959777832e-01 7.180055975914001465e-02
1.563118100166320801e-01 4.078214764595031738e-01 3.640812113881111145e-01 7.178550213575363159e-02
1.563052535057067871e-01 4.078157246112823486e-01 3.640901893377304077e-01 7.178883254528045654e-02
1.562927961349487305e-01 4.078049361705780029e-01 3.641071245074272156e-01 7.179514318704605103e-02
1.565203666687011719e-01 4.080015122890472412e-01 3.637978807091712952e-01 7.168024033308029175e-02
1.563017964363098145e-01 4.078125953674316406e-01 3.640949949622154236e-01 7.179061323404312134e-02
2.934847474098205566e-01 4.502297341823577881e-01 2.229423709213733673e-01 3.334314748644828796e-02
1.563843488693237305e-01 4.078840613365173340e-01 3.639826849102973938e-01 7.174890488386154175e-02
1.562693715095520020e-01 4.077847599983215332e-01 3.641389161348342896e-01 7.180695235729217529e-02
7.307053208351135254e-01 2.191828973591327667e-01 4.485891386866569519e-02 5.252867937088012695e-03
7.475350797176361084e-01 2.063494063913822174e-01 4.129968397319316864e-02 4.815829917788505554e-03
1.404246091842651367e-01 3.925565183162689209e-01 3.863832876086235046e-01 8.063558489084243774e-02
1.563098430633544922e-01 4.078196883201599121e-01 3.640839532017707825e-01 7.178651541471481323e-02
1.565309166908264160e-01 4.080105125904083252e-01 3.637835904955863953e-01 7.167498022317886353e-02
1.563358902931213379e-01 4.078422784805297852e-01 3.640484884381294250e-01 7.177334278821945190e-02
1.562936305999755859e-01 4.078057706356048584e-01 3.641059175133705139e-01 7.179468125104904175e-02
1.550565958023071289e-01 4.067271947860717773e-01 3.657917901873588562e-01 7.242441922426223755e-02
1.550562977790832520e-01 4.067268669605255127e-01 3.657922521233558655e-01 7.242458313703536987e-02
1.550981402397155762e-01 4.067637026309967041e-01 3.657350316643714905e-01 7.240312546491622925e-02
1.550730466842651367e-01 4.067416191101074219e-01 3.657693341374397278e-01 7.241600006818771362e-02
1.550567746162414551e-01 4.067274034023284912e-01 3.657915070652961731e-01 7.242431491613388062e-02
1.550815701484680176e-01 4.067490696907043457e-01 3.657577186822891235e-01 7.241164147853851318e-02
1.550658345222473145e-01 4.067352712154388428e-01 3.657792136073112488e-01 7.241968065500259399e-02
1.550784111022949219e-01 4.067463576793670654e-01 3.657620027661323547e-01 7.241322845220565796e-02
3.809726238250732422e-01 4.303247183561325073e-01 1.659506801515817642e-01 2.275197766721248627e-02
1.550750136375427246e-01 4.067434072494506836e-01 3.657666072249412537e-01 7.241497188806533813e-02
1.550760269165039062e-01 4.067443013191223145e-01 3.657652437686920166e-01 7.241442799568176270e-02
1.550561189651489258e-01 4.067267179489135742e-01 3.657924830913543701e-01 7.242467999458312988e-02
8.757870718836784363e-01 1.043143905699253082e-01 1.787045854143798351e-02 2.028079004958271980e-03
2.259073853492736816e-01 4.450056254863739014e-01 2.822870835661888123e-01 4.679990559816360474e-02
1.550548076629638672e-01 4.067256152629852295e-01 3.657942563295364380e-01 7.242532074451446533e-02
1.551181674003601074e-01 4.067812561988830566e-01 3.657077029347419739e-01 7.239287346601486206e-02
1.550949811935424805e-01 4.067610204219818115e-01 3.657392710447311401e-01 7.240472733974456787e-02
1.550561785697937012e-01 4.067268967628479004e-01 3.657923117280006409e-01 7.242461293935775757e-02
4.645416140556335449e-01 3.938277512788772583e-01 1.253831852227449417e-01 1.624744944274425507e-02
1.539387106895446777e-01 4.057371616363525391e-01 3.673226907849311829e-01 7.300143688917160034e-02
1.539714932441711426e-01 4.057664573192596436e-01 3.672776520252227783e-01 7.298439741134643555e-02
1.538721323013305664e-01 4.056777358055114746e-01 3.674140945076942444e-01 7.303603738546371460e-02
1.539025306701660156e-01 4.057048559188842773e-01 3.673723638057708740e-01 7.302024960517883301e-02
1.536898016929626465e-01 4.055148065090179443e-01 3.676644489169120789e-01 7.313094288110733032e-02
1.537909507751464844e-01 4.056051969528198242e-01 3.675255775451660156e-01 7.307827472686767578e-02
1.538412570953369141e-01 4.056500792503356934e-01 3.674565479159355164e-01 7.305211573839187622e-02
1.537778973579406738e-01 4.055935144424438477e-01 3.675435036420822144e-01 7.308508455753326416e-02
1.537239551544189453e-01 4.055453836917877197e-01 3.676175326108932495e-01 7.311312854290008545e-02
1.536927223205566406e-01 4.055173993110656738e-01 3.676604554057121277e-01 7.312942296266555786e-02
1.538373231887817383e-01 4.056466221809387207e-01 3.674619048833847046e-01 7.305414974689483643e-02
1.536784768104553223e-01 4.055045843124389648e-01 3.676800876855850220e-01 7.313685119152069092e-02
1.538149714469909668e-01 4.056265950202941895e-01 3.674926310777664185e-01 7.306580245494842529e-02
3.009275794029235840e-01 4.495197236537933350e-01 2.173391878604888916e-01 3.221350908279418945e-02
1.174508929252624512e-01 3.643296360969543457e-01 4.210182279348373413e-01 9.720124304294586182e-02
1.538096666336059570e-01 4.056218564510345459e-01 3.674999251961708069e-01 7.306855171918869019e-02
1.538944840431213379e-01 4.056977033615112305e-01 3.673833981156349182e-01 7.302441447973251343e-02
4.454309940338134766e-01 4.033067524433135986e-01 1.337357889860868454e-01 1.752646453678607941e-02
8.831425383687019348e-01 9.826836176216602325e-02 1.669675053562968969e-02 1.892349333502352238e-03
1.669601202011108398e-01 4.163939356803894043e-01 3.499248921871185303e-01 6.672105193138122559e-02
1.562874317169189453e-01 4.078003764152526855e-01 3.641143590211868286e-01 7.179783284664154053e-02
7.626679390668869019e-01 1.946863383054733276e-01 3.820670302957296371e-02 4.439019598066806793e-03
1.563547253608703613e-01 4.078584313392639160e-01 3.640229776501655579e-01 7.176386564970016479e-02
1.562459468841552734e-01 4.077644050121307373e-01 3.641708120703697205e-01 7.181883603334426880e-02
1.562747955322265625e-01 4.077894389629364014e-01 3.641315475106239319e-01 7.180421799421310425e-02
1.562461853027343750e-01 4.077646732330322266e-01 3.641704618930816650e-01 7.181867957115173340e-02
1.562628149986267090e-01 4.077790379524230957e-01 3.641478568315505981e-01 7.181029021739959717e-02
1.562724709510803223e-01 4.077874124050140381e-01 3.641347214579582214e-01 7.180539518594741821e-02
1.562440395355224609e-01 4.077627956867218018e-01 3.641733750700950623e-01 7.181978970766067505e-02
1.563838124275207520e-01 4.078835844993591309e-01 3.639834374189376831e-01 7.174916565418243408e-02
1.562537550926208496e-01 4.077711999416351318e-01 3.641601800918579102e-01 7.181486487388610840e-02
1.562459468841552734e-01 4.077644050121307373e-01 3.641708418726921082e-01 7.181880623102188110e-02
1.562455892562866211e-01 4.077641367912292480e-01 3.641712814569473267e-01 7.181899249553680420e-02
9.641414880752563477e-02 3.306512832641601562e-01 4.545473307371139526e-01 1.183872371912002563e-01
1.562460064888000488e-01 4.077644944190979004e-01 3.641707226634025574e-01 7.181877642869949341e-02
1.444331407546997070e-01 3.967077434062957764e-01 3.806233629584312439e-01 7.823575288057327271e-02
1.562439799308776855e-01 4.077627658843994141e-01 3.641734644770622253e-01 7.181978970766067505e-02
1.562453508377075195e-01 4.077639281749725342e-01 3.641715943813323975e-01 7.181912660598754883e-02
1.516004800796508789e-01 4.036185741424560547e-01 3.705474808812141418e-01 7.423346489667892456e-02
1.514375209808349609e-01 4.034684896469116211e-01 3.707733675837516785e-01 7.432062178850173950e-02
1.514307260513305664e-01 4.034621715545654297e-01 3.707828298211097717e-01 7.432427257299423218e-02
1.514557003974914551e-01 4.034853577613830566e-01 3.707480803132057190e-01 7.431086152791976929e-02
1.462928652763366699e-01 3.985628485679626465e-01 3.779812902212142944e-01 7.716299593448638916e-02
8.400312811136245728e-01 1.334323696792125702e-01 2.381518669426441193e-02 2.721162512898445129e-03
1.514514684677124023e-01 4.034813642501831055e-01 3.707540258765220642e-01 7.431314140558242798e-02
1.514143347740173340e-01 4.034470915794372559e-01 3.708055242896080017e-01 7.433304935693740845e-02
1.515334844589233398e-01 4.035569429397583008e-01 3.706403151154518127e-01 7.426925748586654663e-02
1.514143347740173340e-01 4.034470915794372559e-01 3.708055242896080017e-01 7.433304935693740845e-02
8.002579212188720703e-02 2.979583740234375000e-01 4.805918782949447632e-01 1.414239555597305298e-01
1.513369679450988770e-01 4.033758342266082764e-01 3.709127306938171387e-01 7.437446713447570801e-02
1.513991951942443848e-01 4.034332334995269775e-01 3.708264529705047607e-01 7.434111833572387695e-02
1.514495015144348145e-01 4.034796655178070068e-01 3.707566484808921814e-01 7.431418448686599731e-02
1.516167521476745605e-01 4.036335945129394531e-01 3.705249056220054626e-01 7.422474771738052368e-02
1.514430642127990723e-01 4.034736752510070801e-01 3.707656264305114746e-01 7.431763410568237305e-02
1.090870499610900879e-01 3.519382476806640625e-01 4.342138245701789856e-01 1.047608777880668640e-01
1.515071988105773926e-01 4.035328328609466553e-01 3.706766590476036072e-01 7.428330928087234497e-02
1.514354348182678223e-01 4.034665226936340332e-01 3.707762882113456726e-01 7.432175427675247192e-02
1.133131980895996094e-01 3.583540916442871094e-01 4.275151789188385010e-01 1.008175313472747803e-01
1.594280600547790527e-01 4.104599356651306152e-01 3.598727658390998840e-01 7.023923844099044800e-02
1.204397678375244141e-01 3.684648871421813965e-01 4.163683429360389709e-01 9.472700208425521851e-02
1.595448851585388184e-01 4.105566143989562988e-01 3.597161322832107544e-01 7.018236815929412842e-02
1.594666242599487305e-01 4.104919135570526123e-01 3.598210290074348450e-01 7.022043317556381226e-02
1.594367027282714844e-01 4.104672074317932129e-01 3.598611205816268921e-01 7.023496925830841064e-02
1.593450903892517090e-01 4.103910624980926514e-01 3.599841445684432983e-01 7.027970254421234131e-02
7.863020747900009155e-01 1.762508936226367950e-01 3.356801834888756275e-02 3.879013238474726677e-03
1.593300104141235352e-01 4.103785753250122070e-01 3.600043579936027527e-01 7.028705626726150513e-02
1.594752073287963867e-01 4.104990363121032715e-01 3.598094955086708069e-01 7.021626085042953491e-02
1.593817472457885742e-01 4.104214906692504883e-01 3.599349632859230042e-01 7.026179879903793335e-02
1.594015359878540039e-01 4.104379713535308838e-01 3.599083647131919861e-01 7.025212794542312622e-02
1.593989729881286621e-01 4.104358553886413574e-01 3.599117994308471680e-01 7.025337219238281250e-02
1.594018340110778809e-01 4.104382991790771484e-01 3.599078878760337830e-01 7.025197893381118774e-02
1.593544483184814453e-01 4.103988409042358398e-01 3.599715977907180786e-01 7.027511298656463623e-02
1.595544815063476562e-01 4.105646312236785889e-01 3.597032204270362854e-01 7.017766684293746948e-02
1.593851447105407715e-01 4.104243516921997070e-01 3.599303737282752991e-01 7.026012986898422241e-02
1.593577265739440918e-01 4.104015231132507324e-01 3.599672242999076843e-01 7.027352601289749146e-02
1.594040393829345703e-01 4.104400575160980225e-01 3.599049896001815796e-01 7.025091350078582764e-02
1.624304652214050293e-01 4.128991663455963135e-01 3.558694571256637573e-01 6.880091130733489990e-02
1.229328513145446777e-01 3.718020319938659668e-01 4.125197008252143860e-01 9.274541586637496948e-02
1.624252796173095703e-01 4.128950238227844238e-01 3.558763414621353149e-01 6.880335509777069092e-02
1.623505353927612305e-01 4.128353893756866455e-01 3.559754863381385803e-01 6.883858889341354370e-02
1.623589992523193359e-01 4.128422439098358154e-01 3.559641689062118530e-01 6.883458793163299561e-02
9.614608064293861389e-01 3.283403022214770317e-02 5.131152633111923933e-03 5.740107153542339802e-04
1.625819802284240723e-01 4.130195677280426025e-01 3.556688055396080017e-01 6.872964650392532349e-02
1.622950434684753418e-01 4.127913117408752441e-01 3.560489192605018616e-01 6.886472553014755249e-02
1.623449325561523438e-01 4.128309190273284912e-01 3.559828996658325195e-01 6.884124875068664551e-02
1.622979640960693359e-01 4.127936363220214844e-01 3.560450449585914612e-01 6.886335462331771851e-02
1.623507142066955566e-01 4.128355681896209717e-01 3.559752181172370911e-01 6.883849948644638062e-02
1.409362554550170898e-01 3.930982053279876709e-01 3.856431618332862854e-01 8.032237738370895386e-02
1.624999642372131348e-01 4.129543602466583252e-01 3.557774573564529419e-01 6.876821815967559814e-02
1.627421379089355469e-01 4.131466448307037354e-01 3.554567992687225342e-01 6.865441799163818359e-02
1.179426312446594238e-01 3.650202751159667969e-01 4.202505871653556824e-01 9.678650647401809692e-02
8.669434636831283569e-01 1.115589737892150879e-01 1.930329436436295509e-02 2.194268163293600082e-03
1.623451709747314453e-01 4.128312468528747559e-01 3.559824898838996887e-01 6.884109228849411011e-02
1.623012423515319824e-01 4.127961993217468262e-01 3.560407310724258423e-01 6.886182725429534912e-02
1.623389124870300293e-01 4.128262400627136230e-01 3.559907898306846619e-01 6.884405761957168579e-02
1.529856920242309570e-01 4.048816263675689697e-01 3.686332702636718750e-01 7.349941134452819824e-02
1.409313082695007324e-01 3.930929601192474365e-01 3.856503218412399292e-01 8.032540977001190186e-02
1.528844237327575684e-01 4.047899544239044189e-01 3.687729388475418091e-01 7.355268299579620361e-02
1.528610587120056152e-01 4.047689139842987061e-01 3.688050583004951477e-01 7.356496900320053101e-02
8.927476406097412109e-02 3.171805143356323242e-01 4.660159349441528320e-01 1.275287866592407227e-01
1.529043912887573242e-01 4.048081040382385254e-01 3.687453493475914001e-01 7.354215532541275024e-02
4.298707842826843262e-01 4.105692207813262939e-01 1.409108899533748627e-01 1.864910498261451721e-02
1.530022025108337402e-01 4.048964381217956543e-01 3.686105832457542419e-01 7.349077612161636353e-02
1.529170870780944824e-01 4.048195481300354004e-01 3.687278702855110168e-01 7.353549450635910034e-02
1.530674099922180176e-01 4.049552381038665771e-01 3.685208261013031006e-01 7.345652580261230469e-02
1.529040932655334473e-01 4.048076868057250977e-01 3.687458634376525879e-01 7.354235649108886719e-02
1.272055506706237793e-01 3.772914707660675049e-01 4.059915170073509216e-01 8.951146155595779419e-02
1.528998017311096191e-01 4.048039615154266357e-01 3.687516748905181885e-01 7.354456186294555664e-02
1.529084444046020508e-01 4.048117101192474365e-01 3.687397986650466919e-01 7.354004681110382080e-02
1.529998779296875000e-01 4.048942923545837402e-01 3.686138316988945007e-01 7.349199801683425903e-02
1.529525518417358398e-01 4.048516452312469482e-01 3.686789795756340027e-01 7.351682335138320923e-02
1.529454588890075684e-01 4.048453271389007568e-01 3.686886578798294067e-01 7.352055609226226807e-02
1.531480550765991211e-01 4.050280451774597168e-01 3.684097155928611755e-01 7.341418415307998657e-02
1.529793143272399902e-01 4.048759043216705322e-01 3.686420246958732605e-01 7.350275665521621704e-02
1.585004925727844238e-01 4.096861183643341064e-01 3.611197397112846375e-01 7.069364935159683228e-02
1.582066416740417480e-01 4.094389379024505615e-01 3.615157827734947205e-01 7.083863765001296997e-02
7.917347848415374756e-01 1.719769686460494995e-01 3.253331966698169708e-02 3.754926845431327820e-03
1.583067178726196289e-01 4.095231890678405762e-01 3.613808676600456238e-01 7.078922539949417114e-02
1.582469344139099121e-01 4.094729125499725342e-01 3.614614382386207581e-01 7.081871479749679565e-02
1.583068966865539551e-01 4.095234572887420654e-01 3.613805472850799561e-01 7.078909873962402344e-02
1.582866311073303223e-01 4.095063805580139160e-01 3.614078834652900696e-01 7.079910486936569214e-02
1.583145260810852051e-01 4.095297753810882568e-01 3.613703325390815735e-01 7.078536599874496460e-02
1.585484743118286133e-01 4.097262918949127197e-01 3.610551655292510986e-01 7.067006826400756836e-02
1.582710742950439453e-01 4.094932079315185547e-01 3.614289015531539917e-01 7.080681622028350830e-02
1.583192348480224609e-01 4.095337986946105957e-01 3.613639548420906067e-01 7.078301161527633667e-02
1.582472920417785645e-01 4.094732403755187988e-01 3.614609092473983765e-01 7.081855833530426025e-02
1.583595871925354004e-01 4.095676839351654053e-01 3.613095954060554504e-01 7.076313346624374390e-02
1.583753228187561035e-01 4.095809459686279297e-01 3.612883761525154114e-01 7.075535506010055542e-02
1.127347350120544434e-01 3.574948310852050781e-01 4.284285977482795715e-01 1.013418361544609070e-01
1.583139896392822266e-01 4.095293879508972168e-01 3.613710030913352966e-01 7.078561931848526001e-02
1.582854390144348145e-01 4.095052778720855713e-01 3.614095672965049744e-01 7.079971581697463989e-02
1.582068800926208496e-01 4.094391465187072754e-01 3.615154474973678589e-01 7.083852589130401611e-02
1.582688093185424805e-01 4.094913601875305176e-01 3.614319115877151489e-01 7.080791890621185303e-02
1.566181778907775879e-01 4.080856740474700928e-01 3.636651337146759033e-01 7.163101434707641602e-02
2.688959240913391113e-01 4.509408771991729736e-01 2.426662743091583252e-01 3.749692440032958984e-02
1.566553711891174316e-01 4.081177711486816406e-01 3.636145815253257751e-01 7.161227613687515259e-02
1.566751599311828613e-01 4.081348180770874023e-01 3.635876998305320740e-01 7.160232216119766235e-02
1.566095948219299316e-01 4.080782830715179443e-01 3.636767938733100891e-01 7.163532823324203491e-02
1.565999984741210938e-01 4.080701470375061035e-01 3.636897057294845581e-01 7.164014875888824463e-02
1.082914471626281738e-01 3.506936430931091309e-01 4.354812204837799072e-01 1.055336892604827881e-01
1.565644741058349609e-01 4.080395102500915527e-01 3.637379780411720276e-01 7.165803760290145874e-02
1.566147804260253906e-01 4.080828130245208740e-01 3.636697158217430115e-01 7.163269072771072388e-02
1.566404700279235840e-01 4.081048667430877686e-01 3.636348694562911987e-01 7.161979377269744873e-02
1.565130949020385742e-01 4.079951345920562744e-01 3.638078123331069946e-01 7.168395817279815674e-02
1.566532850265502930e-01 4.081159532070159912e-01 3.636174425482749939e-01 7.161331921815872192e-02
1.565588712692260742e-01 4.080346524715423584e-01 3.637456148862838745e-01 7.166086137294769287e-02
1.566336750984191895e-01 4.080990850925445557e-01 3.636440411210060120e-01 7.162319868803024292e-02
1.566954851150512695e-01 4.081523418426513672e-01 3.635600879788398743e-01 7.159208506345748901e-02
1.566258668899536133e-01 4.080923497676849365e-01 3.636546358466148376e-01 7.162714749574661255e-02
1.566094160079956055e-01 4.080782532691955566e-01 3.636769428849220276e-01 7.163538783788681030e-02
1.565625667572021484e-01 4.080377519130706787e-01 3.637406453490257263e-01 7.165903598070144653e-02
1.565873026847839355e-01 4.080591201782226562e-01 3.637070208787918091e-01 7.164655625820159912e-02
2.444493770599365234e-01 4.488192796707153320e-01 2.643228098750114441e-01 4.240853339433670044e-02
1.564453244209289551e-01 4.079368114471435547e-01 3.638997748494148254e-01 7.171808928251266479e-02
1.033238768577575684e-01 3.426522612571716309e-01 4.434294626116752625e-01 1.105943992733955383e-01
1.564290523529052734e-01 4.079227745532989502e-01 3.639218583703041077e-01 7.172631472349166870e-02
1.676820516586303711e-01 4.169308543205261230e-01 3.489879742264747620e-01 6.639911979436874390e-02
1.919373869895935059e-01 4.320279657840728760e-01 3.191433772444725037e-01 5.689126998186111450e-02
1.565155386924743652e-01 4.079972505569458008e-01 3.638044893741607666e-01 7.168272137641906738e-02
1.565554738044738770e-01 4.080318212509155273e-01 3.637501448392868042e-01 7.166256010532379150e-02
1.565794944763183594e-01 4.080525040626525879e-01 3.637175410985946655e-01 7.165046036243438721e-02
1.564724445343017578e-01 4.079601764678955078e-01 3.638629540801048279e-01 7.170442491769790649e-02
4.897097945213317871e-01 3.804889619350433350e-01 1.150902993977069855e-01 1.471094414591789246e-02
1.565572619438171387e-01 4.080333709716796875e-01 3.637477084994316101e-01 7.166165858507156372e-02
1.565017104148864746e-01 4.079854488372802734e-01 3.638231903314590454e-01 7.168965041637420654e-02
1.565192937850952148e-01 4.080004990100860596e-01 3.637993931770324707e-01 7.168081402778625488e-02
1.564756631851196289e-01 4.079629182815551758e-01 3.638586103916168213e-01 7.170280814170837402e-02
1.564388871192932129e-01 4.079311192035675049e-01 3.639086186885833740e-01 7.172137498855590820e-02
2.503871917724609375e-01 4.496207237243652344e-01 2.588598765432834625e-01 4.113220795989036560e-02
1.564285159111022949e-01 4.079222083091735840e-01 3.639226853847503662e-01 7.172659039497375488e-02
1.564768552780151367e-01 4.079640805721282959e-01 3.638568893074989319e-01 7.170217484235763550e-02
2.197790741920471191e-01 4.432740211486816406e-01 2.885428033769130707e-01 4.840410128235816956e-02
1.480317711830139160e-01 4.002576470375061035e-01 3.755284398794174194e-01 7.618214190006256104e-02
1.480902433395385742e-01 4.003140032291412354e-01 3.754462301731109619e-01 7.614952325820922852e-02
1.481005549430847168e-01 4.003238081932067871e-01 3.754318431019783020e-01 7.614379376173019409e-02
1.481247544288635254e-01 4.003472626209259033e-01 3.753977045416831970e-01 7.613027840852737427e-02
1.483385562896728516e-01 4.005526900291442871e-01 3.750974684953689575e-01 7.601128518581390381e-02
1.481287479400634766e-01 4.003511369228363037e-01 3.753920793533325195e-01 7.612803578376770020e-02
1.480804681777954102e-01 4.003046154975891113e-01 3.754599615931510925e-01 7.615495473146438599e-02
1.481114625930786133e-01 4.003343880176544189e-01 3.754164427518844604e-01 7.613770663738250732e-02
1.481623053550720215e-01 4.003834724426269531e-01 3.753448873758316040e-01 7.610933482646942139e-02
1.480600237846374512e-01 4.002849757671356201e-01 3.754886463284492493e-01 7.616635411977767944e-02
1.383664011955261230e-01 3.903417885303497314e-01 3.893751055002212524e-01 8.191670477390289307e-02
1.482629179954528809e-01 4.004801213741302490e-01 3.752036318182945251e-01 7.605332881212234497e-02
1.481595635414123535e-01 4.003806710243225098e-01 3.753488734364509583e-01 7.611089199781417847e-02
1.481824517250061035e-01 4.004027843475341797e-01 3.753166571259498596e-01 7.609810680150985718e-02
8.399332314729690552e-01 1.335115674883127213e-01 2.383205806836485863e-02 2.723142970353364944e-03
1.480951905250549316e-01 4.003187716007232666e-01 3.754392713308334351e-01 7.614676654338836670e-02
1.480580568313598633e-01 4.002829790115356445e-01 3.754914700984954834e-01 7.616749405860900879e-02
1.480731368064880371e-01 4.002974629402160645e-01 3.754703253507614136e-01 7.615907490253448486e-02
1.706684827804565430e-01 4.190947711467742920e-01 3.451427072286605835e-01 6.509403884410858154e-02
1.591563224792480469e-01 4.102342724800109863e-01 3.602375462651252747e-01 7.037185877561569214e-02
3.660187125205993652e-01 4.352988004684448242e-01 1.744652558118104935e-01 2.421723119914531708e-02
1.593810319900512695e-01 4.104209840297698975e-01 3.599358424544334412e-01 7.026214152574539185e-02
1.592364907264709473e-01 4.103009700775146484e-01 3.601298555731773376e-01 7.033268362283706665e-02
1.592612266540527344e-01 4.103215038776397705e-01 3.600966855883598328e-01 7.032058387994766235e-02
1.592395901679992676e-01 4.103034138679504395e-01 3.601258099079132080e-01 7.033118605613708496e-02
9.108269214630126953e-02 3.206995725631713867e-01 4.631207585334777832e-01 1.250969767570495605e-01
1.593207120895385742e-01 4.103708565235137939e-01 3.600168600678443909e-01 7.029157131910324097e-02
1.592860817909240723e-01 4.103420972824096680e-01 3.600633442401885986e-01 7.030847668647766113e-02
1.591499447822570801e-01 4.102289378643035889e-01 3.602461442351341248e-01 7.037497311830520630e-02
1.592909097671508789e-01 4.103460907936096191e-01 3.600568771362304688e-01 7.030612230300903320e-02
1.592593789100646973e-01 4.103200435638427734e-01 3.600990846753120422e-01 7.032149285078048706e-02
1.592277288436889648e-01 4.102935791015625000e-01 3.601417168974876404e-01 7.033697515726089478e-02
1.591708064079284668e-01 4.102463424205780029e-01 3.602180927991867065e-01 7.036475837230682373e-02
1.593472361564636230e-01 4.103929698467254639e-01 3.599811792373657227e-01 7.027861475944519043e-02
1.592651009559631348e-01 4.103247225284576416e-01 3.600914925336837769e-01 7.031868398189544678e-02
1.592012643814086914e-01 4.102716147899627686e-01 3.601772263646125793e-01 7.034989446401596069e-02
1.591985225677490234e-01 4.102694094181060791e-01 3.601808622479438782e-01 7.035120576620101929e-02
1.439349651336669922e-01 3.962032198905944824e-01 3.813343718647956848e-01 7.852744311094284058e-02
1.438170075416564941e-01 3.960833847522735596e-01 3.815028741955757141e-01 7.859673351049423218e-02
1.214151978492736816e-01 3.697826862335205078e-01 4.148591309785842896e-01 9.394298493862152100e-02
1.439507007598876953e-01 3.962192535400390625e-01 3.813118711113929749e-01 7.851817458868026733e-02
1.438421607017517090e-01 3.961089849472045898e-01 3.814669251441955566e-01 7.858192920684814453e-02
1.439052224159240723e-01 3.961731493473052979e-01 3.813767805695533752e-01 7.854484766721725464e-02
1.438288092613220215e-01 3.960953950881958008e-01 3.814860209822654724e-01 7.858977466821670532e-02
1.170209050178527832e-01 3.637223839759826660e-01 4.216902405023574829e-01 9.756647050380706787e-02
7.939165830612182617e-02 2.965622544288635254e-01 4.815692156553268433e-01 1.424768716096878052e-01
1.438522338867187500e-01 3.961192071437835693e-01 3.814525380730628967e-01 7.857602089643478394e-02
1.437973380088806152e-01 3.960633575916290283e-01 3.815310150384902954e-01 7.860828936100006104e-02
1.438918709754943848e-01 3.961594700813293457e-01 3.813959211111068726e-01 7.855273783206939697e-02
1.438632011413574219e-01 3.961303234100341797e-01 3.814369142055511475e-01 7.856956124305725098e-02
1.438826322555541992e-01 3.961501419544219971e-01 3.814091086387634277e-01 7.855811715126037598e-02
2.156531214714050293e-01 4.419663548469543457e-01 2.928482629358768463e-01 4.953226074576377869e-02
1.438595652580261230e-01 3.961265981197357178e-01 3.814421296119689941e-01 7.857170701026916504e-02
1.437980532646179199e-01 3.960639536380767822e-01 3.815300911664962769e-01 7.860790193080902100e-02
1.437665820121765137e-01 3.960319757461547852e-01 3.815750181674957275e-01 7.862642407417297363e-02
1.439111232757568359e-01 3.961790502071380615e-01 3.813684284687042236e-01 7.854139804840087891e-02
1.515460610389709473e-01 4.035685360431671143e-01 3.706228658556938171e-01 7.426253706216812134e-02
7.420289516448974609e-02 2.847369313240051270e-01 4.894024133682250977e-01 1.516577601432800293e-01
1.515872478485107422e-01 4.036065042018890381e-01 3.705657571554183960e-01 7.424049079418182373e-02
1.515046954154968262e-01 4.035305082798004150e-01 3.706801608204841614e-01 7.428463548421859741e-02
1.516469717025756836e-01 4.036613404750823975e-01 3.704830557107925415e-01 7.420863211154937744e-02
1.515628695487976074e-01 4.035840928554534912e-01 3.705995082855224609e-01 7.425352931022644043e-02
1.515014171600341797e-01 4.035275578498840332e-01 3.706846535205841064e-01 7.428637146949768066e-02
1.514962315559387207e-01 4.035225510597229004e-01 3.706920072436332703e-01 7.428921014070510864e-02
1.515150070190429688e-01 4.035399258136749268e-01 3.706659227609634399e-01 7.427914440631866455e-02
1.304246783256530762e-01 3.812419772148132324e-01 4.011324420571327209e-01 8.720090240240097046e-02
1.514549255371093750e-01 4.034844934940338135e-01 3.707492649555206299e-01 7.431131601333618164e-02
1.515394449234008789e-01 4.035624861717224121e-01 3.706320226192474365e-01 7.426604628562927246e-02
1.514668464660644531e-01 4.034955501556396484e-01 3.707326948642730713e-01 7.430490851402282715e-02
1.515452265739440918e-01 4.035677015781402588e-01 3.706240728497505188e-01 7.426299899816513062e-02
5.336441397666931152e-01 3.551679551601409912e-01 9.882103931158781052e-02 1.236686576157808304e-02
1.515544652938842773e-01 4.035763442516326904e-01 3.706111758947372437e-01 7.425801455974578857e-02
1.514763832092285156e-01 4.035043418407440186e-01 3.707194551825523376e-01 7.429981976747512817e-02
1.514992713928222656e-01 4.035255610942840576e-01 3.706876412034034729e-01 7.428752630949020386e-02
1.516903042793273926e-01 4.037012159824371338e-01 3.704230040311813354e-01 7.418547570705413818e-02
8.579683154821395874e-01 1.188831049948930740e-01 2.078220574185252190e-02 2.366373781114816666e-03
1.542533040046691895e-01 4.060171842575073242e-01 3.668912202119827271e-01 7.283829152584075928e-02
1.543792486190795898e-01 4.061290621757507324e-01 3.667185679078102112e-01 7.277312129735946655e-02
1.545407176017761230e-01 4.062722325325012207e-01 3.664973303675651550e-01 7.268971949815750122e-02
1.543828248977661133e-01 4.061322510242462158e-01 3.667136505246162415e-01 7.277127355337142944e-02
1.543327569961547852e-01 4.060879349708557129e-01 3.667821586132049561e-01 7.279714941978454590e-02
7.536417096853256226e-01 2.016566731035709381e-01 4.003962874412536621e-02 4.661988466978073120e-03
1.543695926666259766e-01 4.061204791069030762e-01 3.667318001389503479e-01 7.277812808752059937e-02
1.542797088623046875e-01 4.060406982898712158e-01 3.668549880385398865e-01 7.282460480928421021e-02
7.607980668544769287e-01 1.961336024105548859e-01 3.858354734256863594e-02 4.484783392399549484e-03
1.542584300041198730e-01 4.060218036174774170e-01 3.668841496109962463e-01 7.283561676740646362e-02
1.542954444885253906e-01 4.060546457767486572e-01 3.668334484100341797e-01 7.281646132469177246e-02
1.543537378311157227e-01 4.061063826084136963e-01 3.667535483837127686e-01 7.278633117675781250e-02
1.542806029319763184e-01 4.060414731502532959e-01 3.668537661433219910e-01 7.282415777444839478e-02
8.686459064483642578e-02 3.123713731765747070e-01 4.698585718870162964e-01 1.309054642915725708e-01
1.676815748214721680e-01 4.169304966926574707e-01 3.489886149764060974e-01 6.639931350946426392e-02
1.543168425559997559e-01 4.060737192630767822e-01 3.668040484189987183e-01 7.280538976192474365e-02
1.542345285415649414e-01 4.060005247592926025e-01 3.669169247150421143e-01 7.284802198410034180e-02
1.543262600898742676e-01 4.060820937156677246e-01 3.667911216616630554e-01 7.280052453279495239e-02
1.498942375183105469e-01 4.020311534404754639e-01 3.729200139641761780e-01 7.515459507703781128e-02
1.497775316238403320e-01 4.019213020801544189e-01 3.730828836560249329e-01 7.521828263998031616e-02
1.498709917068481445e-01 4.020093083381652832e-01 3.729524314403533936e-01 7.516726851463317871e-02
1.499653458595275879e-01 4.020979106426239014e-01 3.728208839893341064e-01 7.511585950851440430e-02
1.499223113059997559e-01 4.020576179027557373e-01 3.728807941079139709e-01 7.513927668333053589e-02
1.498327255249023438e-01 4.019733667373657227e-01 3.730057626962661743e-01 7.518814504146575928e-02
1.498396992683410645e-01 4.019798338413238525e-01 3.729961290955543518e-01 7.518433779478073120e-02
1.501450538635253906e-01 4.022667706012725830e-01 3.725701794028282166e-01 7.501799613237380981e-02
1.498621106147766113e-01 4.020009040832519531e-01 3.729648590087890625e-01 7.517212629318237305e-02
4.390960931777954102e-02 1.989923119544982910e-01 5.193002671003341675e-01 2.377978116273880005e-01
1.498095393180847168e-01 4.019514620304107666e-01 3.730381876230239868e-01 7.520081102848052979e-02
2.434718012809753418e-01 4.486686587333679199e-01 2.652352489531040192e-01 4.262429103255271912e-02
9.302738457918167114e-01 5.911086220294237137e-02 9.542496292851865292e-03 1.072795712389051914e-03
1.498528122901916504e-01 4.019922614097595215e-01 3.729777634143829346e-01 7.517716288566589355e-02
1.498970985412597656e-01 4.020339548587799072e-01 3.729159459471702576e-01 7.515300065279006958e-02
1.498473286628723145e-01 4.019869267940521240e-01 3.729855269193649292e-01 7.518021762371063232e-02
1.500453352928161621e-01 4.021731019020080566e-01 3.727092891931533813e-01 7.507227361202239990e-02
1.497988104820251465e-01 4.019412696361541748e-01 3.730532303452491760e-01 7.520668953657150269e-02
1.498560309410095215e-01 4.019951522350311279e-01 3.729733601212501526e-01 7.517545670270919800e-02
1.525948047637939453e-01 4.045274257659912109e-01 3.691724166274070740e-01 7.370535284280776978e-02
1.524174213409423828e-01 4.043662548065185547e-01 3.694172576069831848e-01 7.379906624555587769e-02
1.524925827980041504e-01 4.044345617294311523e-01 3.693135082721710205e-01 7.375934720039367676e-02
1.316863298416137695e-01 3.827480673789978027e-01 3.992425054311752319e-01 8.632309734821319580e-02
1.523723602294921875e-01 4.043252170085906982e-01 3.694794923067092896e-01 7.382293045520782471e-02
1.525588631629943848e-01 4.044949114322662354e-01 3.692219257354736328e-01 7.372429966926574707e-02
1.524407267570495605e-01 4.043872952461242676e-01 3.693851977586746216e-01 7.378678023815155029e-02
8.453762978315353394e-01 1.291094217449426651e-01 2.290038880892097950e-02 2.613891614601016045e-03
1.524837017059326172e-01 4.044264554977416992e-01 3.693258091807365417e-01 7.376403361558914185e-02
1.523817777633666992e-01 4.043338000774383545e-01 3.694664835929870605e-01 7.381793856620788574e-02
9.271186590194702148e-02 3.238072395324707031e-01 4.605050832033157349e-01 1.229758113622665405e-01
1.525350809097290039e-01 4.044732153415679932e-01 3.692548349499702454e-01 7.373686879873275757e-02
1.525137424468994141e-01 4.044538736343383789e-01 3.692842423915863037e-01 7.374814152717590332e-02
4.076029658317565918e-01 4.201807081699371338e-01 1.518166735768318176e-01 2.039965242147445679e-02
1.526501178741455078e-01 4.045775830745697021e-01 3.690961450338363647e-01 7.367615401744842529e-02
1.524893641471862793e-01 4.044316411018371582e-01 3.693179562687873840e-01 7.376103848218917847e-02
1.524448990821838379e-01 4.043912887573242188e-01 3.693792819976806641e-01 7.378453016281127930e-02
1.523621082305908203e-01 4.043157994747161865e-01 3.694937154650688171e-01 7.382837682962417603e-02
1.524568796157836914e-01 4.044021070003509521e-01 3.693628013134002686e-01 7.377821207046508789e-02
1.501266956329345703e-01 4.022496044635772705e-01 3.725957497954368591e-01 7.502795010805130005e-02
1.498489975929260254e-01 4.019886553287506104e-01 3.729830980300903320e-01 7.517924904823303223e-02
1.499474644660949707e-01 4.020812511444091797e-01 3.728457242250442505e-01 7.512556016445159912e-02
1.500632762908935547e-01 4.021900296211242676e-01 3.726842030882835388e-01 7.506249099969863892e-02
1.498369574546813965e-01 4.019772708415985107e-01 3.729999214410781860e-01 7.518585026264190674e-02
1.499208807945251465e-01 4.020562469959259033e-01 3.728828132152557373e-01 7.514005899429321289e-02
1.498442292213439941e-01 4.019841253757476807e-01 3.729897737503051758e-01 7.518187165260314941e-02
1.498777270317077637e-01 4.020155966281890869e-01 3.729430660605430603e-01 7.516361027956008911e-02
8.113890886306762695e-02 3.003842234611511230e-01 4.788674712181091309e-01 1.396093964576721191e-01
1.498097181320190430e-01 4.019517600536346436e-01 3.730378523468971252e-01 7.520066946744918823e-02
1.498617529869079590e-01 4.020007550716400146e-01 3.729652166366577148e-01 7.517227530479431152e-02
1.498835086822509766e-01 4.020211100578308105e-01 3.729349598288536072e-01 7.516042143106460571e-02
6.465335786342620850e-01 2.808866426348686218e-01 6.480717100203037262e-02 7.772607728838920593e-03
9.154403209686279297e-02 3.215857148170471191e-01 4.623805806040763855e-01 1.244896724820137024e-01
1.499935984611511230e-01 4.021244943141937256e-01 3.727814480662345886e-01 7.510045915842056274e-02
1.500184535980224609e-01 4.021479785442352295e-01 3.727466911077499390e-01 7.508687674999237061e-02
1.499199867248535156e-01 4.020555317401885986e-01 3.728839755058288574e-01 7.514050602912902832e-02
1.498259305953979492e-01 4.019668996334075928e-01 3.730152994394302368e-01 7.519187033176422119e-02
9.675943851470947266e-02 3.312745690345764160e-01 4.539911597967147827e-01 1.179748326539993286e-01
1.582958102226257324e-01 4.095140993595123291e-01 3.613955006003379822e-01 7.079458981752395630e-02
1.581222414970397949e-01 4.093677699565887451e-01 3.616296276450157166e-01 7.088036090135574341e-02
1.584001183509826660e-01 4.096018970012664795e-01 3.612548857927322388e-01 7.074309885501861572e-02
1.583097577095031738e-01 4.095257222652435303e-01 3.613768070936203003e-01 7.078771293163299561e-02
1.581300497055053711e-01 4.093742966651916504e-01 3.616191223263740540e-01 7.087653130292892456e-02
1.404550075531005859e-01 3.925887048244476318e-01 3.863393440842628479e-01 8.061694353818893433e-02
1.582616567611694336e-01 4.094852805137634277e-01 3.614415973424911499e-01 7.081146538257598877e-02
7.973594516515731812e-01 1.675382703542709351e-01 3.147407202050089836e-02 3.628205973654985428e-03
1.583097577095031738e-01 4.095258116722106934e-01 3.613767325878143311e-01 7.078769803047180176e-02
1.581972837448120117e-01 4.094310104846954346e-01 3.615284189581871033e-01 7.084328681230545044e-02
1.581178307533264160e-01 4.093639552593231201e-01 3.616356402635574341e-01 7.088257372379302979e-02
8.579945713281631470e-01 1.188617218285799026e-01 2.077784179709851742e-02 2.365865046158432961e-03
1.582230329513549805e-01 4.094527661800384521e-01 3.614936545491218567e-01 7.083054631948471069e-02
1.582859754562377930e-01 4.095056354999542236e-01 3.614089041948318481e-01 7.079948484897613525e-02
1.583210229873657227e-01 4.095351994037628174e-01 3.613616079092025757e-01 7.078216969966888428e-02
1.149718165397644043e-01 3.607850670814514160e-01 4.249029308557510376e-01 9.934018552303314209e-02
1.583913564682006836e-01 4.095943272113800049e-01 3.612668290734291077e-01 7.074748724699020386e-02
1.581162214279174805e-01 4.093627333641052246e-01 3.616376966238021851e-01 7.088334858417510986e-02
1.581491231918334961e-01 4.093903601169586182e-01 3.615934029221534729e-01 7.086711376905441284e-02
1.563636064529418945e-01 4.078661799430847168e-01 3.640108555555343628e-01 7.175935804843902588e-02
1.561354994773864746e-01 4.076687991619110107e-01 3.643209934234619141e-01 7.187470793724060059e-02
1.560782194137573242e-01 4.076192080974578857e-01 3.643988817930221558e-01 7.190369069576263428e-02
1.560959219932556152e-01 4.076344966888427734e-01 3.643748313188552856e-01 7.189474999904632568e-02
1.562178134918212891e-01 4.077402055263519287e-01 3.642089664936065674e-01 7.183301448822021484e-02
1.561169028282165527e-01 4.076527357101440430e-01 3.643462508916854858e-01 7.188411056995391846e-02
1.562768816947937012e-01 4.077913165092468262e-01 3.641286641359329224e-01 7.180313766002655029e-02
1.560584306716918945e-01 4.076019227504730225e-01 3.644258975982666016e-01 7.191374897956848145e-02
3.512514233589172363e-01 4.396456032991409302e-01 1.833211891353130341e-01 2.578178420662879944e-02
1.561535596847534180e-01 4.076844751834869385e-01 3.642964214086532593e-01 7.186554372310638428e-02
1.561018228530883789e-01 4.076396822929382324e-01 3.643667697906494141e-01 7.189172506332397461e-02
1.561529636383056641e-01 4.076840877532958984e-01 3.642971217632293701e-01 7.186582684516906738e-02
1.561064124107360840e-01 4.076434671878814697e-01 3.643606528639793396e-01 7.188946753740310669e-02
1.561101078987121582e-01 4.076468050479888916e-01 3.643555268645286560e-01 7.188756018877029419e-02
3.709706664085388184e-01 4.337130486965179443e-01 1.715968511998653412e-01 2.371943369507789612e-02
1.561382412910461426e-01 4.076711833477020264e-01 3.643172681331634521e-01 7.187330722808837891e-02
1.563199162483215332e-01 4.078284502029418945e-01 3.640701994299888611e-01 7.178143411874771118e-02
1.560600399971008301e-01 4.076034426689147949e-01 3.644235953688621521e-01 7.191292196512222290e-02
8.167064189910888672e-02 3.015319705009460449e-01 4.780400395393371582e-01 1.387573480606079102e-01
7.387289404869079590e-01 2.130830287933349609e-01 4.314595693722367287e-02 5.042073782533407211e-03
1.610533595085144043e-01 4.117926955223083496e-01 3.576994314789772034e-01 6.945451349020004272e-02
1.612748503684997559e-01 4.119720160961151123e-01 3.574044108390808105e-01 6.934872269630432129e-02
1.612503528594970703e-01 4.119521677494049072e-01 3.574370667338371277e-01 6.936041265726089478e-02
1.610168814659118652e-01 4.117630422115325928e-01 3.577480912208557129e-01 6.947198510169982910e-02
1.611286401748657227e-01 4.118536710739135742e-01 3.575991317629814148e-01 6.941855698823928833e-02
1.611034870147705078e-01 4.118333756923675537e-01 3.576325997710227966e-01 6.943053752183914185e-02
1.611039042472839355e-01 4.118336141109466553e-01 3.576321154832839966e-01 6.943036615848541260e-02
1.612926721572875977e-01 4.119865298271179199e-01 3.573805987834930420e-01 6.934019923210144043e-02
2.876396179199218750e-01 4.506326913833618164e-01 2.274583727121353149e-01 3.426931798458099365e-02
1.610685586929321289e-01 4.118050932884216309e-01 3.576791137456893921e-01 6.944723427295684814e-02
1.612742543220520020e-01 4.119715690612792969e-01 3.574051782488822937e-01 6.934899836778640747e-02
1.611450910568237305e-01 4.118669629096984863e-01 3.575772494077682495e-01 6.941069662570953369e-02
1.611898541450500488e-01 4.119032919406890869e-01 3.575175553560256958e-01 6.938929855823516846e-02
9.271270036697387695e-02 3.238087892532348633e-01 4.605037495493888855e-01 1.229747608304023743e-01
1.612592935562133789e-01 4.119595885276794434e-01 3.574250116944313049e-01 6.935610622167587280e-02
1.611333489418029785e-01 4.118576049804687500e-01 3.575927689671516418e-01 6.941627711057662964e-02
1.610387563705444336e-01 4.117808640003204346e-01 3.577188774943351746e-01 6.946150213479995728e-02
1.610392928123474121e-01 4.117812812328338623e-01 3.577181696891784668e-01 6.946125626564025879e-02
1.548338532447814941e-01 4.065310657024383545e-01 3.660962954163551331e-01 7.253878563642501831e-02
1.438674926757812500e-01 3.961346149444580078e-01 3.814308345317840576e-01 7.856705784797668457e-02
1.548992991447448730e-01 4.065887928009033203e-01 3.660067841410636902e-01 7.250512391328811646e-02
1.549466252326965332e-01 4.066305458545684814e-01 3.659420087933540344e-01 7.248082011938095093e-02
1.547300219535827637e-01 4.064394831657409668e-01 3.662382960319519043e-01 7.259219884872436523e-02
1.549023985862731934e-01 4.065914750099182129e-01 3.660025745630264282e-01 7.250355184078216553e-02
1.390992999076843262e-01 3.911370038986206055e-01 3.883071094751358032e-01 8.145658671855926514e-02
1.547552943229675293e-01 4.064617753028869629e-01 3.662037476897239685e-01 7.257918268442153931e-02
1.547899246215820312e-01 4.064923226833343506e-01 3.661563768982887268e-01 7.256137579679489136e-02
1.547693014144897461e-01 4.064741134643554688e-01 3.661846071481704712e-01 7.257197797298431396e-02
1.547381281852722168e-01 4.064465761184692383e-01 3.662272691726684570e-01 7.258802652359008789e-02
1.551041007041931152e-01 4.067688584327697754e-01 3.657269626855850220e-01 7.240007817745208740e-02
1.549105644226074219e-01 4.065986275672912598e-01 3.659914210438728333e-01 7.249938696622848511e-02
1.548092961311340332e-01 4.065095186233520508e-01 3.661298081278800964e-01 7.255137711763381958e-02
1.812849640846252441e-01 4.260725080966949463e-01 3.318656831979751587e-01 6.077684462070465088e-02
1.549262404441833496e-01 4.066124856472015381e-01 3.659699559211730957e-01 7.249131798744201660e-02
1.547737717628479004e-01 4.064781069755554199e-01 3.661784529685974121e-01 7.256966829299926758e-02
1.547141671180725098e-01 4.064255058765411377e-01 3.662599697709083557e-01 7.260035723447799683e-02
1.548026800155639648e-01 4.065035283565521240e-01 3.661389648914337158e-01 7.255482673645019531e-02
1.516975164413452148e-01 4.037078619003295898e-01 3.704129904508590698e-01 7.418163120746612549e-02
1.516249179840087891e-01 4.036411345005035400e-01 3.705135509371757507e-01 7.422039657831192017e-02
1.515930891036987305e-01 4.036118984222412109e-01 3.705576434731483459e-01 7.423736900091171265e-02
1.516168713569641113e-01 4.036336243152618408e-01 3.705247864127159119e-01 7.422471791505813599e-02
1.516186594963073730e-01 4.036353826522827148e-01 3.705222234129905701e-01 7.422373443841934204e-02
1.515735983848571777e-01 4.035939276218414307e-01 3.705846667289733887e-01 7.424780726432800293e-02
1.516336202621459961e-01 4.036490917205810547e-01 3.705015331506729126e-01 7.421575486660003662e-02
1.516765952110290527e-01 4.036886096000671387e-01 3.704419881105422974e-01 7.419280707836151123e-02
1.515938639640808105e-01 4.036125838756561279e-01 3.705565780401229858e-01 7.423697412014007568e-02
3.107559084892272949e-01 4.482607692480087280e-01 2.101823017001152039e-01 3.080102056264877319e-02
1.516098976135253906e-01 4.036272466182708740e-01 3.705344349145889282e-01 7.422842085361480713e-02
1.515783071517944336e-01 4.035982787609100342e-01 3.705781176686286926e-01 7.424529641866683960e-02
1.517408490180969238e-01 4.037475287914276123e-01 3.703531026840209961e-01 7.415851950645446777e-02
3.202565312385559082e-01 4.467153102159500122e-01 2.035137228667736053e-01 2.951443567872047424e-02
1.516990661621093750e-01 4.037092328071594238e-01 3.704108744859695435e-01 7.418082654476165771e-02
1.517879962921142578e-01 4.037909209728240967e-01 3.702877163887023926e-01 7.413336634635925293e-02
1.518098711967468262e-01 4.038109481334686279e-01 3.702574446797370911e-01 7.412173599004745483e-02
1.515591144561767578e-01 4.035806357860565186e-01 3.706047087907791138e-01 7.425554096698760986e-02
1.515939235687255859e-01 4.036125838756561279e-01 3.705565333366394043e-01 7.423695921897888184e-02
1.585424542427062988e-01 4.097213745117187500e-01 3.610631823539733887e-01 7.067298889160156250e-02
1.584197282791137695e-01 4.096181392669677734e-01 3.612286448478698730e-01 7.073348760604858398e-02
1.583310365676879883e-01 4.095437228679656982e-01 3.613480255007743835e-01 7.077721506357192993e-02
1.583309769630432129e-01 4.095436334609985352e-01 3.613481521606445312e-01 7.077723741531372070e-02
1.586016416549682617e-01 4.097709357738494873e-01 3.609835356473922729e-01 7.064388692378997803e-02
1.583303809165954590e-01 4.095431566238403320e-01 3.613489419221878052e-01 7.077752053737640381e-02
1.583326458930969238e-01 4.095450937747955322e-01 3.613458648324012756e-01 7.077639549970626831e-02
1.587355136871337891e-01 4.098832309246063232e-01 3.608032390475273132e-01 7.057801634073257446e-02
1.583302021026611328e-01 4.095429182052612305e-01 3.613492250442504883e-01 7.077765464782714844e-02
1.274141073226928711e-01 3.775520324707031250e-01 4.056752473115921021e-01 8.935861289501190186e-02
1.583317518234252930e-01 4.095442891120910645e-01 3.613471090793609619e-01 7.077684998512268066e-02
1.852119565010070801e-01 4.283848404884338379e-01 3.271069899201393127e-01 5.929621309041976929e-02
8.030129224061965942e-01 1.630629822611808777e-01 3.042150242254137993e-02 3.502592910081148148e-03
1.583303809165954590e-01 4.095431566238403320e-01 3.613489419221878052e-01 7.077752053737640381e-02
1.583465933799743652e-01 4.095566868782043457e-01 3.613271638751029968e-01 7.076955586671829224e-02
1.585118770599365234e-01 4.096956849098205566e-01 3.611043989658355713e-01 7.068803906440734863e-02
7.148218154907226562e-02 2.782405614852905273e-01 4.933628737926483154e-01 1.569143831729888916e-01
1.583723425865173340e-01 4.095783829689025879e-01 3.612924441695213318e-01 7.075683027505874634e-02
1.584386229515075684e-01 4.096341133117675781e-01 3.612030968070030212e-01 7.072416692972183228e-02
1.494995951652526855e-01 4.016589522361755371e-01 3.734710812568664551e-01 7.537037134170532227e-02
1.138483881950378418e-01 3.591438531875610352e-01 4.266711473464965820e-01 1.003366112709045410e-01
2.221826910972595215e-01 4.439826905727386475e-01 2.860696054995059967e-01 4.776501283049583435e-02
1.491328477859497070e-01 4.013113081455230713e-01 3.739840164780616760e-01 7.557182759046554565e-02
1.491325497627258301e-01 4.013110101222991943e-01 3.739844262599945068e-01 7.557201385498046875e-02
1.491330265998840332e-01 4.013114869594573975e-01 3.739837557077407837e-01 7.557173073291778564e-02
1.491348743438720703e-01 4.013132154941558838e-01 3.739811778068542480e-01 7.557073235511779785e-02
1.491329669952392578e-01 4.013113677501678467e-01 3.739838823676109314e-01 7.557178288698196411e-02
1.491333842277526855e-01 4.013118147850036621e-01 3.739832714200019836e-01 7.557152956724166870e-02
1.491308808326721191e-01 4.013094007968902588e-01 3.739867880940437317e-01 7.557293027639389038e-02
1.491793990135192871e-01 4.013555943965911865e-01 3.739188238978385925e-01 7.554618269205093384e-02
1.491439938545227051e-01 4.013218283653259277e-01 3.739684596657752991e-01 7.556571811437606812e-02
1.491320729255676270e-01 4.013106226921081543e-01 3.739850521087646484e-01 7.557225227355957031e-02
1.491340994834899902e-01 4.013124406337738037e-01 3.739822953939437866e-01 7.557116448879241943e-02
1.439096331596374512e-01 3.961775302886962891e-01 3.813705444335937500e-01 7.854229211807250977e-02
1.493313908576965332e-01 4.014998078346252441e-01 3.737061619758605957e-01 7.546263933181762695e-02
7.748537659645080566e-01 1.852135471999645233e-01 3.578659472987055779e-02 4.146092105656862259e-03
1.491310000419616699e-01 4.013095796108245850e-01 3.739865720272064209e-01 7.557284832000732422e-02
1.491444110870361328e-01 4.013223648071289062e-01 3.739677742123603821e-01 7.556544989347457886e-02
7.550984621047973633e-02 2.877841591835021973e-01 4.874604344367980957e-01 1.492455601692199707e-01
1.504249572753906250e-01 4.025287032127380371e-01 3.721802979707717896e-01 7.486604154109954834e-02
6.826889514923095703e-02 2.702940702438354492e-01 4.978697001934051514e-01 1.635673344135284424e-01
1.502745151519775391e-01 4.023881256580352783e-01 3.723897337913513184e-01 7.494762539863586426e-02
1.505619883537292480e-01 4.026567339897155762e-01 3.719894587993621826e-01 7.479181885719299316e-02
1.502742767333984375e-01 4.023877978324890137e-01 3.723901510238647461e-01 7.494777441024780273e-02
1.504105925559997559e-01 4.025152623653411865e-01 3.722003027796745300e-01 7.487384229898452759e-02
1.502710580825805664e-01 4.023848176002502441e-01 3.723946139216423035e-01 7.494951039552688599e-02
1.506016254425048828e-01 4.026937186717987061e-01 3.719343021512031555e-01 7.477035373449325562e-02
1.503795981407165527e-01 4.024864435195922852e-01 3.722433522343635559e-01 7.489060610532760620e-02
1.502742767333984375e-01 4.023878276348114014e-01 3.723901212215423584e-01 7.494777441024780273e-02
1.502744555473327637e-01 4.023878574371337891e-01 3.723899796605110168e-01 7.494770735502243042e-02
1.502769589424133301e-01 4.023902714252471924e-01 3.723864480853080750e-01 7.494632154703140259e-02
7.908955514430999756e-01 1.726380512118339539e-01 3.269241121597588062e-02 3.773986129090189934e-03
1.901207566261291504e-01 4.310823082923889160e-01 3.212716355919837952e-01 5.752529948949813843e-02
1.503587961196899414e-01 4.024668037891387939e-01 3.722724691033363342e-01 7.490193098783493042e-02
1.505251526832580566e-01 4.026222527027130127e-01 3.720408156514167786e-01 7.481177896261215210e-02
1.504415869712829590e-01 4.025441408157348633e-01 3.721572309732437134e-01 7.485704123973846436e-02
1.505049467086791992e-01 4.026034176349639893e-01 3.720689266920089722e-01 7.482270896434783936e-02
1.541734933853149414e-01 4.059461951255798340e-01 3.670006617903709412e-01 7.287964969873428345e-02
1.541367769241333008e-01 4.059137701988220215e-01 3.670508414506912231e-01 7.289861142635345459e-02
1.541346907615661621e-01 4.059117734432220459e-01 3.670538142323493958e-01 7.289972156286239624e-02
1.541363000869750977e-01 4.059132635593414307e-01 3.670515492558479309e-01 7.289888709783554077e-02
1.541567444801330566e-01 4.059314429759979248e-01 3.670235276222229004e-01 7.288828492164611816e-02
1.541510224342346191e-01 4.059264659881591797e-01 3.670312985777854919e-01 7.289121299982070923e-02
9.416745491325855255e-01 4.953713808208703995e-02 7.901625882368534803e-03 8.866869029588997364e-04
1.541385054588317871e-01 4.059151709079742432e-01 3.670485690236091614e-01 7.289775460958480835e-02
1.083315610885620117e-01 3.507567644119262695e-01 4.354172050952911377e-01 1.054944694042205811e-01
1.541495919227600098e-01 4.059250354766845703e-01 3.670333698391914368e-01 7.289200276136398315e-02
1.543658971786499023e-01 4.061172604560852051e-01 3.667368143796920776e-01 7.278002798557281494e-02
1.541378498077392578e-01 4.059145152568817139e-01 3.670495226979255676e-01 7.289811223745346069e-02
1.541367769241333008e-01 4.059136509895324707e-01 3.670509457588195801e-01 7.289862632751464844e-02
1.541383266448974609e-01 4.059151113033294678e-01 3.670487403869628906e-01 7.289782166481018066e-02
4.043874144554138184e-01 4.214871227741241455e-01 1.534576434642076492e-01 2.066781930625438690e-02
1.544155478477478027e-01 4.061612784862518311e-01 3.666688054800033569e-01 7.275436818599700928e-02
1.543458700180053711e-01 4.060994088649749756e-01 3.667643293738365173e-01 7.279039174318313599e-02
1.541526913642883301e-01 4.059278368949890137e-01 3.670290932059288025e-01 7.289037853479385376e-02
2.117112278938293457e-01 4.406064450740814209e-01 2.970337830483913422e-01 5.064854398369789124e-02
1.559692621231079102e-01 4.075245559215545654e-01 3.645472377538681030e-01 7.195894420146942139e-02
1.559337377548217773e-01 4.074937999248504639e-01 3.645955175161361694e-01 7.197694480419158936e-02
1.558341979980468750e-01 4.074072837829589844e-01 3.647310137748718262e-01 7.202750444412231445e-02
1.558359265327453613e-01 4.074086248874664307e-01 3.647288009524345398e-01 7.202664762735366821e-02
1.561268568038940430e-01 4.076612889766693115e-01 3.643327578902244568e-01 7.187909632921218872e-02
1.558507680892944336e-01 4.074216187000274658e-01 3.647085204720497131e-01 7.201909273862838745e-02
1.558365225791931152e-01 4.074091315269470215e-01 3.647279888391494751e-01 7.202635705471038818e-02
1.561615467071533203e-01 4.076913297176361084e-01 3.642856031656265259e-01 7.186152040958404541e-02
1.558372378349304199e-01 4.074098765850067139e-01 3.647269085049629211e-01 7.202597707509994507e-02
1.559782028198242188e-01 4.075324237346649170e-01 3.645349815487861633e-01 7.195439189672470093e-02
1.558465957641601562e-01 4.074180722236633301e-01 3.647141307592391968e-01 7.202120125293731689e-02
3.964560627937316895e-01 4.246163666248321533e-01 1.575803700834512711e-01 2.134720049798488617e-02
1.287374496459960938e-01 3.791909217834472656e-01 4.036726728081703186e-01 8.839895576238632202e-02
8.735253661870956421e-01 1.061697397381067276e-01 1.823462801985442638e-02 2.070266054943203926e-03
1.558531522750854492e-01 4.074237942695617676e-01 3.647052049636840820e-01 7.201784849166870117e-02
1.559028625488281250e-01 4.074668288230895996e-01 3.646376430988311768e-01 7.199266552925109863e-02
1.560780405998229980e-01 4.076190292835235596e-01 3.643991425633430481e-01 7.190378755331039429e-02
1.558707952499389648e-01 4.074391424655914307e-01 3.646811619400978088e-01 7.200890034437179565e-02
1.559443473815917969e-01 4.075030386447906494e-01 3.645810484886169434e-01 7.197156548500061035e-02
1.011391878128051758e-01 3.389631509780883789e-01 4.469399824738502502e-01 1.129576787352561951e-01
1.500817537307739258e-01 4.022073745727539062e-01 3.726584613323211670e-01 7.505241036415100098e-02
1.498987078666687012e-01 4.020354151725769043e-01 3.729137405753135681e-01 7.515213638544082642e-02
1.498991847038269043e-01 4.020357429981231689e-01 3.729131668806076050e-01 7.515190541744232178e-02
1.500215530395507812e-01 4.021508395671844482e-01 3.727423995733261108e-01 7.508520781993865967e-02
1.498981118202209473e-01 4.020349085330963135e-01 3.729145303368568420e-01 7.515244930982589722e-02
1.499906182289123535e-01 4.021218121051788330e-01 3.727855235338211060e-01 7.510204613208770752e-02
9.031087160110473633e-02 3.192066550254821777e-01 4.643576890230178833e-01 1.261247843503952026e-01
1.499229669570922852e-01 4.020582437515258789e-01 3.728798702359199524e-01 7.513891905546188354e-02
1.500273942947387695e-01 4.021562933921813965e-01 3.727342933416366577e-01 7.508201897144317627e-02
1.500671505928039551e-01 4.021935462951660156e-01 3.726788982748985291e-01 7.506040483713150024e-02
1.499294042587280273e-01 4.020642936229705811e-01 3.728709146380424500e-01 7.513538748025894165e-02
8.343857675790786743e-01 1.379865035414695740e-01 2.479179785586893559e-02 2.835931023582816124e-03
1.499102115631103516e-01 4.020461440086364746e-01 3.728977516293525696e-01 7.514589279890060425e-02
1.499000191688537598e-01 4.020366370677947998e-01 3.729119002819061279e-01 7.515144348144531250e-02
3.829343318939208984e-01 4.296319186687469482e-01 1.648658048361539841e-01 2.256794460117816925e-02
1.500781178474426270e-01 4.022039473056793213e-01 3.726635426282882690e-01 7.505439221858978271e-02
1.499690413475036621e-01 4.021014869213104248e-01 3.728156685829162598e-01 7.511380314826965332e-02
1.500888466835021973e-01 4.022139012813568115e-01 3.726486489176750183e-01 7.504860311746597290e-02
1.531153917312622070e-01 4.049986600875854492e-01 3.684546276926994324e-01 7.343132048845291138e-02
1.529702544212341309e-01 4.048676490783691406e-01 3.686545640230178833e-01 7.350753247737884521e-02
1.529275774955749512e-01 4.048289954662322998e-01 3.687134534120559692e-01 7.352997362613677979e-02
1.529302597045898438e-01 4.048314392566680908e-01 3.687097206711769104e-01 7.352858036756515503e-02
7.268953323364257812e-02 2.811492681503295898e-01 4.916200190782546997e-01 1.545411795377731323e-01
1.529552340507507324e-01 4.048539996147155762e-01 3.686753138899803162e-01 7.351545244455337524e-02
1.529295444488525391e-01 4.048308730125427246e-01 3.687106594443321228e-01 7.352892309427261353e-02
1.529297232627868652e-01 4.048309028148651123e-01 3.687105029821395874e-01 7.352887094020843506e-02
1.531010866165161133e-01 4.049858450889587402e-01 3.684742525219917297e-01 7.343881577253341675e-02
1.530130505561828613e-01 4.049062728881835938e-01 3.685956150293350220e-01 7.348506152629852295e-02
7.713353633880615234e-02 2.915047407150268555e-01 4.850170910358428955e-01 1.463446319103240967e-01
1.531394124031066895e-01 4.050202071666717529e-01 3.684216514229774475e-01 7.341872900724411011e-02
1.529287695884704590e-01 4.048301279544830322e-01 3.687117472290992737e-01 7.352935522794723511e-02
1.529265046119689941e-01 4.048280119895935059e-01 3.687149211764335632e-01 7.353056222200393677e-02
1.350390315055847168e-01 3.866381645202636719e-01 3.942604437470436096e-01 8.406236022710800171e-02
5.921746790409088135e-01 3.180880323052406311e-01 7.996585965156555176e-02 9.771429002285003662e-03
2.765316963195800781e-01 4.510034620761871338e-01 2.363329678773880005e-01 3.613187372684478760e-02
1.529259085655212402e-01 4.048274755477905273e-01 3.687157630920410156e-01 7.353085279464721680e-02
1.530229449272155762e-01 4.049152433872222900e-01 3.685819730162620544e-01 7.347983866930007935e-02
1.611189842224121094e-01 4.118458926677703857e-01 3.576119840145111084e-01 6.942313909530639648e-02
1.609089374542236328e-01 4.116756021976470947e-01 3.578918278217315674e-01 6.952363252639770508e-02
1.610388755798339844e-01 4.117809832096099854e-01 3.577186986804008484e-01 6.946144253015518188e-02
1.610652208328247070e-01 4.118024110794067383e-01 3.576835319399833679e-01 6.944883614778518677e-02
1.608595252037048340e-01 4.116353094577789307e-01 3.579578325152397156e-01 6.954733282327651978e-02
1.609230637550354004e-01 4.116869866847991943e-01 3.578730672597885132e-01 6.951688230037689209e-02
7.758619189262390137e-01 1.844267137348651886e-01 3.558910638093948364e-02 4.122260957956314087e-03
1.608758568763732910e-01 4.116487503051757812e-01 3.579359203577041626e-01 6.953947246074676514e-02
1.610627174377441406e-01 4.118002951145172119e-01 3.576869517564773560e-01 6.945003569126129150e-02
9.461104869842529297e-02 3.273552060127258301e-01 4.574505686759948730e-01 1.205831766128540039e-01
1.608676314353942871e-01 4.116418957710266113e-01 3.579470142722129822e-01 6.954345852136611938e-02
1.610175371170043945e-01 4.117636978626251221e-01 3.577471151947975159e-01 6.947164982557296753e-02
1.608690023422241211e-01 4.116429984569549561e-01 3.579452037811279297e-01 6.954279541969299316e-02
4.316886663436889648e-01 4.097430408000946045e-01 1.400543879717588425e-01 1.851390488445758820e-02
1.611949205398559570e-01 4.119073748588562012e-01 3.575108423829078674e-01 6.938686221837997437e-02
1.610252857208251953e-01 4.117698669433593750e-01 3.577368706464767456e-01 6.946797668933868408e-02
1.609311699867248535e-01 4.116936028003692627e-01 3.578622341156005859e-01 6.951299309730529785e-02
1.608603596687316895e-01 4.116359949111938477e-01 3.579567149281501770e-01 6.954693049192428589e-02
1.609173417091369629e-01 4.116822779178619385e-01 3.578807562589645386e-01 6.951962411403656006e-02
5.120098590850830078e-02 2.225738763809204102e-01 5.164153128862380981e-01 2.098098248243331909e-01
1.059066057205200195e-01 3.468921184539794922e-01 4.392900988459587097e-01 1.079111769795417786e-01
4.570801854133605957e-01 3.975988626480102539e-01 1.285864673554897308e-01 1.673448458313941956e-02
1.509117484092712402e-01 4.029820263385772705e-01 3.715032264590263367e-01 7.460299879312515259e-02
1.507785320281982422e-01 4.028582572937011719e-01 3.716883808374404907e-01 7.467482984066009521e-02
1.507865190505981445e-01 4.028656780719757080e-01 3.716772869229316711e-01 7.467051595449447632e-02
1.508532166481018066e-01 4.029278159141540527e-01 3.715844526886940002e-01 7.463451474905014038e-02
1.509425044059753418e-01 4.030107855796813965e-01 3.714603260159492493e-01 7.458638399839401245e-02
1.509954929351806641e-01 4.030596613883972168e-01 3.713869154453277588e-01 7.455793023109436035e-02
1.510169506072998047e-01 4.030796289443969727e-01 3.713570535182952881e-01 7.454636693000793457e-02
1.509988903999328613e-01 4.030629992485046387e-01 3.713820651173591614e-01 7.455604523420333862e-02
1.509619355201721191e-01 4.030286371707916260e-01 3.714334666728973389e-01 7.457596063613891602e-02
1.508854031562805176e-01 4.029576182365417480e-01 3.715397864580154419e-01 7.461719214916229248e-02
1.253228187561035156e-01 3.749078512191772461e-01 4.088572412729263306e-01 9.091208875179290771e-02
1.998796463012695312e-01 4.358407855033874512e-01 3.100340813398361206e-01 5.424548685550689697e-02
1.508927941322326660e-01 4.029644429683685303e-01 3.715295344591140747e-01 7.461322844028472900e-02
1.509428620338439941e-01 4.030110239982604980e-01 3.714598938822746277e-01 7.458622008562088013e-02
1.507611870765686035e-01 4.028421342372894287e-01 3.717124685645103455e-01 7.468421012163162231e-02
1.507610678672790527e-01 4.028420448303222656e-01 3.717126473784446716e-01 7.468423992395401001e-02
1.507886052131652832e-01 4.028676152229309082e-01 3.716743811964988708e-01 7.466939836740493774e-02
1.507338285446166992e-01 4.028166830539703369e-01 3.717505335807800293e-01 7.469895482063293457e-02
1.507159471511840820e-01 4.028000235557556152e-01 3.717754185199737549e-01 7.470861077308654785e-02
1.506757736206054688e-01 4.027627110481262207e-01 3.718312159180641174e-01 7.473029941320419312e-02
1.507748961448669434e-01 4.028549194335937500e-01 3.716934099793434143e-01 7.467677444219589233e-02
1.506877541542053223e-01 4.027737975120544434e-01 3.718146085739135742e-01 7.472383975982666016e-02
1.506615877151489258e-01 4.027495086193084717e-01 3.718509525060653687e-01 7.473795115947723389e-02
1.507056951522827148e-01 4.027906060218811035e-01 3.717895671725273132e-01 7.471413165330886841e-02
1.507005691528320312e-01 4.027856886386871338e-01 3.717968016862869263e-01 7.471694052219390869e-02
1.506499052047729492e-01 4.027385115623474121e-01 3.718672841787338257e-01 7.474429905414581299e-02
1.506716609001159668e-01 4.027587771415710449e-01 3.718370199203491211e-01 7.473254203796386719e-02
8.516346812248229980e-01 1.240341328084468842e-01 2.184121333993971348e-02 2.489972626790404320e-03
1.506990790367126465e-01 4.027843773365020752e-01 3.717988356947898865e-01 7.471770793199539185e-02
1.506699323654174805e-01 4.027571976184844971e-01 3.718394041061401367e-01 7.473346590995788574e-02
6.518042087554931641e-01 2.771584764122962952e-01 6.344117131084203720e-02 7.596143521368503571e-03
1.358900666236877441e-01 3.876002430915832520e-01 3.930052071809768677e-01 8.350448310375213623e-02
1.948983073234558105e-01 4.335097372531890869e-01 3.157105259597301483e-01 5.588142946362495422e-02
1.506516933441162109e-01 4.027402997016906738e-01 3.718646988272666931e-01 7.474330812692642212e-02
1.506578326225280762e-01 4.027458429336547852e-01 3.718562945723533630e-01 7.474002987146377563e-02
2.476704716682434082e-01 4.492780566215515137e-01 2.613424956798553467e-01 4.170897603034973145e-02
1.530084013938903809e-01 4.049020409584045410e-01 3.686020597815513611e-01 7.348749786615371704e-02
1.534692049026489258e-01 4.053169488906860352e-01 3.679677620530128479e-01 7.324608415365219116e-02
1.530130505561828613e-01 4.049061834812164307e-01 3.685957044363021851e-01 7.348506152629852295e-02
4.557706713676452637e-01 3.982515782117843628e-01 1.291561871767044067e-01 1.682156324386596680e-02
1.530502438545227051e-01 4.049398601055145264e-01 3.685443773865699768e-01 7.346551865339279175e-02
1.530621051788330078e-01 4.049506783485412598e-01 3.685279637575149536e-01 7.345925271511077881e-02
1.531736850738525391e-01 4.050512909889221191e-01 3.683742955327033997e-01 7.340072840452194214e-02
1.530811786651611328e-01 4.049678444862365723e-01 3.685017153620719910e-01 7.344926148653030396e-02
1.530360579490661621e-01 4.049269855022430420e-01 3.685639724135398865e-01 7.347298413515090942e-02
1.531534194946289062e-01 4.050330221652984619e-01 3.684022277593612671e-01 7.341133058071136475e-02
1.531577706336975098e-01 4.050369560718536377e-01 3.683962076902389526e-01 7.340906560420989990e-02
1.531402468681335449e-01 4.050211608409881592e-01 3.684203475713729858e-01 7.341824471950531006e-02
1.531270146369934082e-01 4.050090610980987549e-01 3.684387058019638062e-01 7.342521846294403076e-02
1.531584858894348145e-01 4.050374925136566162e-01 3.683953136205673218e-01 7.340870797634124756e-02
1.532278656959533691e-01 4.051000475883483887e-01 3.682997599244117737e-01 7.337232679128646851e-02
4.833703041076660156e-01 3.839350640773773193e-01 1.176113029941916466e-01 1.508332882076501846e-02
1.530093550682067871e-01 4.049029946327209473e-01 3.686006739735603333e-01 7.348697632551193237e-02
1.530103087425231934e-01 4.049037098884582520e-01 3.685994520783424377e-01 7.348652929067611694e-02
1.581520438194274902e-01 4.093929529190063477e-01 3.615894019603729248e-01 7.086560130119323730e-02
1.580006480216979980e-01 4.092650115489959717e-01 3.617937564849853516e-01 7.094058394432067871e-02
1.528397202491760254e-01 4.047496020793914795e-01 3.688344955444335938e-01 7.357618212699890137e-02
1.582939624786376953e-01 4.095124304294586182e-01 3.613980934023857117e-01 7.079551368951797485e-02
1.580142378807067871e-01 4.092766046524047852e-01 3.617753311991691589e-01 7.093382626771926880e-02
1.581101417541503906e-01 4.093575477600097656e-01 3.616459518671035767e-01 7.088635861873626709e-02
1.580926179885864258e-01 4.093426167964935303e-01 3.616697043180465698e-01 7.089506089687347412e-02
1.580449938774108887e-01 4.093024730682373047e-01 3.617339134216308594e-01 7.091861963272094727e-02
1.581374406814575195e-01 4.093805551528930664e-01 3.616091459989547729e-01 7.087285816669464111e-02
1.580734252929687500e-01 4.093265831470489502e-01 3.616954609751701355e-01 7.090453058481216431e-02
1.579836010932922363e-01 4.092506170272827148e-01 3.618167415261268616e-01 7.094904035329818726e-02
1.580435037612915039e-01 4.093013107776641846e-01 3.617358431220054626e-01 7.091934233903884888e-02
1.581493616104125977e-01 4.093906581401824951e-01 3.615930303931236267e-01 7.086694985628128052e-02
1.581171751022338867e-01 4.093634784221649170e-01 3.616364747285842896e-01 7.088287174701690674e-02
7.654929161071777344e-02 2.901741266250610352e-01 4.859000146389007568e-01 1.473765671253204346e-01
1.581098437309265137e-01 4.093573093414306641e-01 3.616463318467140198e-01 7.088651508092880249e-02
1.580851674079895020e-01 4.093363881111145020e-01 3.616797104477882385e-01 7.089873403310775757e-02
1.579868793487548828e-01 4.092534184455871582e-01 3.618122935295104980e-01 7.094740867614746094e-02
8.201003074645996094e-02 3.022604584693908691e-01 4.775109142065048218e-01 1.382185965776443481e-01
1.512537598609924316e-01 4.032989442348480225e-01 3.710282072424888611e-01 7.441908866167068481e-02
1.512238979339599609e-01 4.032711982727050781e-01 3.710697516798973083e-01 7.443515211343765259e-02
7.534599304199218750e-02 2.874048352241516113e-01 4.877050966024398804e-01 1.495440751314163208e-01
1.511647701263427734e-01 4.032166302204132080e-01 3.711517378687858582e-01 7.446686178445816040e-02
1.753131747245788574e-01 4.222817718982696533e-01 3.392591848969459534e-01 6.314586848020553589e-02
1.511753797531127930e-01 4.032263755798339844e-01 3.711370676755905151e-01 7.446117699146270752e-02
1.511647701263427734e-01 4.032166302204132080e-01 3.711517229676246643e-01 7.446687668561935425e-02
1.512131690979003906e-01 4.032612740993499756e-01 3.710846379399299622e-01 7.444091886281967163e-02
1.511648893356323242e-01 4.032166898250579834e-01 3.711516037583351135e-01 7.446681708097457886e-02
1.511774063110351562e-01 4.032283127307891846e-01 3.711342066526412964e-01 7.446007430553436279e-02
2.385830879211425781e-01 4.478337764739990234e-01 2.698548398911952972e-01 4.372829571366310120e-02
1.511802673339843750e-01 4.032308459281921387e-01 3.711303249001502991e-01 7.445856183767318726e-02
1.512432098388671875e-01 4.032890796661376953e-01 3.710429370403289795e-01 7.442477345466613770e-02
1.511939764022827148e-01 4.032435715198516846e-01 3.711112439632415771e-01 7.445120811462402344e-02
1.513798236846923828e-01 4.034152626991271973e-01 3.708533868193626404e-01 7.435152679681777954e-02
1.512759923934936523e-01 4.033194780349731445e-01 3.709973543882369995e-01 7.440717518329620361e-02
1.210402846336364746e-01 3.692780733108520508e-01 4.154386520385742188e-01 9.424299001693725586e-02
1.511650681495666504e-01 4.032168388366699219e-01 3.711513802409172058e-01 7.446671277284622192e-02
1.511695384979248047e-01 4.032210409641265869e-01 3.711451217532157898e-01 7.446429878473281860e-02
1.517436504364013672e-01 4.037502110004425049e-01 3.703491240739822388e-01 7.415701448917388916e-02
1.517250537872314453e-01 4.037330448627471924e-01 3.703749254345893860e-01 7.416697591543197632e-02
1.517235040664672852e-01 4.037316143512725830e-01 3.703770935535430908e-01 7.416778802871704102e-02
1.517251133918762207e-01 4.037331640720367432e-01 3.703748211264610291e-01 7.416690140962600708e-02
1.520019173622131348e-01 4.039869606494903564e-01 3.699916377663612366e-01 7.401948422193527222e-02
1.517236828804016113e-01 4.037319123744964600e-01 3.703767433762550354e-01 7.416766136884689331e-02
1.517246961593627930e-01 4.037328660488128662e-01 3.703753352165222168e-01 7.416710257530212402e-02
1.517248749732971191e-01 4.037329256534576416e-01 3.703751638531684875e-01 7.416703552007675171e-02
1.517251133918762207e-01 4.037332236766815186e-01 3.703747764229774475e-01 7.416688650846481323e-02
1.517252326011657715e-01 4.037332832813262939e-01 3.703746423125267029e-01 7.416684180498123169e-02
1.517528295516967773e-01 4.037586450576782227e-01 3.703363835811614990e-01 7.415214180946350098e-02
3.104964494705200195e-01 4.482985883951187134e-01 2.103677634149789810e-01 3.083719871938228607e-02
1.517241597175598145e-01 4.037323892116546631e-01 3.703760504722595215e-01 7.416740059852600098e-02
1.517254710197448730e-01 4.037335216999053955e-01 3.703742995858192444e-01 7.416670769453048706e-02
1.518771052360534668e-01 4.038726687431335449e-01 3.701643347740173340e-01 7.408589124679565430e-02
2.450213432312011719e-01 4.489049315452575684e-01 2.637906670570373535e-01 4.228305816650390625e-02
1.517531871795654297e-01 4.037588536739349365e-01 3.703359961509704590e-01 7.415196299552917480e-02
1.517233252525329590e-01 4.037316143512725830e-01 3.703771978616714478e-01 7.416786253452301025e-02
1.517235040664672852e-01 4.037317633628845215e-01 3.703769743442535400e-01 7.416775822639465332e-02
1.549554467201232910e-01 4.066380858421325684e-01 3.659301325678825378e-01 7.247633486986160278e-02
1.206244230270385742e-01 3.687156438827514648e-01 4.160822555422782898e-01 9.457767754793167114e-02
9.500430934131145477e-01 4.248593142256140709e-02 6.718099233694374561e-03 7.528759306296706200e-04
1.549544930458068848e-01 4.066372811794281006e-01 3.659314140677452087e-01 7.247681170701980591e-02
1.547667384147644043e-01 4.064719080924987793e-01 3.661880567669868469e-01 7.257329672574996948e-02
1.548411846160888672e-01 4.065374732017517090e-01 3.660862967371940613e-01 7.253504544496536255e-02
1.548165678977966309e-01 4.065158665180206299e-01 3.661199137568473816e-01 7.254765182733535767e-02
1.548593640327453613e-01 4.065536260604858398e-01 3.660613596439361572e-01 7.252565026283264160e-02
1.547786593437194824e-01 4.064823985099792480e-01 3.661717772483825684e-01 7.256716489791870117e-02
1.548190116882324219e-01 4.065180122852325439e-01 3.661165758967399597e-01 7.254640012979507446e-02
1.549465060234069824e-01 4.066303074359893799e-01 3.659422695636749268e-01 7.248091697692871094e-02
1.547653079032897949e-01 4.064706861972808838e-01 3.661899790167808533e-01 7.257402688264846802e-02
1.549202799797058105e-01 4.066071510314941406e-01 3.659781739115715027e-01 7.249439507722854614e-02
1.549032926559448242e-01 4.065923392772674561e-01 3.660012930631637573e-01 7.250307500362396240e-02
4.130875468254089355e-01 4.179035872220993042e-01 1.490572988986968994e-01 1.995156705379486084e-02
1.548247933387756348e-01 4.065231084823608398e-01 3.661086633801460266e-01 7.254343479871749878e-02
1.548464298248291016e-01 4.065421819686889648e-01 3.660790622234344482e-01 7.253232598304748535e-02
1.547653079032897949e-01 4.064706861972808838e-01 3.661899790167808533e-01 7.257402688264846802e-02
1.547806262969970703e-01 4.064840972423553467e-01 3.661691099405288696e-01 7.256616652011871338e-02
1.604854464530944824e-01 4.113304018974304199e-01 3.584571182727813721e-01 6.972703337669372559e-02
1.604204177856445312e-01 4.112772047519683838e-01 3.585440069437026978e-01 6.975837051868438721e-02
1.603591442108154297e-01 4.112270474433898926e-01 3.586259111762046814e-01 6.978789716958999634e-02
1.603564620018005371e-01 4.112248718738555908e-01 3.586294651031494141e-01 6.978920102119445801e-02
1.606206893920898438e-01 4.114407598972320557e-01 3.582765683531761169e-01 6.966198235750198364e-02
1.603975892066955566e-01 4.112584590911865234e-01 3.585745617747306824e-01 6.976938992738723755e-02
1.603551506996154785e-01 4.112236797809600830e-01 3.586313202977180481e-01 6.978984922170639038e-02
7.145726680755615234e-01 2.313415892422199249e-01 4.839499993249773979e-02 5.690742749720811844e-03
9.123677015304565430e-02 3.209961056709289551e-01 4.628735631704330444e-01 1.248935610055923462e-01
4.264950752258300781e-01 4.120873659849166870e-01 1.425144467502832413e-01 1.890311203896999359e-02
1.603577733039855957e-01 4.112258851528167725e-01 3.586277589201927185e-01 6.978858262300491333e-02
1.604041457176208496e-01 4.112637639045715332e-01 3.585658594965934753e-01 6.976623088121414185e-02
1.603723764419555664e-01 4.112378656864166260e-01 3.586082383990287781e-01 6.978151947259902954e-02
1.603701114654541016e-01 4.112359583377838135e-01 3.586112931370735168e-01 6.978263705968856812e-02
1.604381799697875977e-01 4.112917482852935791e-01 3.585202693939208984e-01 6.974980235099792480e-02
1.421436667442321777e-01 3.943627476692199707e-01 3.839022293686866760e-01 7.959135621786117554e-02
1.342142224311828613e-01 3.856960535049438477e-01 3.954806327819824219e-01 8.460909128189086914e-02
1.603541374206542969e-01 4.112229943275451660e-01 3.586325570940971375e-01 6.979031115770339966e-02
1.603566408157348633e-01 4.112250804901123047e-01 3.586292043328285217e-01 6.978907436132431030e-02
6.476472616195678711e-01 2.801005616784095764e-01 6.451709195971488953e-02 7.735084742307662964e-03
1.633634567260742188e-01 4.136369526386260986e-01 3.546357303857803345e-01 6.836386024951934814e-02
8.119547367095947266e-02 3.005067706108093262e-01 4.787794798612594604e-01 1.395182758569717407e-01
1.635171771049499512e-01 4.137576222419738770e-01 3.544329032301902771e-01 6.829229742288589478e-02
1.634256243705749512e-01 4.136858582496643066e-01 3.545536398887634277e-01 6.833487749099731445e-02
1.633826494216918945e-01 4.136520922183990479e-01 3.546103537082672119e-01 6.835490465164184570e-02
1.635019183158874512e-01 4.137456417083740234e-01 3.544530421495437622e-01 6.829939782619476318e-02
8.233135938644409180e-02 3.029478192329406738e-01 4.770090132951736450e-01 1.377118080854415894e-01
1.634863018989562988e-01 4.137334525585174561e-01 3.544735983014106750e-01 6.830664724111557007e-02
1.634978652000427246e-01 4.137425124645233154e-01 3.544583395123481750e-01 6.830128282308578491e-02
1.633735895156860352e-01 4.136449396610260010e-01 3.546223342418670654e-01 6.835913658142089844e-02
1.635211706161499023e-01 4.137606620788574219e-01 3.544277176260948181e-01 6.829044967889785767e-02
1.633551120758056641e-01 4.136304855346679688e-01 3.546466678380966187e-01 6.836773455142974854e-02
1.634764671325683594e-01 4.137257039546966553e-01 3.544865921139717102e-01 6.831123679876327515e-02
1.637384891510009766e-01 4.139309227466583252e-01 3.541411310434341431e-01 6.818945705890655518e-02
1.634010076522827148e-01 4.136664569377899170e-01 3.545861765742301941e-01 6.834635883569717407e-02
1.635803580284118652e-01 4.138072133064270020e-01 3.543495535850524902e-01 6.826287508010864258e-02
1.633630394935607910e-01 4.136367440223693848e-01 3.546361923217773438e-01 6.836402416229248047e-02
1.634450554847717285e-01 4.137009978294372559e-01 3.545280843973159790e-01 6.832586228847503662e-02
1.570069193840026855e-01 4.084196090698242188e-01 3.631377592682838440e-01 7.143571227788925171e-02
1.570054292678833008e-01 4.084182381629943848e-01 3.631398305296897888e-01 7.143650203943252563e-02
1.569537520408630371e-01 4.083738923072814941e-01 3.632099479436874390e-01 7.146240770816802979e-02
1.569554209709167480e-01 4.083754718303680420e-01 3.632075488567352295e-01 7.146155834197998047e-02
1.571370959281921387e-01 4.085309207439422607e-01 3.629614338278770447e-01 7.137054949998855591e-02
1.569775938987731934e-01 4.083944559097290039e-01 3.631775379180908203e-01 7.145041227340698242e-02
1.569680571556091309e-01 4.083861708641052246e-01 3.631905242800712585e-01 7.145524770021438599e-02
1.179652810096740723e-01 3.650520443916320801e-01 4.202152192592620850e-01 9.676745533943176270e-02
2.114230990409851074e-01 4.405027627944946289e-01 2.973424829542636871e-01 5.073165521025657654e-02
1.573173999786376953e-01 4.086848795413970947e-01 3.627173006534576416e-01 7.128041982650756836e-02
1.569538116455078125e-01 4.083741307258605957e-01 3.632097095251083374e-01 7.146234810352325439e-02
1.569558382034301758e-01 4.083758890628814697e-01 3.632069528102874756e-01 7.146131992340087891e-02
1.569543480873107910e-01 4.083744287490844727e-01 3.632090985774993896e-01 7.146212458610534668e-02
8.617493659257888794e-01 1.158011052757501602e-01 2.015608944930136204e-02 2.293439349159598351e-03
1.569781899452209473e-01 4.083950221538543701e-01 3.631766662001609802e-01 7.145012170076370239e-02
9.339553117752075195e-02 3.250935673713684082e-01 4.594060704112052917e-01 1.221048310399055481e-01
2.250700592994689941e-01 4.447835981845855713e-01 2.831321060657501221e-01 4.701423645019531250e-02
1.569821238517761230e-01 4.083983600139617920e-01 3.631713613867759705e-01 7.144815474748611450e-02
1.571006774902343750e-01 4.084998667240142822e-01 3.630107045173645020e-01 7.138875126838684082e-02
1.546177268028259277e-01 4.063402116298675537e-01 3.663920238614082336e-01 7.265003770589828491e-02
1.568301916122436523e-01 4.082680046558380127e-01 3.633773997426033020e-01 7.152440398931503296e-02
1.546210646629333496e-01 4.063432216644287109e-01 3.663873970508575439e-01 7.264831662178039551e-02
1.546184420585632324e-01 4.063409566879272461e-01 3.663909435272216797e-01 7.264965772628784180e-02
1.548041105270385742e-01 4.065048992633819580e-01 3.661369159817695618e-01 7.255407422780990601e-02
2.596938014030456543e-01 4.504995644092559814e-01 2.505636699497699738e-01 3.924296423792839050e-02
1.548325419425964355e-01 4.065300524234771729e-01 3.660979792475700378e-01 7.253942638635635376e-02
1.546649336814880371e-01 4.063821136951446533e-01 3.663272634148597717e-01 7.262568920850753784e-02
1.546018123626708984e-01 4.063261747360229492e-01 3.664137497544288635e-01 7.265826314687728882e-02
7.107865810394287109e-01 2.341738902032375336e-01 4.924320196732878685e-02 5.796326790004968643e-03
1.546043753623962402e-01 4.063284695148468018e-01 3.664102405309677124e-01 7.265691459178924561e-02
1.546131372451782227e-01 4.063362181186676025e-01 3.663982450962066650e-01 7.265239953994750977e-02
1.546146273612976074e-01 4.063373804092407227e-01 3.663963153958320618e-01 7.265167683362960815e-02
1.546277999877929688e-01 4.063491225242614746e-01 3.663782179355621338e-01 7.264485955238342285e-02
1.847746372222900391e-01 4.281342923641204834e-01 3.276328742504119873e-01 5.945819616317749023e-02
1.546341180801391602e-01 4.063546955585479736e-01 3.663695976138114929e-01 7.264158874750137329e-02
1.546024084091186523e-01 4.063266813755035400e-01 3.664129674434661865e-01 7.265794277191162109e-02
1.546297073364257812e-01 4.063507616519927979e-01 3.663756474852561951e-01 7.264388352632522583e-02
1.548379063606262207e-01 4.065346419811248779e-01 3.660907298326492310e-01 7.253672182559967041e-02
7.932549715042114258e-02 2.964159250259399414e-01 4.816710054874420166e-01 1.425875723361968994e-01
1.640278100967407227e-01 4.141565859317779541e-01 3.537601828575134277e-01 6.805542111396789551e-02
1.835632324218750000e-01 4.274310171604156494e-01 3.290950357913970947e-01 5.991071462631225586e-02
1.640112996101379395e-01 4.141437411308288574e-01 3.537818863987922668e-01 6.806307286024093628e-02
6.299015879631042480e-01 2.925175130367279053e-01 6.923252157866954803e-02 8.348377421498298645e-03
1.641294360160827637e-01 4.142357707023620605e-01 3.536263555288314819e-01 6.800843775272369385e-02
1.640096306800842285e-01 4.141424298286437988e-01 3.537841141223907471e-01 6.806382536888122559e-02
1.641159653663635254e-01 4.142252206802368164e-01 3.536441549658775330e-01 6.801465898752212524e-02
1.641166210174560547e-01 4.142257869243621826e-01 3.536432310938835144e-01 6.801436096429824829e-02
1.640418767929077148e-01 4.141675531864166260e-01 3.537416532635688782e-01 6.804891675710678101e-02
1.698029041290283203e-01 4.184770286083221436e-01 3.462521284818649292e-01 6.546793878078460693e-02
1.641951799392700195e-01 4.142867624759674072e-01 3.535399734973907471e-01 6.797808408737182617e-02
1.641757488250732422e-01 4.142716825008392334e-01 3.535655140876770020e-01 6.798705458641052246e-02
1.641120910644531250e-01 4.142223000526428223e-01 3.536491766571998596e-01 6.801643222570419312e-02
1.643131375312805176e-01 4.143783450126647949e-01 3.533848598599433899e-01 6.792365759611129761e-02
1.640112996101379395e-01 4.141437411308288574e-01 3.537818863987922668e-01 6.806307286024093628e-02
1.640674471855163574e-01 4.141874909400939941e-01 3.537079691886901855e-01 6.803709268569946289e-02
1.640103459358215332e-01 4.141429066658020020e-01 3.537832275032997131e-01 6.806351989507675171e-02
8.612763881683349609e-02 3.108733296394348145e-01 4.710287451744079590e-01 1.319702863693237305e-01
1.554685831069946289e-01 4.070883393287658691e-01 3.652294054627418518e-01 7.221367210149765015e-02
1.554397940635681152e-01 4.070630669593811035e-01 3.652687370777130127e-01 7.222840189933776855e-02
1.229748129844665527e-01 3.718573451042175293e-01 4.124551713466644287e-01 9.271267056465148926e-02
1.554483771324157715e-01 4.070706665515899658e-01 3.652569726109504700e-01 7.222398370504379272e-02
1.554431915283203125e-01 4.070660471916198730e-01 3.652640879154205322e-01 7.222667336463928223e-02
1.553991436958312988e-01 4.070275425910949707e-01 3.653241544961929321e-01 7.224915921688079834e-02
8.079475164413452148e-02 2.996375560760498047e-01 4.794017821550369263e-01 1.401659101247787476e-01
9.539657831192016602e-02 3.287999629974365234e-01 4.561858847737312317e-01 1.196175739169120789e-01
7.290917634963989258e-02 2.816741466522216797e-01 4.913002401590347290e-01 1.541164368391036987e-01
1.556468605995178223e-01 4.072439372539520264e-01 3.649863749742507935e-01 7.212282717227935791e-02
1.554197072982788086e-01 4.070456624031066895e-01 3.652960285544395447e-01 7.223860174417495728e-02
1.554295420646667480e-01 4.070541858673095703e-01 3.652826622128486633e-01 7.223360985517501831e-02
1.554322838783264160e-01 4.070566594600677490e-01 3.652788549661636353e-01 7.223220169544219971e-02
1.554418802261352539e-01 4.070650339126586914e-01 3.652657791972160339e-01 7.222730666399002075e-02
1.049860119819641113e-01 3.453959822654724121e-01 4.407638162374496460e-01 1.088541895151138306e-01
1.554924845695495605e-01 4.071091413497924805e-01 3.651968762278556824e-01 7.220149785280227661e-02
1.556159853935241699e-01 4.072171449661254883e-01 3.650283589959144592e-01 7.213851064443588257e-02
1.553683280944824219e-01 4.070007205009460449e-01 3.653661236166954041e-01 7.226482778787612915e-02
1.025874018669128418e-01 3.414195179939270020e-01 4.446119517087936401e-01 1.113811284303665161e-01
1.545879244804382324e-01 4.063139557838439941e-01 3.664327263832092285e-01 7.266539335250854492e-02
3.159725069999694824e-01 4.474509656429290771e-01 2.064911089837551117e-01 3.008541837334632874e-02
1.546122431755065918e-01 4.063353538513183594e-01 3.663995191454887390e-01 7.265288382768630981e-02
1.546767950057983398e-01 4.063924252986907959e-01 3.663111627101898193e-01 7.261961698532104492e-02
1.545482873916625977e-01 4.062789082527160645e-01 3.664869740605354309e-01 7.268583029508590698e-02
6.700955033302307129e-01 2.640694752335548401e-01 5.883020116016268730e-02 7.004820276051759720e-03
1.368725299835205078e-01 3.886980712413787842e-01 3.915610536932945251e-01 8.286834508180618286e-02
1.546034216880798340e-01 4.063276946544647217e-01 3.664114847779273987e-01 7.265739887952804565e-02
1.547971963882446289e-01 4.064987301826477051e-01 3.661464378237724304e-01 7.255763560533523560e-02
1.942650079727172852e-01 4.331988692283630371e-01 3.164411038160324097e-01 5.609501898288726807e-02
1.545212864875793457e-01 4.062550365924835205e-01 3.665239214897155762e-01 7.269975543022155762e-02
1.545758247375488281e-01 4.063031375408172607e-01 3.664493784308433533e-01 7.267165929079055786e-02
1.546542048454284668e-01 4.063725769519805908e-01 3.663420006632804871e-01 7.263121753931045532e-02
1.546547412872314453e-01 4.063729941844940186e-01 3.663413077592849731e-01 7.263095676898956299e-02
1.546568274497985840e-01 4.063748717308044434e-01 3.663384243845939636e-01 7.262987643480300903e-02
1.545942425727844238e-01 4.063195288181304932e-01 3.664240911602973938e-01 7.266213744878768921e-02
1.545609831809997559e-01 4.062901437282562256e-01 3.664695993065834045e-01 7.267927378416061401e-02
1.545224189758300781e-01 4.062558412551879883e-01 3.665225356817245483e-01 7.269920408725738525e-02
1.545724272727966309e-01 4.063001573085784912e-01 3.664540201425552368e-01 7.267339527606964111e-02
1.511089801788330078e-01 4.031649231910705566e-01 3.712292462587356567e-01 7.449685037136077881e-02
1.510144472122192383e-01 4.030773937702178955e-01 3.713604733347892761e-01 7.454768568277359009e-02
1.510167121887207031e-01 4.030794799327850342e-01 3.713573366403579712e-01 7.454647123813629150e-02
1.510332822799682617e-01 4.030948281288146973e-01 3.713343366980552673e-01 7.453755289316177368e-02
1.511088013648986816e-01 4.031648039817810059e-01 3.712294548749923706e-01 7.449693977832794189e-02
1.510447859764099121e-01 4.031054377555847168e-01 3.713184073567390442e-01 7.453136891126632690e-02
1.511368155479431152e-01 4.031907021999359131e-01 3.711905851960182190e-01 7.448189705610275269e-02
1.510850191116333008e-01 4.031428396701812744e-01 3.712624162435531616e-01 7.450972497463226318e-02
1.509837508201599121e-01 4.030490219593048096e-01 3.714030459523200989e-01 7.456418126821517944e-02
1.237112283706665039e-01 3.728234767913818359e-01 4.113239422440528870e-01 9.214135259389877319e-02
1.510863900184631348e-01 4.031439423561096191e-01 3.712606281042098999e-01 7.450903952121734619e-02
1.510225534439086914e-01 4.030847847461700439e-01 3.713493049144744873e-01 7.454335689544677734e-02
7.929284870624542236e-01 1.710361167788505554e-01 3.230751003138720989e-02 3.727886127308011055e-03
1.510243415832519531e-01 4.030866026878356934e-01 3.713466972112655640e-01 7.454235851764678955e-02
1.783722639083862305e-01 4.242658615112304688e-01 3.354479037225246429e-01 6.191397085785865784e-02
7.401430606842041016e-02 2.842934131622314453e-01 4.896806180477142334e-01 1.520116627216339111e-01
1.511025428771972656e-01 4.031588435173034668e-01 3.712382689118385315e-01 7.450034469366073608e-02
1.511341333389282227e-01 4.031883180141448975e-01 3.711942359805107117e-01 7.448331266641616821e-02
1.511890888214111328e-01 4.032390415668487549e-01 3.711180388927459717e-01 7.445383071899414062e-02
1.137381792068481445e-01 3.589815497398376465e-01 4.268449395895004272e-01 1.004353314638137817e-01
1.549411416053771973e-01 4.066255688667297363e-01 3.659496158361434937e-01 7.248367369174957275e-02
6.337646543979644775e-01 2.898345962166786194e-01 6.818874180316925049e-02 8.212007582187652588e-03
1.549308896064758301e-01 4.066165685653686523e-01 3.659636154770851135e-01 7.248892635107040405e-02
1.723830103874206543e-01 4.202962219715118408e-01 3.429571688175201416e-01 6.436359882354736328e-02
1.550130248069763184e-01 4.066889286041259766e-01 3.658512979745864868e-01 7.244674861431121826e-02
1.549776196479797363e-01 4.066577255725860596e-01 3.658997341990470886e-01 7.246492058038711548e-02
1.550447344779968262e-01 4.067167639732360840e-01 3.658080101013183594e-01 7.243049144744873047e-02
1.550044417381286621e-01 4.066812694072723389e-01 3.658631145954132080e-01 7.245117425918579102e-02
1.549298763275146484e-01 4.066157042980194092e-01 3.659649714827537537e-01 7.248944789171218872e-02
1.550501585006713867e-01 4.067214131355285645e-01 3.658006712794303894e-01 7.242775708436965942e-02
1.549788117408752441e-01 4.066588878631591797e-01 3.658980205655097961e-01 7.246427983045578003e-02
1.550575494766235352e-01 4.067280888557434082e-01 3.657904490828514099e-01 7.242391258478164673e-02
1.550421714782714844e-01 4.067143797874450684e-01 3.658115938305854797e-01 7.243185490369796753e-02
1.551776528358459473e-01 4.068334400653839111e-01 3.656265065073966980e-01 7.236240059137344360e-02
1.552678942680358887e-01 4.069126248359680176e-01 3.655032590031623840e-01 7.231622189283370972e-02
8.932740688323974609e-01 8.991072326898574829e-02 1.510621327906847000e-02 1.708994619548320770e-03
1.549146175384521484e-01 4.066022634506225586e-01 3.659858480095863342e-01 7.249727100133895874e-02
1.549466252326965332e-01 4.066303968429565430e-01 3.659421280026435852e-01 7.248084992170333862e-02
1.541009545326232910e-01 4.058817327022552490e-01 3.671000823378562927e-01 7.291723042726516724e-02
4.196767210960388184e-01 4.150885194540023804e-01 1.458065472543239594e-01 1.942821219563484192e-02
1.542313098907470703e-01 4.059977531433105469e-01 3.669212758541107178e-01 7.284966111183166504e-02
1.541888117790222168e-01 4.059599339962005615e-01 3.669795915484428406e-01 7.287166267633438110e-02
1.539279818534851074e-01 4.057275056838989258e-01 3.673374801874160767e-01 7.300703227519989014e-02
3.672392368316650391e-01 4.349137395620346069e-01 1.737536787986755371e-01 2.409334480762481689e-02
1.539639830589294434e-01 4.057597219944000244e-01 3.672879934310913086e-01 7.298830151557922363e-02
1.539644598960876465e-01 4.057602286338806152e-01 3.672872856259346008e-01 7.298802584409713745e-02
1.540371775627136230e-01 4.058248996734619141e-01 3.671875968575477600e-01 7.295032590627670288e-02
1.540070772171020508e-01 4.057980775833129883e-01 3.672288954257965088e-01 7.296594977378845215e-02
1.539517641067504883e-01 4.057488739490509033e-01 3.673047348856925964e-01 7.299462705850601196e-02
1.446011662483215332e-01 3.968772292137145996e-01 3.803838118910789490e-01 7.813779264688491821e-02
1.540436744689941406e-01 4.058307707309722900e-01 3.671786338090896606e-01 7.294692099094390869e-02
1.540148854255676270e-01 4.058052003383636475e-01 3.672180622816085815e-01 7.296185195446014404e-02
1.540104746818542480e-01 4.058011770248413086e-01 3.672241941094398499e-01 7.296415418386459351e-02
1.540994644165039062e-01 4.058803617954254150e-01 3.671021610498428345e-01 7.291801273822784424e-02
1.540909409523010254e-01 4.058727324008941650e-01 3.671138957142829895e-01 7.292243093252182007e-02
1.539230942726135254e-01 4.057231843471527100e-01 3.673441484570503235e-01 7.300957292318344116e-02
1.539361476898193359e-01 4.057348072528839111e-01 3.673262596130371094e-01 7.300278544425964355e-02
1.688812971115112305e-01 4.178108870983123779e-01 3.474379032850265503e-01 6.586991250514984131e-02
4.924622774124145508e-01 3.789754211902618408e-01 1.140101421624422073e-01 1.455215923488140106e-02
1.688100695610046387e-01 4.177590608596801758e-01 3.475297167897224426e-01 6.590115278959274292e-02
1.688795089721679688e-01 4.178094863891601562e-01 3.474402800202369690e-01 6.587072461843490601e-02
1.687523722648620605e-01 4.177169799804687500e-01 3.476041555404663086e-01 6.592649221420288086e-02
1.687218546867370605e-01 4.176947474479675293e-01 3.476435169577598572e-01 6.593988090753555298e-02
4.562276005744934082e-01 3.980241268873214722e-01 1.289571467787027359e-01 1.679112575948238373e-02
1.687896847724914551e-01 4.177441596984863281e-01 3.475560471415519714e-01 6.591010838747024536e-02
1.687343716621398926e-01 4.177039265632629395e-01 3.476273417472839355e-01 6.593436002731323242e-02
8.712949454784393311e-01 1.079976949840784073e-01 1.859527919441461563e-02 2.112080343067646027e-03
1.686405539512634277e-01 4.176353812217712402e-01 3.477484583854675293e-01 6.597560644149780273e-02
1.687105894088745117e-01 4.176865220069885254e-01 3.476580753922462463e-01 6.594481319189071655e-02
1.363320946693420410e-01 3.880956172943115234e-01 3.923549726605415344e-01 8.321731537580490112e-02
1.687732934951782227e-01 4.177321791648864746e-01 3.475772291421890259e-01 6.591729819774627686e-02
8.087088018655776978e-01 1.585403159260749817e-01 2.937309979461133480e-02 3.377782413735985756e-03
1.688441038131713867e-01 4.177837967872619629e-01 3.474858552217483521e-01 6.588624417781829834e-02
1.687443852424621582e-01 4.177110791206359863e-01 3.476145192980766296e-01 6.593001633882522583e-02
1.686633825302124023e-01 4.176521003246307373e-01 3.477189615368843079e-01 6.596555560827255249e-02
1.686670184135437012e-01 4.176546037197113037e-01 3.477143794298171997e-01 6.596399843692779541e-02
1.584645509719848633e-01 4.096558690071105957e-01 3.611681982874870300e-01 7.071138173341751099e-02
1.586688160896301270e-01 4.098271131515502930e-01 3.608932048082351685e-01 7.061086595058441162e-02
6.835741400718688965e-01 2.542811743915081024e-01 5.555577576160430908e-02 6.588909775018692017e-03
1.584420204162597656e-01 4.096369445323944092e-01 3.611985445022583008e-01 7.072249054908752441e-02
1.585213541984558105e-01 4.097036123275756836e-01 3.610916584730148315e-01 7.068337500095367432e-02
1.584291458129882812e-01 4.096262454986572266e-01 3.612158074975013733e-01 7.072880119085311890e-02
1.585075259208679199e-01 4.096919298171997070e-01 3.611103296279907227e-01 7.069021463394165039e-02
1.584619879722595215e-01 4.096538424491882324e-01 3.611715659499168396e-01 7.071260362863540649e-02
1.585674285888671875e-01 4.097423553466796875e-01 3.610295355319976807e-01 7.066068053245544434e-02
1.584639549255371094e-01 4.096553921699523926e-01 3.611689880490303040e-01 7.071166485548019409e-02
1.585265994071960449e-01 4.097079932689666748e-01 3.610846027731895447e-01 7.068080455064773560e-02
1.584426164627075195e-01 4.096374511718750000e-01 3.611977398395538330e-01 7.072219252586364746e-02
1.585239768028259277e-01 4.097058176994323730e-01 3.610881194472312927e-01 7.068208605051040649e-02
1.585450768470764160e-01 4.097234904766082764e-01 3.610597252845764160e-01 7.067170739173889160e-02
1.585817337036132812e-01 4.097541570663452148e-01 3.610104247927665710e-01 7.065368443727493286e-02
8.445823043584823608e-01 1.297522708773612976e-01 2.303568250499665737e-02 2.629742259159684181e-03
1.598574519157409668e-01 4.108150005340576172e-01 3.592970818281173706e-01 7.003046572208404541e-02
1.584551930427551270e-01 4.096479713916778564e-01 3.611808195710182190e-01 7.071601599454879761e-02
1.584752798080444336e-01 4.096649587154388428e-01 3.611536920070648193e-01 7.070606946945190430e-02
1.531622409820556641e-01 4.050408601760864258e-01 3.683901578187942505e-01 7.340674102306365967e-02
1.533728241920471191e-01 4.052304029464721680e-01 3.681003078818321228e-01 7.329646497964859009e-02
7.652975320816040039e-01 1.926481947302818298e-01 3.767923917621374130e-02 4.375034011900424957e-03
1.532591581344604492e-01 4.051281809806823730e-01 3.682567030191421509e-01 7.335595786571502686e-02
6.801131069660186768e-01 2.568057924509048462e-01 5.638693086802959442e-02 6.694169715046882629e-03
1.532073020935058594e-01 4.050815403461456299e-01 3.683280572295188904e-01 7.338310033082962036e-02
1.531972289085388184e-01 4.050724208354949951e-01 3.683419451117515564e-01 7.338840514421463013e-02
1.533316373825073242e-01 4.051933884620666504e-01 3.681569620966911316e-01 7.331801205873489380e-02
1.533465981483459473e-01 4.052069187164306641e-01 3.681363314390182495e-01 7.331015169620513916e-02
1.531996130943298340e-01 4.050745964050292969e-01 3.683386519551277161e-01 7.338713854551315308e-02
1.532343029975891113e-01 4.051057696342468262e-01 3.682909458875656128e-01 7.336898148059844971e-02
1.531949639320373535e-01 4.050703346729278564e-01 3.683451116085052490e-01 7.338958978652954102e-02
1.533688306808471680e-01 4.052267670631408691e-01 3.681058287620544434e-01 7.329857349395751953e-02
1.535064578056335449e-01 4.053504168987274170e-01 3.679165244102478027e-01 7.322660088539123535e-02
1.532320976257324219e-01 4.051037728786468506e-01 3.682940080761909485e-01 7.337012141942977905e-02
1.779266595840454102e-01 4.239824414253234863e-01 3.359999097883701324e-01 6.209098920226097107e-02
1.504536271095275879e-01 4.025554955005645752e-01 3.721403703093528748e-01 7.485050708055496216e-02
1.532037258148193359e-01 4.050781428813934326e-01 3.683330938220024109e-01 7.338503748178482056e-02
1.532733440399169922e-01 4.051409661769866943e-01 3.682371899485588074e-01 7.334849983453750610e-02
1.519047021865844727e-01 4.038980007171630859e-01 3.701261207461357117e-01 7.407117635011672974e-02
1.517621278762817383e-01 4.037672281265258789e-01 3.703234940767288208e-01 7.414714992046356201e-02
1.518719792366027832e-01 4.038679301738739014e-01 3.701714500784873962e-01 7.408864051103591919e-02
1.519236564636230469e-01 4.039153158664703369e-01 3.700999096035957336e-01 7.406111806631088257e-02
1.517789363861083984e-01 4.037825167179107666e-01 3.703003153204917908e-01 7.413823157548904419e-02
1.517934799194335938e-01 4.037960171699523926e-01 3.702800571918487549e-01 7.413044571876525879e-02
1.518035531044006348e-01 4.038051068782806396e-01 3.702662289142608643e-01 7.412511110305786133e-02
1.518253684043884277e-01 4.038253128528594971e-01 3.702358976006507874e-01 7.411342114210128784e-02
1.520237326622009277e-01 4.040068686008453369e-01 3.699615150690078735e-01 7.400788366794586182e-02
1.517972350120544434e-01 4.037994742393493652e-01 3.702748641371726990e-01 7.412842661142349243e-02
1.518800258636474609e-01 4.038753211498260498e-01 3.701603040099143982e-01 7.408434897661209106e-02
6.043355762958526611e-01 3.099755048751831055e-01 7.639514654874801636e-02 9.293772280216217041e-03
6.409651041030883789e-02 2.595117092132568359e-01 5.033737868070602417e-01 1.730179935693740845e-01
8.632564544677734375e-02 3.112769722938537598e-01 4.707146584987640381e-01 1.316827237606048584e-01
1.518559455871582031e-01 4.038531780242919922e-01 3.701936826109886169e-01 7.409719377756118774e-02
1.518518328666687012e-01 4.038494825363159180e-01 3.701993301510810852e-01 7.409935444593429565e-02
1.518931984901428223e-01 4.038875102996826172e-01 3.701419830322265625e-01 7.407730817794799805e-02
1.517332196235656738e-01 4.037406146526336670e-01 3.703635856509208679e-01 7.416258007287979126e-02
1.517899632453918457e-01 4.037927985191345215e-01 3.702849298715591431e-01 7.413230836391448975e-02
1.604182720184326172e-01 4.112754464149475098e-01 3.585468828678131104e-01 6.975939869880676270e-02
1.601999402046203613e-01 4.110966026782989502e-01 3.588387221097946167e-01 6.986473500728607178e-02
1.162959933280944824e-01 3.626914620399475098e-01 4.228249564766883850e-01 9.818758815526962280e-02
1.603903770446777344e-01 4.112525582313537598e-01 3.585842102766036987e-01 6.977285444736480713e-02
1.961113214492797852e-01 4.340958595275878906e-01 3.143168911337852478e-01 5.547592788934707642e-02
1.604025959968566895e-01 4.112626016139984131e-01 3.585678413510322571e-01 6.976696103811264038e-02
1.602711677551269531e-01 4.111550152301788330e-01 3.587434962391853333e-01 6.983032077550888062e-02
1.602793335914611816e-01 4.111616909503936768e-01 3.587325885891914368e-01 6.982638686895370483e-02
1.602839231491088867e-01 4.111654460430145264e-01 3.587264418601989746e-01 6.982418894767761230e-02
1.603014469146728516e-01 4.111797809600830078e-01 3.587030395865440369e-01 6.981573253870010376e-02
8.719208240509033203e-01 1.074849274009466171e-01 1.849392289295792580e-02 2.100325655192136765e-03
1.602957844734191895e-01 4.111751914024353027e-01 3.587105870246887207e-01 6.981843709945678711e-02
1.603242754936218262e-01 4.111984670162200928e-01 3.586725294589996338e-01 6.980472803115844727e-02
1.603555679321289062e-01 4.112240672111511230e-01 3.586307317018508911e-01 6.978963315486907959e-02
1.604677438735961914e-01 4.113158881664276123e-01 3.584807962179183960e-01 6.973557174205780029e-02
1.602721214294433594e-01 4.111557006835937500e-01 3.587422966957092285e-01 6.982988119125366211e-02
7.991228401660919189e-01 1.661438457667827606e-01 3.114447533152997494e-02 3.588838735595345497e-03
1.602338552474975586e-01 4.111244082450866699e-01 3.587933853268623352e-01 6.984835118055343628e-02
1.604133844375610352e-01 4.112714231014251709e-01 3.585534319281578064e-01 6.976176053285598755e-02
1.545454263687133789e-01 4.062761962413787842e-01 3.664910346269607544e-01 7.268734276294708252e-02
1.544639468193054199e-01 4.062041044235229492e-01 3.666025549173355103e-01 7.272939383983612061e-02
1.544917225837707520e-01 4.062288105487823486e-01 3.665644451975822449e-01 7.271502166986465454e-02
1.545470356941223145e-01 4.062776863574981689e-01 3.664887696504592896e-01 7.268650829792022705e-02
1.334846019744873047e-01 3.848547339439392090e-01 3.965629115700721741e-01 8.509775251150131226e-02
1.544376015663146973e-01 4.061808586120605469e-01 3.666385784745216370e-01 7.274296134710311890e-02
1.546146273612976074e-01 4.063373804092407227e-01 3.663963153958320618e-01 7.265167683362960815e-02
1.302701234817504883e-01 3.810558319091796875e-01 4.013645499944686890e-01 8.730949461460113525e-02
1.546146869659423828e-01 4.063374996185302734e-01 3.663962036371231079e-01 7.265160977840423584e-02
1.545557379722595215e-01 4.062854349613189697e-01 3.664768338203430176e-01 7.268199324607849121e-02
1.544972062110900879e-01 4.062335491180419922e-01 3.665570244193077087e-01 7.271222025156021118e-02
1.544517874717712402e-01 4.061934351921081543e-01 3.666191473603248596e-01 7.273562997579574585e-02
1.547209024429321289e-01 4.064314067363739014e-01 3.662508055567741394e-01 7.259688526391983032e-02
1.546966433525085449e-01 4.064099192619323730e-01 3.662840276956558228e-01 7.260940968990325928e-02
1.545273661613464355e-01 4.062602818012237549e-01 3.665157184004783630e-01 7.269663363695144653e-02
1.545371413230895996e-01 4.062689542770385742e-01 3.665023148059844971e-01 7.269158959388732910e-02
3.625768423080444336e-01 4.363638460636138916e-01 1.764883734285831451e-01 2.457093819975852966e-02
1.545083522796630859e-01 4.062435626983642578e-01 3.665416464209556580e-01 7.270643860101699829e-02
1.544967293739318848e-01 4.062332510948181152e-01 3.665576055645942688e-01 7.271241396665573120e-02
7.977968454360961914e-02 2.974178791046142578e-01 4.809715598821640015e-01 1.418308764696121216e-01
1.592623591423034668e-01 4.103223681449890137e-01 3.600952178239822388e-01 7.032005488872528076e-02
1.594903469085693359e-01 4.105116128921508789e-01 3.597891926765441895e-01 7.020884752273559570e-02
1.593952178955078125e-01 4.104326963424682617e-01 3.599168360233306885e-01 7.025524973869323730e-02
1.594251990318298340e-01 4.104575216770172119e-01 3.598766401410102844e-01 7.024063915014266968e-02
1.596308946609497070e-01 4.106279611587524414e-01 3.596006780862808228e-01 7.014046609401702881e-02
1.592785120010375977e-01 4.103358387947082520e-01 3.600734770298004150e-01 7.031217217445373535e-02
1.265082955360412598e-01 3.764150440692901611e-01 4.070508331060409546e-01 9.002582728862762451e-02
2.287317514419555664e-01 4.457218348979949951e-01 2.794586457312107086e-01 4.608776792883872986e-02
1.265715956687927246e-01 3.764949142932891846e-01 4.069545716047286987e-01 8.997891843318939209e-02
1.594335436820983887e-01 4.104644656181335449e-01 3.598654344677925110e-01 7.023655623197555542e-02
1.593258380889892578e-01 4.103750884532928467e-01 3.600099906325340271e-01 7.028908282518386841e-02
1.593962907791137695e-01 4.104336798191070557e-01 3.599153459072113037e-01 7.025468349456787109e-02
1.594505906105041504e-01 4.104787111282348633e-01 3.598424866795539856e-01 7.022821158170700073e-02
1.593594551086425781e-01 4.104031026363372803e-01 3.599647805094718933e-01 7.027266174554824829e-02
1.106244325637817383e-01 3.543096184730529785e-01 4.317703843116760254e-01 1.032955646514892578e-01
5.085166096687316895e-01 3.699462488293647766e-01 1.078778263181447983e-01 1.365931518375873566e-02
1.593468189239501953e-01 4.103925526142120361e-01 3.599817976355552673e-01 7.027883082628250122e-02
1.592770218849182129e-01 4.103345572948455811e-01 3.600755333900451660e-01 7.031288743019104004e-02
1.526846885681152344e-01 4.046091139316558838e-01 3.690483123064041138e-01 7.365788519382476807e-02
1.525404453277587891e-01 4.044781327247619629e-01 3.692473843693733215e-01 7.373403757810592651e-02
1.526998281478881836e-01 4.046227335929870605e-01 3.690275102853775024e-01 7.364992797374725342e-02
1.526088714599609375e-01 4.045402407646179199e-01 3.691529929637908936e-01 7.369789481163024902e-02
1.525433063507080078e-01 4.044807553291320801e-01 3.692434355616569519e-01 7.373250275850296021e-02
1.526422500610351562e-01 4.045704603195190430e-01 3.691069707274436951e-01 7.368031889200210571e-02
1.526719927787780762e-01 4.045974910259246826e-01 3.690659105777740479e-01 7.366460561752319336e-02
1.526605486869812012e-01 4.045871198177337646e-01 3.690816760063171387e-01 7.367065548896789551e-02
1.526724696159362793e-01 4.045979678630828857e-01 3.690652176737785339e-01 7.366434484720230103e-02
1.527971029281616211e-01 4.047109782695770264e-01 3.688932731747627258e-01 7.359864562749862671e-02
1.526108384132385254e-01 4.045419692993164062e-01 3.691503033041954041e-01 7.369688898324966431e-02
1.526880860328674316e-01 4.046122431755065918e-01 3.690435960888862610e-01 7.365607470273971558e-02
1.779018640518188477e-01 4.239664971828460693e-01 3.360307626426219940e-01 6.210087612271308899e-02
2.710343003273010254e-01 4.509854912757873535e-01 2.408729270100593567e-01 3.710728138685226440e-02
1.526740789413452148e-01 4.045995175838470459e-01 3.690629377961158752e-01 7.366346567869186401e-02
1.526023745536804199e-01 4.045342504978179932e-01 3.691620081663131714e-01 7.370136678218841553e-02
1.528097391128540039e-01 4.047223329544067383e-01 3.688759133219718933e-01 7.359201461076736450e-02
1.525078415870666504e-01 4.044484198093414307e-01 3.692924380302429199e-01 7.375130057334899902e-02
8.699756860733032227e-02 3.126401305198669434e-01 4.696472585201263428e-01 1.307150423526763916e-01
1.591087579727172852e-01 4.101946949958801270e-01 3.603014498949050903e-01 7.039509713649749756e-02
1.592736840248107910e-01 4.103319346904754639e-01 3.600798845291137695e-01 7.031449675559997559e-02
9.973531961441040039e-02 3.365417718887329102e-01 4.491989091038703918e-01 1.145239993929862976e-01
1.591349840164184570e-01 4.102165699005126953e-01 3.602661713957786560e-01 7.038227468729019165e-02
1.593261361122131348e-01 4.103753268718719482e-01 3.600096106529235840e-01 7.028892636299133301e-02
1.592453122138977051e-01 4.103082120418548584e-01 3.601180911064147949e-01 7.032838463783264160e-02
1.591750979423522949e-01 4.102498292922973633e-01 3.602123931050300598e-01 7.036267966032028198e-02
1.592608094215393066e-01 4.103212654590606689e-01 3.600971475243568420e-01 7.032077759504318237e-02
1.591739654541015625e-01 4.102488458156585693e-01 3.602139428257942200e-01 7.036324590444564819e-02
1.591635942459106445e-01 4.102402031421661377e-01 3.602278754115104675e-01 7.036832720041275024e-02
1.592864394187927246e-01 4.103423357009887695e-01 3.600629195570945740e-01 7.030830532312393188e-02
1.591777205467224121e-01 4.102520346641540527e-01 3.602088391780853271e-01 7.036140561103820801e-02
1.592330932617187500e-01 4.102980792522430420e-01 3.601344898343086243e-01 7.033433765172958374e-02
1.592890620231628418e-01 4.103446304798126221e-01 3.600593134760856628e-01 7.030699402093887329e-02
1.593399643898010254e-01 4.103868305683135986e-01 3.599910140037536621e-01 7.028219103813171387e-02
8.471482992172241211e-02 3.079650402069091797e-01 4.732643812894821167e-01 1.340557485818862915e-01
3.834918737411499023e-01 4.294333755970001221e-01 1.645587831735610962e-01 2.251596748828887939e-02
1.591221094131469727e-01 4.102058410644531250e-01 3.602834716439247131e-01 7.038857787847518921e-02
1.591382622718811035e-01 4.102191627025604248e-01 3.602618947625160217e-01 7.038068026304244995e-02
1.571730375289916992e-01 4.085617065429687500e-01 3.629126846790313721e-01 7.135257124900817871e-02
1.570626497268676758e-01 4.084672331809997559e-01 3.630622997879981995e-01 7.140781730413436890e-02
1.572296023368835449e-01 4.086100757122039795e-01 3.628360629081726074e-01 7.132425904273986816e-02
1.571331620216369629e-01 4.085275232791900635e-01 3.629667758941650391e-01 7.137253880500793457e-02
1.584393978118896484e-01 4.096347689628601074e-01 3.612020611763000488e-01 7.072377204895019531e-02
1.571316719055175781e-01 4.085264503955841064e-01 3.629686459898948669e-01 7.137323170900344849e-02
1.571147441864013672e-01 4.085118770599365234e-01 3.629916757345199585e-01 7.138170301914215088e-02
6.331055164337158203e-01 2.902931496500968933e-01 6.836617086082696915e-02 8.235163055360317230e-03
1.572372913360595703e-01 4.086165726184844971e-01 3.628256991505622864e-01 7.132043689489364624e-02
1.570532917976379395e-01 4.084592461585998535e-01 3.630749657750129700e-01 7.141249626874923706e-02
1.571736931800842285e-01 4.085621833801269531e-01 3.629118725657463074e-01 7.135225087404251099e-02
1.571104526519775391e-01 4.085082113742828369e-01 3.629974648356437683e-01 7.138387113809585571e-02
1.571065187454223633e-01 4.085049033164978027e-01 3.630027472972869873e-01 7.138583064079284668e-02
1.571207046508789062e-01 4.085168540477752686e-01 3.629836812615394592e-01 7.137876003980636597e-02
1.572245359420776367e-01 4.086056947708129883e-01 3.628429621458053589e-01 7.132680714130401611e-02
1.573313474655151367e-01 4.086968600749969482e-01 3.626983463764190674e-01 7.127344608306884766e-02
1.046953201293945312e-01 3.449199199676513672e-01 4.412296786904335022e-01 1.091550812125205994e-01
1.570690870285034180e-01 4.084728658199310303e-01 3.630534932017326355e-01 7.140455394983291626e-02
1.571400165557861328e-01 4.085333049297332764e-01 3.629575520753860474e-01 7.136912643909454346e-02
1.555224061012268066e-01 4.071353077888488770e-01 3.651560544967651367e-01 7.218623161315917969e-02
2.982141375541687012e-01 4.498035013675689697e-01 2.193632423877716064e-01 3.261911869049072266e-02
1.555255651473999023e-01 4.071380794048309326e-01 3.651517257094383240e-01 7.218462973833084106e-02
1.555140614509582520e-01 4.071280658245086670e-01 3.651673942804336548e-01 7.219047844409942627e-02
1.234650015830993652e-01 3.725013732910156250e-01 4.117019250988960266e-01 9.233170002698898315e-02
1.555645465850830078e-01 4.071722328662872314e-01 3.650984764099121094e-01 7.216474413871765137e-02
1.526166200637817383e-01 4.045474231243133545e-01 3.691421672701835632e-01 7.369378954172134399e-02
1.555088758468627930e-01 4.071235954761505127e-01 3.651744052767753601e-01 7.219312340021133423e-02
1.555363535881042480e-01 4.071475863456726074e-01 3.651369512081146240e-01 7.217910885810852051e-02
1.556072235107421875e-01 4.072093963623046875e-01 3.650403767824172974e-01 7.214300334453582764e-02
1.554467678070068359e-01 4.070691764354705811e-01 3.652592003345489502e-01 7.222485542297363281e-02
1.637833118438720703e-01 4.139659106731414795e-01 3.540821000933647156e-01 6.816867738962173462e-02
1.555877923965454102e-01 4.071924686431884766e-01 3.650668412446975708e-01 7.215289771556854248e-02
1.554648280143737793e-01 4.070851504802703857e-01 3.652344495058059692e-01 7.221557199954986572e-02
1.555279493331909180e-01 4.071402549743652344e-01 3.651484102010726929e-01 7.218338549137115479e-02
1.555790901184082031e-01 4.071849584579467773e-01 3.650786504149436951e-01 7.215730100870132446e-02
1.557436585426330566e-01 4.073283374309539795e-01 3.648544475436210632e-01 7.207355648279190063e-02
1.555214524269104004e-01 4.071346223354339600e-01 3.651572465896606445e-01 7.218667864799499512e-02
1.554467678070068359e-01 4.070692658424377441e-01 3.652591481804847717e-01 7.222481817007064819e-02
1.536335349082946777e-01 4.054642915725708008e-01 3.677418828010559082e-01 7.316029071807861328e-02
1.082639694213867188e-01 3.506505489349365234e-01 4.355249628424644470e-01 1.055605188012123108e-01
1.536366343498229980e-01 4.054670929908752441e-01 3.677375987172126770e-01 7.315867394208908081e-02
1.535270214080810547e-01 4.053688943386077881e-01 3.678882271051406860e-01 7.321585714817047119e-02
1.534774303436279297e-01 4.053242802619934082e-01 3.679565042257308960e-01 7.324178516864776611e-02
1.054766774177551270e-01 3.461953997611999512e-01 4.399781301617622375e-01 1.083497926592826843e-01
1.087438464164733887e-01 3.514028191566467285e-01 4.347603246569633484e-01 1.050930097699165344e-01
1.534597873687744141e-01 4.053086638450622559e-01 3.679805919528007507e-01 7.325095683336257935e-02
1.535504460334777832e-01 4.053898453712463379e-01 3.678560629487037659e-01 7.320364564657211304e-02
1.534665822982788086e-01 4.053145647048950195e-01 3.679713904857635498e-01 7.324746251106262207e-02
1.534850001335144043e-01 4.053311347961425781e-01 3.679460510611534119e-01 7.323781400918960571e-02
1.535301208496093750e-01 4.053715765476226807e-01 3.678840324282646179e-01 7.321427017450332642e-02
1.534717679023742676e-01 4.053193330764770508e-01 3.679641783237457275e-01 7.324472069740295410e-02
1.534636616706848145e-01 4.053120017051696777e-01 3.679753690958023071e-01 7.324896752834320068e-02
8.638484627008438110e-01 1.140878833830356598e-01 1.981043396517634392e-02 2.253219950944185257e-03
1.535056829452514648e-01 4.053497314453125000e-01 3.679175600409507751e-01 7.322702556848526001e-02
1.534475684165954590e-01 4.052975773811340332e-01 3.679974898695945740e-01 7.325736433267593384e-02
1.534281373023986816e-01 4.052800536155700684e-01 3.680242598056793213e-01 7.326754927635192871e-02
1.535217165946960449e-01 4.053641259670257568e-01 3.678955212235450745e-01 7.321863621473312378e-02
1.583194732666015625e-01 4.095339179039001465e-01 3.613636940717697144e-01 7.078291475772857666e-02
1.581934690475463867e-01 4.094278216361999512e-01 3.615335449576377869e-01 7.084516435861587524e-02
1.331278085708618164e-01 3.844403922557830811e-01 3.970932736992835999e-01 8.533852547407150269e-02
1.584019064903259277e-01 4.096032083034515381e-01 3.612526133656501770e-01 7.074227184057235718e-02
3.172158002853393555e-01 4.472439438104629517e-01 2.056220676749944687e-01 2.991818822920322418e-02
1.582351326942443848e-01 4.094629883766174316e-01 3.614773303270339966e-01 7.082454860210418701e-02
1.582279205322265625e-01 4.094568789005279541e-01 3.614870756864547729e-01 7.082812488079071045e-02
7.558029890060424805e-02 2.879469990730285645e-01 4.873551726341247559e-01 1.491175293922424316e-01
1.582732200622558594e-01 4.094949364662170410e-01 3.614260628819465637e-01 7.080578058958053589e-02
1.581950783729553223e-01 4.094291031360626221e-01 3.615314364433288574e-01 7.084438204765319824e-02
1.582331657409667969e-01 4.094612598419189453e-01 3.614800199866294861e-01 7.082555443048477173e-02
1.581920385360717773e-01 4.094265401363372803e-01 3.615355342626571655e-01 7.084588706493377686e-02
1.583143472671508789e-01 4.095296263694763184e-01 3.613705709576606750e-01 7.078545540571212769e-02
1.582930684089660645e-01 4.095117449760437012e-01 3.613992556929588318e-01 7.079593092203140259e-02
1.583733558654785156e-01 4.095792472362518311e-01 3.612910732626914978e-01 7.075632363557815552e-02
1.582103371620178223e-01 4.094420075416564941e-01 3.615108355879783630e-01 7.083681970834732056e-02
8.609599322080612183e-01 1.164450123906135559e-01 2.028644038364291191e-02 2.308615017682313919e-03
1.582701802253723145e-01 4.094924032688140869e-01 3.614301532506942749e-01 7.080726325511932373e-02
1.584925055503845215e-01 4.096793532371520996e-01 3.611305430531501770e-01 7.069759815931320190e-02
2.058433294296264648e-01 4.383745491504669189e-01 3.033979535102844238e-01 5.238416790962219238e-02
1.567928194999694824e-01 4.082359671592712402e-01 3.634280487895011902e-01 7.154316455125808716e-02
1.569572687149047852e-01 4.083770811557769775e-01 3.632050454616546631e-01 7.146060466766357422e-02
1.569734811782836914e-01 4.083908796310424805e-01 3.631831333041191101e-01 7.145250588655471802e-02
1.568000316619873047e-01 4.082420170307159424e-01 3.634183779358863831e-01 7.153957337141036987e-02
1.569080352783203125e-01 4.083348512649536133e-01 3.632717952132225037e-01 7.148531824350357056e-02
1.568744778633117676e-01 4.083061218261718750e-01 3.633172735571861267e-01 7.150212675333023071e-02
7.970589399337768555e-02 2.972553372383117676e-01 4.810854047536849976e-01 1.419533640146255493e-01
1.568430662155151367e-01 4.082791209220886230e-01 3.633598834276199341e-01 7.151792943477630615e-02
1.568347811698913574e-01 4.082719683647155762e-01 3.633711636066436768e-01 7.152208685874938965e-02
1.568525433540344238e-01 4.082872271537780762e-01 3.633470535278320312e-01 7.151317596435546875e-02
1.568955183029174805e-01 4.083239734172821045e-01 3.632888868451118469e-01 7.149162143468856812e-02
1.571288108825683594e-01 4.085239470005035400e-01 3.629725724458694458e-01 7.137466967105865479e-02
1.569055914878845215e-01 4.083327353000640869e-01 3.632751330733299255e-01 7.148654013872146606e-02
1.568091511726379395e-01 4.082499444484710693e-01 3.634059429168701172e-01 7.153496146202087402e-02
1.568525433540344238e-01 4.082872569561004639e-01 3.633470386266708374e-01 7.151316106319427490e-02
1.568078994750976562e-01 4.082488715648651123e-01 3.634076341986656189e-01 7.153559476137161255e-02
1.567942500114440918e-01 4.082371294498443604e-01 3.634261637926101685e-01 7.154245674610137939e-02
1.568302512168884277e-01 4.082680642604827881e-01 3.633773326873779297e-01 7.152435183525085449e-02
8.219131529331207275e-01 1.480037663131952286e-01 2.698809979483485222e-02 3.094980958849191666e-03
2.487406134605407715e-01 4.494178295135498047e-01 2.603611983358860016e-01 4.148035869002342224e-02
7.312518358230590820e-02 2.821888923645019531e-01 4.909850955009460449e-01 1.537008285522460938e-01
1.564352512359619141e-01 4.079279601573944092e-01 3.639135658740997314e-01 7.172322273254394531e-02
1.563275456428527832e-01 4.078350961208343506e-01 3.640597984194755554e-01 7.177755981683731079e-02
1.562321186065673828e-01 4.077525138854980469e-01 3.641895651817321777e-01 7.182580232620239258e-02
1.563441753387451172e-01 4.078494012355804443e-01 3.640372529625892639e-01 7.176917046308517456e-02
1.563004851341247559e-01 4.078117311000823975e-01 3.640965670347213745e-01 7.179121673107147217e-02
1.563737988471984863e-01 4.078750014305114746e-01 3.639969900250434875e-01 7.175420969724655151e-02
1.562259197235107422e-01 4.077471792697906494e-01 3.641979843378067017e-01 7.182891666889190674e-02
1.562272906303405762e-01 4.077482521533966064e-01 3.641962110996246338e-01 7.182824611663818359e-02
1.562406420707702637e-01 4.077598452568054199e-01 3.641780018806457520e-01 7.182151079177856445e-02
1.563677191734313965e-01 4.078697264194488525e-01 3.640052676200866699e-01 7.175728678703308105e-02
7.601070404052734375e-02 2.889394164085388184e-01 4.867102503776550293e-01 1.483396291732788086e-01
1.119765043258666992e-01 3.563596606254577637e-01 4.296275451779365540e-01 1.020362898707389832e-01
1.562368273735046387e-01 4.077565968036651611e-01 3.641831651329994202e-01 7.182341068983078003e-02
1.562731862068176270e-01 4.077879190444946289e-01 3.641338348388671875e-01 7.180505990982055664e-02
1.562743782997131348e-01 4.077890813350677490e-01 3.641321063041687012e-01 7.180443406105041504e-02
1.564964652061462402e-01 4.079808294773101807e-01 3.638303652405738831e-01 7.169234007596969604e-02
1.472151279449462891e-01 3.994663655757904053e-01 3.766783401370048523e-01 7.664016634225845337e-02
1.473782062530517578e-01 3.996252119541168213e-01 3.764482885599136353e-01 7.654829323291778564e-02
1.473340392112731934e-01 3.995821177959442139e-01 3.765106424689292908e-01 7.657320052385330200e-02
1.473213434219360352e-01 3.995699584484100342e-01 3.765284121036529541e-01 7.658028602600097656e-02
7.432931661605834961e-02 2.850340604782104492e-01 4.892154484987258911e-01 1.514211744070053101e-01
1.473227739334106445e-01 3.995712101459503174e-01 3.765265047550201416e-01 7.657951116561889648e-02
1.474004387855529785e-01 3.996466696262359619e-01 3.764170706272125244e-01 7.653582096099853516e-02
1.473100781440734863e-01 3.995589911937713623e-01 3.765443041920661926e-01 7.658662647008895874e-02
1.473284959793090820e-01 3.995768129825592041e-01 3.765183985233306885e-01 7.657629251480102539e-02
1.472478508949279785e-01 3.994984030723571777e-01 3.766320720314979553e-01 7.662167400121688843e-02
1.473083496093750000e-01 3.995571434497833252e-01 3.765468522906303406e-01 7.658765465021133423e-02
6.260318458080291748e-01 2.951935827732086182e-01 7.028794381767511368e-02 8.486627601087093353e-03
1.472999453544616699e-01 3.995490670204162598e-01 3.765586316585540771e-01 7.659235596656799316e-02
1.474069952964782715e-01 3.996531069278717041e-01 3.764077648520469666e-01 7.653213292360305786e-02
1.475502848625183105e-01 3.997921645641326904e-01 3.762059435248374939e-01 7.645160704851150513e-02
8.268809318542480469e-02 3.037078380584716797e-01 4.764509052038192749e-01 1.371531635522842407e-01
1.772881150245666504e-01 4.235729575157165527e-01 3.367928639054298401e-01 6.234606355428695679e-02
1.472180485725402832e-01 3.994692265987396240e-01 3.766742050647735596e-01 7.663851976394653320e-02
1.472352147102355957e-01 3.994860053062438965e-01 3.766499608755111694e-01 7.662881910800933838e-02
1.480586528778076172e-01 4.002835452556610107e-01 3.754906505346298218e-01 7.616715133190155029e-02
1.478682756423950195e-01 4.000999331474304199e-01 3.757583275437355042e-01 7.627346366643905640e-02
1.480521559715270996e-01 4.002773761749267578e-01 3.754997253417968750e-01 7.617074251174926758e-02
1.480132937431335449e-01 4.002399742603302002e-01 3.755543157458305359e-01 7.619241625070571899e-02
3.804104328155517578e-01 4.305216073989868164e-01 1.662629004567861557e-01 2.280505932867527008e-02
1.478853821754455566e-01 4.001165926456451416e-01 3.757341578602790833e-01 7.626386731863021851e-02
1.479186415672302246e-01 4.001484811305999756e-01 3.756875470280647278e-01 7.624533027410507202e-02
1.479806900024414062e-01 4.002083539962768555e-01 3.756002783775329590e-01 7.621067762374877930e-02
1.481185555458068848e-01 4.003411531448364258e-01 3.754065260291099548e-01 7.613376528024673462e-02
8.731946796178817749e-01 1.064408663660287857e-01 1.828800188377499580e-02 2.076452132314443588e-03
7.247464358806610107e-01 2.236906662583351135e-01 4.615051764994859695e-02 5.412380211055278778e-03
1.480005383491516113e-01 4.002274870872497559e-01 3.755723759531974792e-01 7.619959861040115356e-02
1.479514241218566895e-01 4.001802802085876465e-01 3.756413161754608154e-01 7.622697949409484863e-02
1.479651331901550293e-01 4.001933336257934570e-01 3.756221830844879150e-01 7.621935009956359863e-02
1.479458808898925781e-01 4.001747965812683105e-01 3.756492212414741516e-01 7.623010128736495972e-02
3.426720499992370605e-01 4.418937414884567261e-01 1.886840648949146271e-01 2.675014361739158630e-02
1.293853521347045898e-01 3.799835741519927979e-01 4.026955142617225647e-01 8.793555945158004761e-02
1.478648781776428223e-01 4.000966548919677734e-01 3.757630959153175354e-01 7.627537101507186890e-02
1.479521393775939941e-01 4.001808166503906250e-01 3.756404370069503784e-01 7.622660696506500244e-02
1.490558981895446777e-01 4.012381434440612793e-01 3.740917220711708069e-01 7.561423629522323608e-02
1.493115425109863281e-01 4.014810323715209961e-01 3.737339079380035400e-01 7.547351717948913574e-02
1.493174433708190918e-01 4.014864563941955566e-01 3.737257570028305054e-01 7.547034323215484619e-02
1.490769982337951660e-01 4.012582600116729736e-01 3.740621581673622131e-01 7.560258358716964722e-02
1.188227534294128418e-01 3.662461638450622559e-01 4.188792631030082703e-01 9.605181962251663208e-02
1.491171717643737793e-01 4.012963175773620605e-01 3.740060180425643921e-01 7.558049261569976807e-02
1.490914225578308105e-01 4.012720584869384766e-01 3.740419000387191772e-01 7.559461891651153564e-02
1.491872668266296387e-01 4.013629555702209473e-01 3.739078864455223083e-01 7.554189115762710571e-02
1.491453051567077637e-01 4.013232290744781494e-01 3.739665150642395020e-01 7.556495070457458496e-02
1.490782499313354492e-01 4.012593924999237061e-01 3.740604370832443237e-01 7.560192048549652100e-02
1.491039395332336426e-01 4.012839198112487793e-01 3.740244209766387939e-01 7.558771967887878418e-02
1.491892337799072266e-01 4.013648927211761475e-01 3.739050775766372681e-01 7.554079592227935791e-02
1.491586565971374512e-01 4.013358950614929199e-01 3.739478215575218201e-01 7.555762678384780884e-02
1.492027640342712402e-01 4.013777375221252441e-01 3.738861531019210815e-01 7.553334534168243408e-02
1.492606401443481445e-01 4.014326632022857666e-01 3.738051727414131165e-01 7.550152391195297241e-02
1.109770536422729492e-01 3.548473715782165527e-01 4.312110170722007751e-01 1.029645577073097229e-01
1.347885131835937500e-01 3.863531947135925293e-01 3.946305662393569946e-01 8.422772586345672607e-02
1.491155028343200684e-01 4.012949466705322266e-01 3.740081936120986938e-01 7.558135688304901123e-02
1.490488052368164062e-01 4.012314379215240479e-01 3.741016387939453125e-01 7.561811804771423340e-02
1.585378050804138184e-01 4.097175002098083496e-01 3.610694333910942078e-01 7.067526131868362427e-02
1.586862802505493164e-01 4.098418056964874268e-01 3.608696535229682922e-01 7.060226052999496460e-02
1.586642265319824219e-01 4.098234474658966064e-01 3.608992546796798706e-01 7.061307132244110107e-02
1.586692929267883301e-01 4.098277091979980469e-01 3.608924150466918945e-01 7.061058282852172852e-02
1.585174798965454102e-01 4.097003936767578125e-01 3.610968366265296936e-01 7.068528980016708374e-02
1.585527658462524414e-01 4.097298681735992432e-01 3.610494136810302734e-01 7.066795229911804199e-02
1.586297154426574707e-01 4.097945690155029297e-01 3.609456792473793030e-01 7.063003629446029663e-02
1.585921049118041992e-01 4.097628593444824219e-01 3.609964549541473389e-01 7.064858078956604004e-02
1.587088704109191895e-01 4.098607897758483887e-01 3.608391806483268738e-01 7.059115916490554810e-02
1.585850715637207031e-01 4.097570478916168213e-01 3.610058501362800598e-01 7.065203040838241577e-02
1.585581898689270020e-01 4.097344279289245605e-01 3.610421046614646912e-01 7.066527754068374634e-02
2.615682482719421387e-01 4.506231248378753662e-01 2.489307858049869537e-01 3.887784108519554138e-02
1.586552262306213379e-01 4.098158478736877441e-01 3.609114065766334534e-01 7.061751931905746460e-02
1.587665677070617676e-01 4.099091887474060059e-01 3.607614561915397644e-01 7.056278735399246216e-02
8.765439167618751526e-01 1.036931332200765610e-01 1.774894050322473049e-02 2.014009514823555946e-03
1.068587303161621094e-01 3.484227061271667480e-01 4.377677664160728455e-01 1.069507971405982971e-01
4.847279191017150879e-01 3.832018077373504639e-01 1.170674879103899002e-01 1.500278525054454803e-02
1.585018634796142578e-01 4.096871912479400635e-01 3.611179515719413757e-01 7.069299370050430298e-02
1.587478518486022949e-01 4.098935127258300781e-01 3.607866540551185608e-01 7.057198137044906616e-02
1.488482356071472168e-01 4.010403156280517578e-01 3.743826374411582947e-01 7.572881132364273071e-02
1.486874818801879883e-01 4.008869826793670654e-01 3.746078386902809143e-01 7.581769675016403198e-02
1.487697958946228027e-01 4.009654819965362549e-01 3.744925409555435181e-01 7.577218115329742432e-02
1.487838029861450195e-01 4.009789526462554932e-01 3.744728416204452515e-01 7.576440274715423584e-02
1.487582325935363770e-01 4.009545445442199707e-01 3.745086863636970520e-01 7.577853649854660034e-02
1.487165689468383789e-01 4.009148776531219482e-01 3.745669871568679810e-01 7.580156624317169189e-02
1.487241983413696289e-01 4.009220302104949951e-01 3.745564073324203491e-01 7.579736411571502686e-02
1.488683223724365234e-01 4.010595679283142090e-01 3.743544071912765503e-01 7.571770250797271729e-02
1.488035917282104492e-01 4.009978175163269043e-01 3.744451254606246948e-01 7.575346529483795166e-02
1.488063335418701172e-01 4.010003805160522461e-01 3.744413182139396667e-01 7.575196772813796997e-02
1.487347483634948730e-01 4.009321331977844238e-01 3.745415881276130676e-01 7.579153031110763550e-02
1.513767838478088379e-01 4.034126400947570801e-01 3.708574771881103516e-01 7.435309886932373047e-02
6.973182857036590576e-01 2.441815324127674103e-01 5.231915367767214775e-02 6.181028205901384354e-03
1.487482190132141113e-01 4.009450078010559082e-01 3.745227009057998657e-01 7.578407227993011475e-02
1.487813591957092285e-01 4.009765684604644775e-01 3.744762986898422241e-01 7.576577365398406982e-02
1.487949490547180176e-01 4.009896516799926758e-01 3.744571581482887268e-01 7.575824111700057983e-02
1.297351717948913574e-01 3.804089128971099854e-01 4.021688103675842285e-01 8.768710494041442871e-02
1.486890912055969238e-01 4.008884727954864502e-01 3.746056333184242249e-01 7.581680268049240112e-02
1.486974358558654785e-01 4.008963704109191895e-01 3.745939806103706360e-01 7.581221312284469604e-02
8.859837055206298828e-02 3.158446550369262695e-01 4.670965075492858887e-01 1.284604668617248535e-01
1.551621556282043457e-01 4.068198800086975098e-01 3.656476438045501709e-01 7.237032055854797363e-02
1.010466814041137695e-01 3.388049006462097168e-01 4.470887184143066406e-01 1.130596995353698730e-01
1.551578044891357422e-01 4.068160057067871094e-01 3.656536117196083069e-01 7.237257808446884155e-02
9.424436092376708984e-02 3.266764879226684570e-01 4.580405801534652710e-01 1.210385710000991821e-01
1.552377939224243164e-01 4.068862497806549072e-01 3.655443489551544189e-01 7.233160734176635742e-02
1.552012562751770020e-01 4.068541824817657471e-01 3.655942603945732117e-01 7.235030084848403931e-02
2.350159287452697754e-01 4.471367299556732178e-01 2.732861973345279694e-01 4.456114396452903748e-02
1.552902460098266602e-01 4.069322645664215088e-01 3.654727190732955933e-01 7.230477035045623779e-02
1.551389098167419434e-01 4.067995250225067139e-01 3.656793534755706787e-01 7.238221168518066406e-02
1.553028225898742676e-01 4.069432616233825684e-01 3.654555678367614746e-01 7.229834794998168945e-02
1.552011370658874512e-01 4.068540036678314209e-01 3.655944615602493286e-01 7.235039770603179932e-02
2.636324167251586914e-01 4.507389962673187256e-01 2.471471093595027924e-01 3.848147764801979065e-02
1.553052067756652832e-01 4.069453775882720947e-01 3.654522895812988281e-01 7.229712605476379395e-02
1.553010344505310059e-01 4.069417715072631836e-01 3.654579520225524902e-01 7.229924201965332031e-02
1.552384495735168457e-01 4.068868160247802734e-01 3.655434474349021912e-01 7.233128696680068970e-02
1.552231311798095703e-01 4.068734645843505859e-01 3.655643016099929810e-01 7.233910262584686279e-02
1.551380753517150879e-01 4.067986905574798584e-01 3.656805530190467834e-01 7.238268107175827026e-02
1.551498770713806152e-01 4.068092107772827148e-01 3.656643331050872803e-01 7.237657904624938965e-02
1.465871334075927734e-01 3.988522887229919434e-01 3.775650411844253540e-01 7.699553668498992920e-02
3.374005556106567383e-01 4.431682676076889038e-01 1.920626237988471985e-01 2.736855298280715942e-02
1.466560959815979004e-01 3.989199995994567871e-01 3.774675428867340088e-01 7.695636153221130371e-02
1.465721130371093750e-01 3.988375663757324219e-01 3.775862827897071838e-01 7.700403779745101929e-02
1.464890241622924805e-01 3.987559378147125244e-01 3.777037411928176880e-01 7.705129683017730713e-02
7.830458879470825195e-02 2.941445708274841309e-01 4.832356274127960205e-01 1.443152129650115967e-01
1.109762191772460938e-01 3.548462390899658203e-01 4.312122389674186707e-01 1.029653027653694153e-01
1.464324593544006348e-01 3.987002372741699219e-01 3.777838200330734253e-01 7.708348333835601807e-02
1.465375423431396484e-01 3.988035321235656738e-01 3.776352182030677795e-01 7.702370733022689819e-02
1.465916633605957031e-01 3.988567292690277100e-01 3.775586485862731934e-01 7.699295878410339355e-02
1.464337110519409180e-01 3.987015187740325928e-01 3.777820020914077759e-01 7.708276808261871338e-02
1.466134786605834961e-01 3.988780677318572998e-01 3.775278627872467041e-01 7.698059082031250000e-02
1.465977430343627930e-01 3.988627195358276367e-01 3.775500431656837463e-01 7.698949426412582397e-02
1.467487812042236328e-01 3.990108370780944824e-01 3.773365914821624756e-01 7.690379023551940918e-02
4.200780391693115234e-02 1.924872994422912598e-01 5.192199498414993286e-01 2.462849467992782593e-01
1.465283632278442383e-01 3.987945914268493652e-01 3.776481300592422485e-01 7.702891528606414795e-02
1.464534997940063477e-01 3.987209498882293701e-01 3.777540475130081177e-01 7.707150280475616455e-02
1.464324593544006348e-01 3.987003564834594727e-01 3.777837231755256653e-01 7.708346098661422729e-02
1.464486718177795410e-01 3.987160921096801758e-01 3.777609467506408691e-01 7.707428932189941406e-02
1.571847796440124512e-01 4.085717201232910156e-01 3.628968149423599243e-01 7.134668529033660889e-02
1.571230888366699219e-01 4.085188806056976318e-01 3.629804551601409912e-01 7.137757539749145508e-02
1.571866869926452637e-01 4.085732400417327881e-01 3.628943189978599548e-01 7.134575396776199341e-02
1.572801470756530762e-01 4.086531698703765869e-01 3.627676516771316528e-01 7.129903137683868408e-02
1.571022272109985352e-01 4.085011184215545654e-01 3.630086556077003479e-01 7.138799875974655151e-02
1.571927666664123535e-01 4.085784852504730225e-01 3.628860414028167725e-01 7.134270668029785156e-02
1.572768092155456543e-01 4.086504280567169189e-01 3.627721071243286133e-01 7.130065560340881348e-02
1.571463346481323242e-01 4.085389673709869385e-01 3.629487976431846619e-01 7.136590033769607544e-02
1.572127342224121094e-01 4.085956513881683350e-01 3.628589212894439697e-01 7.133269309997558594e-02
1.570895314216613770e-01 4.084902107715606689e-01 3.630258738994598389e-01 7.139438390731811523e-02
1.571078300476074219e-01 4.085058569908142090e-01 3.630011007189750671e-01 7.138521224260330200e-02
6.580862104892730713e-01 2.726891711354255676e-01 6.183518748730421066e-02 7.389430887997150421e-03
1.571103334426879883e-01 4.085081219673156738e-01 3.629976287484169006e-01 7.138391584157943726e-02
1.572550535202026367e-01 4.086318016052246094e-01 3.628016114234924316e-01 7.131153345108032227e-02
1.572262048721313477e-01 4.086071252822875977e-01 3.628407046198844910e-01 7.132596522569656372e-02
4.329890012741088867e-02 1.969199776649475098e-01 5.193187147378921509e-01 2.404624074697494507e-01
8.505845069885253906e-02 3.086767792701721191e-01 4.727216660976409912e-01 1.335431039333343506e-01
1.570647954940795898e-01 4.084691107273101807e-01 3.630593493580818176e-01 7.140674442052841187e-02
1.572395563125610352e-01 4.086185693740844727e-01 3.628226071596145630e-01 7.131926715373992920e-02
1.524109244346618652e-01 4.043601751327514648e-01 3.694263473153114319e-01 7.380255311727523804e-02
1.412653923034667969e-01 3.934448361396789551e-01 3.851677849888801575e-01 8.012198656797409058e-02
1.526237726211547852e-01 4.045538306236267090e-01 3.691323772072792053e-01 7.369001954793930054e-02
1.524066329002380371e-01 4.043563604354858398e-01 3.694322034716606140e-01 7.380480319261550903e-02
1.750505566596984863e-01 4.221073985099792480e-01 3.395886123180389404e-01 6.325343251228332520e-02
1.524308323860168457e-01 4.043784141540527344e-01 3.693987578153610229e-01 7.379199564456939697e-02
1.524494290351867676e-01 4.043953120708465576e-01 3.693731054663658142e-01 7.378215342760086060e-02
1.525941491127014160e-01 4.045267701148986816e-01 3.691733703017234802e-01 7.370571047067642212e-02
1.524141430854797363e-01 4.043631851673126221e-01 3.694218471646308899e-01 7.380082458257675171e-02
1.523870229721069336e-01 4.043385386466979980e-01 3.694592714309692383e-01 7.381516695022583008e-02
1.524699926376342773e-01 4.044139385223388672e-01 3.693447634577751160e-01 7.377130538225173950e-02
1.527445912361145020e-01 4.046633243560791016e-01 3.689657598733901978e-01 7.362632453441619873e-02
1.525714993476867676e-01 4.045063555240631104e-01 3.692045211791992188e-01 7.371762394905090332e-02
1.526367664337158203e-01 4.045656025409698486e-01 3.691144660115242004e-01 7.368316501379013062e-02
1.526038646697998047e-01 4.045356810092926025e-01 3.691599071025848389e-01 7.370054721832275391e-02
7.232183218002319336e-02 2.802678346633911133e-01 4.921533912420272827e-01 1.552569419145584106e-01
4.559989571571350098e-01 3.981379866600036621e-01 1.290567070245742798e-01 1.680634915828704834e-02
1.523859500885009766e-01 4.043375849723815918e-01 3.694607391953468323e-01 7.381572574377059937e-02
1.524173021316528320e-01 4.043661057949066162e-01 3.694174587726593018e-01 7.379913330078125000e-02
1.495020985603332520e-01 4.016613364219665527e-01 3.734675869345664978e-01 7.536897808313369751e-02
1.495783925056457520e-01 4.017334282398223877e-01 3.733609616756439209e-01 7.532721757888793945e-02
1.494517922401428223e-01 4.016136825084686279e-01 3.735379278659820557e-01 7.539659738540649414e-02
9.082710742950439453e-02 3.202067017555236816e-01 4.635305404663085938e-01 1.254356503486633301e-01
1.494376063346862793e-01 4.016003608703613281e-01 3.735576793551445007e-01 7.540435343980789185e-02
1.493561863899230957e-01 4.015231132507324219e-01 3.736716285347938538e-01 7.544907182455062866e-02
1.494529247283935547e-01 4.016148149967193604e-01 3.735362961888313293e-01 7.539596408605575562e-02
1.493685841560363770e-01 4.015350043773651123e-01 3.736542016267776489e-01 7.544220983982086182e-02
1.494088768959045410e-01 4.015730917453765869e-01 3.735978975892066956e-01 7.542013376951217651e-02
1.494023799896240234e-01 4.015670418739318848e-01 3.736069202423095703e-01 7.542365789413452148e-02
1.084818840026855469e-01 3.509925007820129395e-01 4.351777881383895874e-01 1.053478270769119263e-01
1.495040655136108398e-01 4.016633033752441406e-01 3.734647482633590698e-01 7.536788284778594971e-02
7.117906808853149414e-01 2.334235422313213348e-01 4.901755880564451218e-02 5.768218077719211578e-03
8.676952123641967773e-02 3.121788501739501953e-01 4.700096994638442993e-01 1.310419291257858276e-01
1.497758626937866211e-01 4.019198119640350342e-01 3.730851411819458008e-01 7.521918416023254395e-02
1.494649052619934082e-01 4.016262292861938477e-01 3.735195174813270569e-01 7.538934797048568726e-02
1.494346261024475098e-01 4.015974998474121094e-01 3.735618814826011658e-01 7.540599256753921509e-02
1.493703722953796387e-01 4.015366733074188232e-01 3.736516982316970825e-01 7.544125616550445557e-02
1.494716405868530273e-01 4.016326367855072021e-01 3.735100626945495605e-01 7.538565993309020996e-02
1.507155299186706543e-01 4.027996361255645752e-01 3.717759922146797180e-01 7.470884174108505249e-02
1.506532430648803711e-01 4.027417004108428955e-01 3.718625679612159729e-01 7.474248856306076050e-02
1.505644321441650391e-01 4.026588499546051025e-01 3.719861805438995361e-01 7.479053735733032227e-02
1.505793929100036621e-01 4.026727974414825439e-01 3.719653636217117310e-01 7.478244602680206299e-02
1.506425142288208008e-01 4.027316868305206299e-01 3.718775212764739990e-01 7.474827766418457031e-02
1.505334377288818359e-01 4.026299715042114258e-01 3.720293119549751282e-01 7.480727881193161011e-02
1.507824063301086426e-01 4.028618633747100830e-01 3.716829791665077209e-01 7.467275112867355347e-02
1.506676673889160156e-01 4.027551412582397461e-01 3.718425035476684570e-01 7.473468780517578125e-02
1.507681012153625488e-01 4.028486907482147217e-01 3.717027753591537476e-01 7.468043267726898193e-02
1.506860256195068359e-01 4.027722477912902832e-01 3.718169629573822021e-01 7.472476363182067871e-02
1.505540013313293457e-01 4.026491045951843262e-01 3.720007240772247314e-01 7.479616999626159668e-02
1.505221128463745117e-01 4.026193618774414062e-01 3.720450922846794128e-01 7.481343299150466919e-02
1.506736278533935547e-01 4.027606844902038574e-01 3.718342110514640808e-01 7.473147660493850708e-02
1.507149338722229004e-01 4.027991294860839844e-01 3.717767819762229919e-01 7.470915466547012329e-02
1.505650281906127930e-01 4.026595056056976318e-01 3.719852864742279053e-01 7.479017972946166992e-02
1.055456399917602539e-01 3.463072776794433594e-01 4.398678243160247803e-01 1.082792580127716064e-01
1.068180203437805176e-01 3.483576774597167969e-01 4.378327578306198120e-01 1.069915443658828735e-01
1.505417227745056152e-01 4.026376903057098389e-01 3.720177784562110901e-01 7.480280846357345581e-02
1.506240963935852051e-01 4.027146100997924805e-01 3.719030693173408508e-01 7.475822418928146362e-02
1.616793870925903320e-01 4.122983813285827637e-01 3.568661287426948547e-01 6.915610283613204956e-02
1.615900397300720215e-01 4.122262895107269287e-01 3.569850698113441467e-01 6.919860094785690308e-02
1.618484258651733398e-01 4.124340116977691650e-01 3.566416203975677490e-01 6.907594203948974609e-02
1.618540287017822266e-01 4.124386012554168701e-01 3.566341325640678406e-01 6.907323747873306274e-02
1.616609692573547363e-01 4.122833907604217529e-01 3.568907603621482849e-01 6.916487962007522583e-02
1.615727543830871582e-01 4.122124910354614258e-01 3.570079579949378967e-01 6.920679658651351929e-02
1.616227626800537109e-01 4.122526645660400391e-01 3.569415286183357239e-01 6.918304413557052612e-02
5.359864234924316406e-02 2.298826575279235840e-01 5.146036744117736816e-01 2.019150257110595703e-01
1.301955580711364746e-01 3.809658586978912354e-01 4.014766216278076172e-01 8.736196160316467285e-02
7.171726226806640625e-02 2.788102030754089355e-01 4.930254220962524414e-01 1.564471125602722168e-01
1.615982055664062500e-01 4.122329354286193848e-01 3.569741621613502502e-01 6.919469684362411499e-02
1.615911126136779785e-01 4.122271835803985596e-01 3.569835945963859558e-01 6.919810920953750610e-02
1.616496443748474121e-01 4.122743606567382812e-01 3.569057360291481018e-01 6.917025893926620483e-02
1.322005987167358398e-01 3.833553493022918701e-01 3.984744399785995483e-01 8.596961200237274170e-02
1.617314219474792480e-01 4.123401343822479248e-01 3.567970469594001770e-01 6.913139671087265015e-02
8.261108398437500000e-02 3.035439252853393555e-01 4.765715003013610840e-01 1.372734904289245605e-01
4.721177816390991211e-01 3.899104893207550049e-01 1.222035158425569534e-01 1.576821319758892059e-02
1.616282463073730469e-01 4.122570753097534180e-01 3.569342270493507385e-01 6.918045133352279663e-02
1.616929173469543457e-01 4.123091101646423340e-01 3.568482547998428345e-01 6.914971768856048584e-02
1.641321182250976562e-01 4.142377972602844238e-01 3.536228835582733154e-01 6.800720095634460449e-02
1.641206741333007812e-01 4.142289459705352783e-01 3.536378890275955200e-01 6.801249086856842041e-02
1.640660762786865234e-01 4.141863882541656494e-01 3.537098020315170288e-01 6.803773343563079834e-02
1.641157269477844238e-01 4.142248928546905518e-01 3.536445647478103638e-01 6.801481544971466064e-02
1.644512414932250977e-01 4.144852757453918457e-01 3.532034307718276978e-01 6.786005198955535889e-02
1.640681624412536621e-01 4.141878783702850342e-01 3.537071719765663147e-01 6.803678721189498901e-02
1.641917228698730469e-01 4.142840504646301270e-01 3.535445258021354675e-01 6.797970086336135864e-02
1.645434498786926270e-01 4.145566225051879883e-01 3.530822992324829102e-01 6.781762838363647461e-02
1.640805602073669434e-01 4.141976535320281982e-01 3.536907359957695007e-01 6.803105026483535767e-02
1.474770903587341309e-01 3.997211158275604248e-01 3.763090521097183228e-01 7.649274170398712158e-02
1.640948653221130371e-01 4.142087996006011963e-01 3.536719083786010742e-01 6.802442669868469238e-02
2.376912236213684082e-01 4.476665854454040527e-01 2.707078792154788971e-01 4.393431171774864197e-02
1.057262420654296875e-01 3.466002345085144043e-01 4.395787119865417480e-01 1.080948114395141602e-01
1.640700697898864746e-01 4.141894876956939697e-01 3.537045568227767944e-01 6.803588569164276123e-02
1.640949845314025879e-01 4.142088294029235840e-01 3.536718040704727173e-01 6.802438199520111084e-02
1.640916466712951660e-01 4.142063260078430176e-01 3.536761179566383362e-01 6.802590936422348022e-02
8.178436756134033203e-02 3.017762899398803711e-01 4.778628498315811157e-01 1.385764926671981812e-01
1.640973687171936035e-01 4.142107963562011719e-01 3.536685854196548462e-01 6.802324950695037842e-02
1.642200350761413574e-01 4.143061637878417969e-01 3.535072132945060730e-01 6.796658784151077271e-02
1.522524356842041016e-01 4.042157828807830811e-01 3.696452900767326355e-01 7.388649135828018188e-02
1.521267890930175781e-01 4.041013121604919434e-01 3.698188140988349915e-01 7.395308464765548706e-02
1.522497534751892090e-01 4.042135477066040039e-01 3.696488291025161743e-01 7.388786971569061279e-02
7.906814515590667725e-01 1.728066541254520416e-01 3.273303946480154991e-02 3.778854850679636002e-03
1.521171927452087402e-01 4.040924012660980225e-01 3.698321953415870667e-01 7.395821064710617065e-02
1.521202921867370605e-01 4.040953218936920166e-01 3.698278367519378662e-01 7.395654916763305664e-02
1.522199511528015137e-01 4.041863083839416504e-01 3.696900606155395508e-01 7.390367984771728516e-02
8.061194419860839844e-02 2.992399930953979492e-01 4.796849936246871948e-01 1.404630690813064575e-01
1.521858572959899902e-01 4.041551351547241211e-01 3.697372302412986755e-01 7.392177730798721313e-02
1.521199345588684082e-01 4.040949642658233643e-01 3.698283582925796509e-01 7.395674288272857666e-02
6.979314386844635010e-01 2.437282726168632507e-01 5.217709159478545189e-02 6.163197103887796402e-03
1.522952914237976074e-01 4.042548537254333496e-01 3.695860654115676880e-01 7.386378943920135498e-02
6.512376964092254639e-01 2.775601446628570557e-01 6.358718173578381538e-02 7.614977192133665085e-03
1.308792233467102051e-01 3.817871510982513428e-01 4.004506990313529968e-01 8.688292652368545532e-02
1.522873044013977051e-01 4.042476415634155273e-01 3.695970550179481506e-01 7.386799901723861694e-02
1.522352695465087891e-01 4.042003452777862549e-01 3.696688488125801086e-01 7.389553636312484741e-02
1.522297859191894531e-01 4.041953086853027344e-01 3.696764633059501648e-01 7.389844208955764771e-02
1.521010994911193848e-01 4.040776789188385010e-01 3.698544502258300781e-01 7.396677136421203613e-02
1.521171927452087402e-01 4.040924310684204102e-01 3.698321655392646790e-01 7.395821064710617065e-02
1.511059403419494629e-01 4.031620919704437256e-01 3.712334856390953064e-01 7.449848204851150513e-02
1.509553194046020508e-01 4.030225276947021484e-01 3.714426383376121521e-01 7.457951456308364868e-02
1.509554386138916016e-01 4.030224978923797607e-01 3.714425787329673767e-01 7.457948476076126099e-02
1.509523391723632812e-01 4.030197262763977051e-01 3.714468032121658325e-01 7.458113133907318115e-02
1.509782671928405762e-01 4.030437767505645752e-01 3.714107796549797058e-01 7.456717640161514282e-02
1.511466503143310547e-01 4.031999409198760986e-01 3.711768388748168945e-01 7.447656989097595215e-02
1.509566903114318848e-01 4.030238091945648193e-01 3.714407235383987427e-01 7.457877695560455322e-02
1.511391997337341309e-01 4.031929075717926025e-01 3.711872696876525879e-01 7.448062300682067871e-02
1.509554982185363770e-01 4.030227363109588623e-01 3.714423626661300659e-01 7.457940280437469482e-02
3.021434545516967773e-01 4.493834674358367920e-01 2.164390645921230316e-01 3.203401342034339905e-02
1.509699225425720215e-01 4.030361473560333252e-01 3.714222982525825500e-01 7.457163184881210327e-02
1.509695053100585938e-01 4.030357003211975098e-01 3.714229092001914978e-01 7.457188516855239868e-02
8.207290768623352051e-01 1.489515248686075211e-01 2.719942270778119564e-02 3.119975561276078224e-03
1.509554386138916016e-01 4.030225872993469238e-01 3.714425042271614075e-01 7.457946985960006714e-02
5.579084157943725586e-02 2.363821864128112793e-01 5.126589834690093994e-01 1.951679885387420654e-01
7.586552649736404419e-01 1.977900043129920959e-01 3.901723166927695274e-02 4.537499044090509415e-03
1.511340141296386719e-01 4.031882286071777344e-01 3.711943998932838440e-01 7.448335736989974976e-02
1.509562134742736816e-01 4.030233323574066162e-01 3.714414164423942566e-01 7.457903772592544556e-02
1.512442231178283691e-01 4.032901227474212646e-01 3.710414543747901917e-01 7.442419975996017456e-02
1.515731215476989746e-01 4.035933613777160645e-01 3.705854341387748718e-01 7.424808293581008911e-02
1.514304876327514648e-01 4.034620523452758789e-01 3.707830831408500671e-01 7.432437688112258911e-02
1.515560150146484375e-01 4.035777747631072998e-01 3.706090152263641357e-01 7.425719499588012695e-02
1.516523957252502441e-01 4.036663472652435303e-01 3.704755231738090515e-01 7.420573383569717407e-02
1.514410376548767090e-01 4.034717679023742676e-01 3.707684651017189026e-01 7.431872934103012085e-02
7.400841712951660156e-01 2.120493650436401367e-01 4.285955149680376053e-02 5.006912164390087128e-03
1.514943838119506836e-01 4.035210013389587402e-01 3.706944510340690613e-01 7.429016381502151489e-02
1.514607667922973633e-01 4.034898877143859863e-01 3.707411587238311768e-01 7.430818676948547363e-02
1.517399549484252930e-01 4.037468433380126953e-01 3.703542202711105347e-01 7.415898144245147705e-02
1.391770243644714355e-01 3.912208080291748047e-01 3.881941065192222595e-01 8.140806108713150024e-02
1.514247059822082520e-01 4.034568071365356445e-01 3.707910478115081787e-01 7.432743906974792480e-02
1.515833139419555664e-01 4.036028981208801270e-01 3.705711737275123596e-01 7.424261420965194702e-02
1.514607667922973633e-01 4.034898281097412109e-01 3.707412034273147583e-01 7.430820167064666748e-02
1.527063250541687012e-01 4.046286642551422119e-01 3.690185323357582092e-01 7.364647835493087769e-02
1.515819430351257324e-01 4.036015272140502930e-01 3.705731630325317383e-01 7.424336671829223633e-02
1.515430808067321777e-01 4.035657644271850586e-01 3.706270083785057068e-01 7.426414638757705688e-02
1.514965295791625977e-01 4.035229682922363281e-01 3.706914857029914856e-01 7.428901642560958862e-02
7.613227516412734985e-01 1.957276761531829834e-01 3.847765270620584488e-02 4.471919499337673187e-03
1.514434218406677246e-01 4.034739434719085693e-01 3.707651644945144653e-01 7.431747019290924072e-02
1.594830751419067383e-01 4.105055928230285645e-01 3.597989156842231750e-01 7.021241635084152222e-02
1.591278910636901855e-01 4.102106988430023193e-01 3.602756857872009277e-01 7.038572430610656738e-02
1.591538786888122559e-01 4.102321565151214600e-01 3.602409064769744873e-01 7.037305831909179688e-02
1.593627929687500000e-01 4.104057550430297852e-01 3.599604144692420959e-01 7.027103751897811890e-02
1.591342687606811523e-01 4.102158546447753906e-01 3.602672293782234192e-01 7.038264721632003784e-02
1.591461300849914551e-01 4.102257490158081055e-01 3.602512776851654053e-01 7.037684321403503418e-02
1.591337919235229492e-01 4.102156460285186768e-01 3.602677285671234131e-01 7.038283348083496094e-02
1.592782735824584961e-01 4.103356301784515381e-01 3.600738197565078735e-01 7.031227648258209229e-02
1.592199802398681641e-01 4.102871716022491455e-01 3.601520881056785583e-01 7.034076005220413208e-02
7.397771179676055908e-01 2.122836485505104065e-01 4.292436642572283745e-02 5.014867056161165237e-03
1.591306328773498535e-01 4.102128744125366211e-01 3.602721020579338074e-01 7.038439065217971802e-02
1.591878533363342285e-01 4.102604091167449951e-01 3.601952716708183289e-01 7.035646587610244751e-02
1.592565178871154785e-01 4.103176295757293701e-01 3.601029738783836365e-01 7.032287865877151489e-02
1.592149138450622559e-01 4.102829992771148682e-01 3.601588681340217590e-01 7.034321874380111694e-02
7.726520150899887085e-01 1.869303137063980103e-01 3.621932445093989372e-02 4.198346752673387527e-03
1.616922020912170410e-01 4.123086035251617432e-01 3.568491712212562561e-01 6.915002316236495972e-02
1.594158411026000977e-01 4.104498326778411865e-01 3.598891422152519226e-01 7.024518400430679321e-02
1.591134071350097656e-01 4.101985692977905273e-01 3.602952063083648682e-01 7.039281725883483887e-02
1.591113805770874023e-01 4.101969301700592041e-01 3.602978736162185669e-01 7.039381563663482666e-02
1.540585756301879883e-01 4.058440625667572021e-01 3.671581670641899109e-01 7.293919473886489868e-02
5.705513358116149902e-01 3.321832343935966492e-01 8.659563306719064713e-02 1.066979672759771347e-02
8.029712140560150146e-01 1.630960442125797272e-01 3.042922844178974628e-02 3.503513289615511894e-03
1.540392041206359863e-01 4.058268964290618896e-01 3.671846911311149597e-01 7.294920831918716431e-02
1.540189385414123535e-01 4.058087170124053955e-01 3.672125861048698425e-01 7.295975834131240845e-02
1.540215015411376953e-01 4.058109223842620850e-01 3.672091290354728699e-01 7.295844703912734985e-02
1.540204286575317383e-01 4.058100581169128418e-01 3.672105297446250916e-01 7.295898348093032837e-02
1.540373563766479492e-01 4.058249890804290771e-01 3.671874105930328369e-01 7.295024394989013672e-02
1.540201306343078613e-01 4.058096706867218018e-01 3.672110214829444885e-01 7.295917719602584839e-02
1.540203094482421875e-01 4.058099985122680664e-01 3.672106489539146423e-01 7.295904308557510376e-02
1.541405320167541504e-01 4.059170186519622803e-01 3.670457527041435242e-01 7.289669662714004517e-02
1.540188193321228027e-01 4.058085680007934570e-01 3.672127723693847656e-01 7.295984029769897461e-02
1.540203094482421875e-01 4.058098196983337402e-01 3.672107979655265808e-01 7.295907288789749146e-02
1.540743112564086914e-01 4.058580398559570312e-01 3.671366274356842041e-01 7.293102145195007324e-02
5.544146895408630371e-01 3.424079269170761108e-01 9.179267939180135727e-02 1.138470415025949478e-02
1.540201306343078613e-01 4.058096706867218018e-01 3.672110214829444885e-01 7.295917719602584839e-02
8.886252865195274353e-01 9.374979510903358459e-02 1.583230344112962484e-02 1.792614930309355259e-03
1.540205478668212891e-01 4.058101773262023926e-01 3.672103583812713623e-01 7.295891642570495605e-02
1.540415883064270020e-01 4.058288931846618652e-01 3.671815022826194763e-01 7.294801622629165649e-02
1.553127765655517578e-01 4.069520533084869385e-01 3.654419481754302979e-01 7.229322195053100586e-02
1.552640795707702637e-01 4.069091677665710449e-01 3.655085638165473938e-01 7.231818884611129761e-02
1.556770801544189453e-01 4.072704017162322998e-01 3.649450987577438354e-01 7.210741937160491943e-02
7.407516539096832275e-01 2.115399092435836792e-01 4.271879605948925018e-02 4.989640787243843079e-03
1.552485823631286621e-01 4.068957865238189697e-01 3.655295521020889282e-01 7.232607901096343994e-02
1.552866697311401367e-01 4.069291651248931885e-01 3.654775843024253845e-01 7.230658084154129028e-02
2.033041119575500488e-01 4.373291730880737305e-01 3.062025047838687897e-01 5.316421017050743103e-02
1.552473902702331543e-01 4.068947434425354004e-01 3.655311837792396545e-01 7.232668250799179077e-02
1.553353667259216309e-01 4.069717228412628174e-01 3.654111996293067932e-01 7.228171080350875854e-02
1.560268402099609375e-01 4.075745940208435059e-01 3.644688129425048828e-01 7.192975282669067383e-02
1.553132534027099609e-01 4.069522917270660400e-01 3.654414191842079163e-01 7.229303568601608276e-02
1.553056836128234863e-01 4.069457054138183594e-01 3.654517084360122681e-01 7.229690253734588623e-02
8.330097943544387817e-01 1.390946097671985626e-01 2.503146068193018436e-02 2.864135196432471275e-03
3.307551145553588867e-01 4.446543306112289429e-01 1.964154969900846481e-01 2.817505784332752228e-02
1.554016470909118652e-01 4.070298671722412109e-01 3.653206601738929749e-01 7.224782556295394897e-02
1.553856730461120605e-01 4.070158302783966064e-01 3.653424903750419617e-01 7.225600630044937134e-02
1.552639007568359375e-01 4.069091677665710449e-01 3.655086904764175415e-01 7.231824100017547607e-02
1.552494168281555176e-01 4.068965017795562744e-01 3.655284196138381958e-01 7.232566177845001221e-02
1.552675366401672363e-01 4.069124460220336914e-01 3.655036538839340210e-01 7.231636345386505127e-02
1.622654795646667480e-01 4.127676486968994141e-01 3.560881838202476501e-01 6.887868791818618774e-02
1.622068881988525391e-01 4.127209782600402832e-01 3.561658114194869995e-01 6.890632212162017822e-02
1.621705889701843262e-01 4.126918911933898926e-01 3.562140315771102905e-01 6.892348825931549072e-02
1.621739864349365234e-01 4.126947224140167236e-01 3.562094271183013916e-01 6.892186403274536133e-02
1.622501611709594727e-01 4.127553403377532959e-01 3.561085462570190430e-01 6.888595223426818848e-02
1.622641086578369141e-01 4.127666652202606201e-01 3.560899123549461365e-01 6.887931376695632935e-02
1.621730923652648926e-01 4.126938879489898682e-01 3.562107086181640625e-01 6.892231106758117676e-02
1.625238656997680664e-01 4.129734933376312256e-01 3.557457029819488525e-01 6.875693798065185547e-02
1.621735095977783203e-01 4.126942157745361328e-01 3.562101647257804871e-01 6.892210990190505981e-02
1.624605059623718262e-01 4.129230976104736328e-01 3.558296263217926025e-01 6.878677010536193848e-02
1.621726751327514648e-01 4.126935005187988281e-01 3.562113195657730103e-01 6.892250478267669678e-02
7.858330458402633667e-01 1.766192652285099030e-01 3.365788399241864681e-02 3.889804938808083534e-03
3.878328800201416016e-01 4.278628528118133545e-01 1.621880494058132172e-01 2.211621776223182678e-02
1.621727347373962402e-01 4.126937091350555420e-01 3.562111109495162964e-01 6.892244517803192139e-02
1.621893048286437988e-01 4.127068519592285156e-01 3.561891987919807434e-01 6.891464442014694214e-02
1.621958613395690918e-01 4.127120673656463623e-01 3.561805188655853271e-01 6.891155242919921875e-02
1.395131945610046387e-01 3.915828764438629150e-01 3.877052739262580872e-01 8.119865506887435913e-02
1.621876358985900879e-01 4.127056300640106201e-01 3.561913222074508667e-01 6.891541182994842529e-02
1.621854901313781738e-01 4.127037227153778076e-01 3.561943024396896362e-01 6.891648471355438232e-02
1.797125339508056641e-01 4.251070320606231689e-01 3.337939307093620300e-01 6.138650327920913696e-02
1.499176025390625000e-01 4.020531773567199707e-01 3.728873878717422485e-01 7.514183223247528076e-02
1.496218442916870117e-01 4.017745256423950195e-01 3.733002245426177979e-01 7.530340552330017090e-02
1.496197581291198730e-01 4.017725884914398193e-01 3.733031153678894043e-01 7.530453801155090332e-02
1.497530341148376465e-01 4.018982648849487305e-01 3.731170445680618286e-01 7.523165643215179443e-02
1.496627926826477051e-01 4.018131196498870850e-01 3.732430711388587952e-01 7.528101652860641479e-02
1.496830582618713379e-01 4.018321633338928223e-01 3.732148334383964539e-01 7.526994496583938599e-02
1.621732711791992188e-01 4.126940369606018066e-01 3.562104627490043640e-01 6.892222911119461060e-02
1.496201157569885254e-01 4.017727971076965332e-01 3.733027204871177673e-01 7.530436664819717407e-02
1.498425602912902832e-01 4.019825458526611328e-01 3.729921057820320129e-01 7.518278807401657104e-02
1.496739387512207031e-01 4.018236398696899414e-01 3.732274994254112244e-01 7.527492195367813110e-02
1.497115492820739746e-01 4.018591046333312988e-01 3.731750026345252991e-01 7.525434345006942749e-02
5.456316769123077393e-01 3.478605970740318298e-01 9.471659455448389053e-02 1.179113145917654037e-02
1.496227383613586426e-01 4.017752707004547119e-01 3.732990473508834839e-01 7.530294358730316162e-02
1.496206521987915039e-01 4.017733037471771240e-01 3.733019679784774780e-01 7.530407607555389404e-02
1.575579643249511719e-01 4.088897407054901123e-01 3.623918294906616211e-01 7.116046547889709473e-02
1.498491764068603516e-01 4.019887447357177734e-01 3.729828894138336182e-01 7.517918944358825684e-02
1.496509909629821777e-01 4.018020331859588623e-01 3.732595220208168030e-01 7.528745383024215698e-02
1.498642563819885254e-01 4.020029902458190918e-01 3.729618191719055176e-01 7.517093420028686523e-02
1.541587114334106445e-01 4.059332609176635742e-01 3.670207709074020386e-01 7.288725674152374268e-02
1.541615128517150879e-01 4.059356153011322021e-01 3.670170381665229797e-01 7.288583368062973022e-02
1.540937423706054688e-01 4.058753848075866699e-01 3.671099394559860229e-01 7.292093336582183838e-02
1.541114449501037598e-01 4.058910906314849854e-01 3.670856878161430359e-01 7.291177660226821899e-02
1.543653011322021484e-01 4.061167538166046143e-01 3.667376264929771423e-01 7.278031855821609497e-02
1.540938019752502441e-01 4.058755040168762207e-01 3.671097904443740845e-01 7.292090356349945068e-02
1.540927886962890625e-01 4.058744907379150391e-01 3.671112731099128723e-01 7.292144745588302612e-02
1.545413136482238770e-01 4.062726497650146484e-01 3.664966076612472534e-01 7.268942892551422119e-02
1.540945768356323242e-01 4.058761596679687500e-01 3.671087473630905151e-01 7.292051613330841064e-02
1.542400121688842773e-01 4.060054421424865723e-01 3.669093921780586243e-01 7.284515351057052612e-02
1.540938019752502441e-01 4.058754146099090576e-01 3.671098649501800537e-01 7.292091846466064453e-02
1.241930127143859863e-01 3.734508752822875977e-01 4.105852246284484863e-01 9.177088737487792969e-02
9.850098723545670509e-01 1.281641842797398567e-02 1.955703221028670669e-03 2.180059964302927256e-04
1.540945768356323242e-01 4.058761000633239746e-01 3.671088069677352905e-01 7.292051613330841064e-02
1.541096568107604980e-01 4.058894515037536621e-01 3.670881763100624084e-01 7.291271537542343140e-02
1.540933847427368164e-01 4.058750867843627930e-01 3.671104013919830322e-01 7.292112708091735840e-02
1.544907689094543457e-01 4.062279760837554932e-01 3.665657564997673035e-01 7.271549850702285767e-02
1.541252136230468750e-01 4.059033393859863281e-01 3.670668229460716248e-01 7.290462404489517212e-02
1.541301608085632324e-01 4.059077799320220947e-01 3.670599833130836487e-01 7.290207594633102417e-02
1.515960693359375000e-01 4.036146104335784912e-01 3.705535233020782471e-01 7.423579692840576172e-02
1.516092419624328613e-01 4.036265313625335693e-01 3.705354109406471252e-01 7.422881573438644409e-02
1.515960693359375000e-01 4.036145806312561035e-01 3.705535382032394409e-01 7.423581182956695557e-02
1.515954136848449707e-01 4.036139249801635742e-01 3.705544844269752502e-01 7.423617690801620483e-02
1.516091227531433105e-01 4.036266207695007324e-01 3.705354407429695129e-01 7.422881573438644409e-02
1.518278121948242188e-01 4.038274586200714111e-01 3.702325820922851562e-01 7.411214709281921387e-02
1.081294417381286621e-01 3.504388928413391113e-01 4.357394352555274963e-01 1.056922301650047302e-01
1.515956521034240723e-01 4.036142528057098389e-01 3.705540895462036133e-01 7.423600554466247559e-02
4.042092561721801758e-01 4.215588867664337158e-01 1.535490620881319046e-01 2.068279497325420380e-02
1.516898870468139648e-01 4.037008583545684814e-01 3.704235553741455078e-01 7.418569922447204590e-02
1.515959501266479492e-01 4.036143720149993896e-01 3.705537915229797363e-01 7.423588633537292480e-02
1.515951752662658691e-01 4.036137759685516357e-01 3.705547824501991272e-01 7.423626631498336792e-02
1.516488790512084961e-01 4.036630690097808838e-01 3.704804405570030212e-01 7.420761138200759888e-02
1.515954732894897461e-01 4.036140441894531250e-01 3.705543652176856995e-01 7.423611730337142944e-02
2.178237438201904297e-01 4.426688253879547119e-01 2.905736789107322693e-01 4.893375188112258911e-02
1.516095399856567383e-01 4.036270976066589355e-01 3.705347925424575806e-01 7.422856986522674561e-02
1.516773700714111328e-01 4.036892652511596680e-01 3.704409673810005188e-01 7.419239729642868042e-02
1.516097187995910645e-01 4.036272466182708740e-01 3.705345466732978821e-01 7.422848790884017944e-02
8.840543031692504883e-02 3.154616951942443848e-01 4.674044251441955566e-01 1.287284493446350098e-01
1.551131010055541992e-01 4.067769050598144531e-01 3.657145574688911438e-01 7.239543646574020386e-02
1.551449298858642578e-01 4.068047702312469482e-01 3.656711578369140625e-01 7.237914204597473145e-02
1.554030179977416992e-01 4.070309698581695557e-01 3.653188571333885193e-01 7.224715501070022583e-02
1.551062464714050293e-01 4.067707955837249756e-01 3.657239973545074463e-01 7.239896059036254883e-02
1.551072001457214355e-01 4.067715406417846680e-01 3.657227456569671631e-01 7.239851355552673340e-02
1.550661325454711914e-01 4.067355990409851074e-01 3.657787442207336426e-01 7.241952419281005859e-02
1.032529473304748535e-01 3.425340056419372559e-01 4.435432925820350647e-01 1.106697544455528259e-01
1.550713181495666504e-01 4.067401885986328125e-01 3.657716363668441772e-01 7.241685688495635986e-02
1.551138162612915039e-01 4.067774415016174316e-01 3.657136559486389160e-01 7.239508628845214844e-02
3.515223860740661621e-01 4.395711719989776611e-01 1.831544972956180573e-01 2.575194463133811951e-02
1.550577878952026367e-01 4.067282676696777344e-01 3.657901436090469360e-01 7.242380082607269287e-02
1.554732918739318848e-01 4.070923328399658203e-01 3.652230724692344666e-01 7.221130281686782837e-02
8.336966484785079956e-01 1.385415587574243546e-01 2.491174777969717979e-02 2.850044984370470047e-03
1.281909346580505371e-01 3.785171806812286377e-01 4.044987186789512634e-01 8.879316598176956177e-02
1.552499532699584961e-01 4.068968892097473145e-01 3.655277565121650696e-01 7.232540100812911987e-02
1.550977230072021484e-01 4.067632853984832764e-01 3.657356426119804382e-01 7.240334898233413696e-02
1.550467610359191895e-01 4.067184329032897949e-01 3.658053204417228699e-01 7.242948561906814575e-02
1.550475358963012695e-01 4.067191481590270996e-01 3.658042177557945251e-01 7.242909818887710571e-02
1.551054716110229492e-01 4.067701995372772217e-01 3.657249808311462402e-01 7.239934802055358887e-02
1.588109731674194336e-01 4.099462032318115234e-01 3.607017993927001953e-01 7.054102420806884766e-02
7.692039012908935547e-02 2.910202741622924805e-01 4.853397309780120850e-01 1.467196047306060791e-01
1.585410833358764648e-01 4.097202420234680176e-01 3.610650077462196350e-01 7.067366689443588257e-02
1.585606336593627930e-01 4.097365736961364746e-01 3.610387444496154785e-01 7.066404819488525391e-02
1.585199832916259766e-01 4.097024202346801758e-01 3.610935360193252563e-01 7.068406045436859131e-02
6.440779268741607666e-01 2.826168313622474670e-01 6.544945668429136276e-02 7.855785079300403595e-03
1.585367918014526367e-01 4.097166359424591064e-01 3.610708117485046387e-01 7.067576050758361816e-02
1.585221290588378906e-01 4.097041785717010498e-01 3.610906600952148438e-01 7.068303227424621582e-02
1.585208773612976074e-01 4.097031354904174805e-01 3.610923290252685547e-01 7.068365812301635742e-02
1.585230231285095215e-01 4.097049832344055176e-01 3.610894307494163513e-01 7.068256288766860962e-02
1.585214734077453613e-01 4.097036719322204590e-01 3.610915094614028931e-01 7.068334519863128662e-02
8.299586176872253418e-01 1.415491625666618347e-01 2.556521515361964703e-02 2.927004592493176460e-03
1.586318612098693848e-01 4.097962081432342529e-01 3.609429150819778442e-01 7.062901556491851807e-02
1.585231423377990723e-01 4.097050428390502930e-01 3.610892891883850098e-01 7.068252563476562500e-02
8.522171378135681152e-01 1.235610451549291611e-01 2.174328640103340149e-02 2.478530630469322205e-03
1.589065194129943848e-01 4.100260734558105469e-01 3.605732619762420654e-01 7.049414515495300293e-02
1.585859060287475586e-01 4.097577929496765137e-01 3.610047101974487305e-01 7.065159082412719727e-02
1.585215330123901367e-01 4.097037017345428467e-01 3.610914498567581177e-01 7.068331539630889893e-02
1.585223674774169922e-01 4.097045660018920898e-01 3.610901981592178345e-01 7.068286836147308350e-02
1.572738885879516602e-01 4.086477458477020264e-01 3.627762123942375183e-01 7.130215317010879517e-02
1.571489572525024414e-01 4.085410833358764648e-01 3.629453554749488831e-01 7.136460393667221069e-02
1.571706533432006836e-01 4.085595607757568359e-01 3.629160225391387939e-01 7.135376334190368652e-02
3.710383772850036621e-01 4.336909651756286621e-01 1.715579479932785034e-01 2.371270954608917236e-02
1.571218967437744141e-01 4.085180163383483887e-01 3.629819601774215698e-01 7.137812674045562744e-02
1.574113965034484863e-01 4.087651669979095459e-01 3.625899553298950195e-01 7.123348116874694824e-02
1.572491526603698730e-01 4.086266458034515381e-01 3.628096878528594971e-01 7.131451368331909180e-02
7.448907792568206787e-01 2.083755731582641602e-01 4.185043182224035263e-02 4.883215762674808502e-03
1.572117805480957031e-01 4.085949063301086426e-01 3.628601580858230591e-01 7.133315503597259521e-02
1.571486592292785645e-01 4.085407555103302002e-01 3.629458248615264893e-01 7.136476039886474609e-02
3.485009670257568359e-01 4.403892904520034790e-01 1.850225012749433517e-01 2.608724124729633331e-02
1.571464538574218750e-01 4.085388779640197754e-01 3.629487827420234680e-01 7.136588543653488159e-02
1.572785973548889160e-01 4.086519181728363037e-01 3.627697154879570007e-01 7.129976898431777954e-02
1.785879731178283691e-01 4.244024157524108887e-01 3.351810239255428314e-01 6.182858720421791077e-02
1.572656631469726562e-01 4.086407423019409180e-01 3.627873286604881287e-01 7.130626589059829712e-02
1.572731733322143555e-01 4.086471796035766602e-01 3.627771437168121338e-01 7.130250334739685059e-02
1.571155786514282227e-01 4.085125923156738281e-01 3.629905357956886292e-01 7.138129323720932007e-02
1.571308374404907227e-01 4.085257649421691895e-01 3.629697561264038086e-01 7.137364149093627930e-02
1.572171449661254883e-01 4.085993766784667969e-01 3.628529831767082214e-01 7.133049517869949341e-02
1.599346995353698730e-01 4.108785390853881836e-01 3.591937124729156494e-01 6.999304890632629395e-02
1.600089073181152344e-01 4.109395444393157959e-01 3.590944111347198486e-01 6.995713710784912109e-02
1.104779839515686035e-01 3.540856242179870605e-01 4.320028126239776611e-01 1.034335792064666748e-01
1.598939895629882812e-01 4.108449816703796387e-01 3.592482432723045349e-01 7.001278549432754517e-02
1.601892709732055664e-01 4.110878407955169678e-01 3.588530048727989197e-01 6.986988335847854614e-02
1.598796844482421875e-01 4.108332395553588867e-01 3.592673763632774353e-01 7.001969963312149048e-02
7.211842834949493408e-01 2.263760603964328766e-01 4.693068750202655792e-02 5.508968606591224670e-03
1.601022481918334961e-01 4.110164344310760498e-01 3.589693903923034668e-01 6.991192698478698730e-02
1.601302623748779297e-01 4.110393822193145752e-01 3.589319586753845215e-01 6.989839673042297363e-02
1.600559949874877930e-01 4.109783768653869629e-01 3.590313270688056946e-01 6.993430107831954956e-02
1.599592566490173340e-01 4.108987748622894287e-01 3.591608181595802307e-01 6.998115032911300659e-02
1.598643064498901367e-01 4.108204841613769531e-01 3.592880219221115112e-01 7.002718746662139893e-02
1.599327921867370605e-01 4.108769297599792480e-01 3.591962903738021851e-01 6.999398767948150635e-02
1.600716710090637207e-01 4.109911322593688965e-01 3.590104281902313232e-01 6.992676854133605957e-02
1.474625468254089355e-01 3.997071087360382080e-01 3.763294667005538940e-01 7.650087773799896240e-02
1.599771976470947266e-01 4.109135866165161133e-01 3.591367527842521667e-01 6.997246295213699341e-02
1.600872278213500977e-01 4.110040068626403809e-01 3.589895665645599365e-01 6.991919875144958496e-02
1.598932147026062012e-01 4.108444750308990479e-01 3.592491894960403442e-01 7.001312077045440674e-02
9.052811563014984131e-01 7.996251154690980911e-02 1.325940527021884918e-02 1.496926881372928619e-03
1.614857316017150879e-01 4.121423661708831787e-01 3.571237176656723022e-01 6.924818456172943115e-02
1.614439487457275391e-01 4.121086299419403076e-01 3.571793138980865479e-01 6.926810741424560547e-02
1.614485979080200195e-01 4.121123850345611572e-01 3.571731299161911011e-01 6.926588714122772217e-02
1.614623069763183594e-01 4.121233820915222168e-01 3.571549355983734131e-01 6.925937533378601074e-02
1.616035699844360352e-01 4.122373163700103760e-01 3.569669798016548157e-01 6.919213384389877319e-02
1.614627242088317871e-01 4.121237993240356445e-01 3.571543172001838684e-01 6.925915926694869995e-02
1.614707708358764648e-01 4.121302664279937744e-01 3.571436479687690735e-01 6.925531476736068726e-02
1.617511510848999023e-01 4.123558104038238525e-01 3.567709326744079590e-01 6.912210583686828613e-02
1.614596247673034668e-01 4.121212065219879150e-01 3.571585193276405334e-01 6.926064938306808472e-02
1.402029991149902344e-01 3.923206329345703125e-01 3.867044374346733093e-01 8.077193051576614380e-02
1.614735126495361328e-01 4.121324717998504639e-01 3.571399897336959839e-01 6.925402581691741943e-02
2.030929923057556152e-01 4.372400939464569092e-01 3.064370155334472656e-01 5.322989821434020996e-02
3.970203399658203125e-01 4.243982434272766113e-01 1.572834216058254242e-01 2.129799500107765198e-02
1.614901423454284668e-01 4.121458530426025391e-01 3.571178764104843140e-01 6.924612820148468018e-02
1.614479422569274902e-01 4.121119081974029541e-01 3.571739792823791504e-01 6.926617026329040527e-02
1.614792346954345703e-01 4.121370613574981689e-01 3.571323826909065247e-01 6.925132125616073608e-02
1.617662906646728516e-01 4.123681485652923584e-01 3.567506968975067139e-01 6.911486387252807617e-02
1.616106033325195312e-01 4.122429192066192627e-01 3.569576740264892578e-01 6.918880343437194824e-02
1.616060733795166016e-01 4.122393131256103516e-01 3.569636642932891846e-01 6.919094920158386230e-02
1.507112979888916016e-01 4.027956426143646240e-01 3.717819079756736755e-01 7.471115142107009888e-02
1.507124304771423340e-01 4.027968347072601318e-01 3.717802464962005615e-01 7.471048831939697266e-02
7.121544182300567627e-01 2.331515848636627197e-01 4.893594281747937202e-02 5.758054088801145554e-03
1.507147550582885742e-01 4.027989208698272705e-01 3.717770650982856750e-01 7.470925897359848022e-02
1.507144570350646973e-01 4.027987718582153320e-01 3.717773854732513428e-01 7.470938563346862793e-02
1.507140398025512695e-01 4.027982354164123535e-01 3.717780560255050659e-01 7.470966875553131104e-02
1.507142782211303711e-01 4.027985036373138428e-01 3.717776983976364136e-01 7.470951974391937256e-02
1.507110595703125000e-01 4.027954936027526855e-01 3.717821985483169556e-01 7.471124827861785889e-02
1.600006818771362305e-01 4.109328687191009521e-01 3.591053783893585205e-01 6.996107101440429688e-02
1.507149338722229004e-01 4.027991294860839844e-01 3.717767968773841858e-01 7.470913976430892944e-02
8.448490202426910400e-01 1.295363511890172958e-01 2.299021370708942413e-02 2.624414861202239990e-03
1.507133841514587402e-01 4.027976393699645996e-01 3.717789798974990845e-01 7.470999658107757568e-02
1.216047406196594238e-01 3.700368404388427734e-01 4.145664274692535400e-01 9.379199147224426270e-02
5.204952359199523926e-01 3.629955947399139404e-01 1.034811213612556458e-01 1.302804797887802124e-02
1.507115364074707031e-01 4.027960300445556641e-01 3.717814609408378601e-01 7.471097260713577271e-02
1.507128477096557617e-01 4.027971923351287842e-01 3.717796653509140015e-01 7.471029460430145264e-02
1.507132053375244141e-01 4.027976393699645996e-01 3.717790991067886353e-01 7.471005618572235107e-02
1.507136821746826172e-01 4.027980566024780273e-01 3.717784658074378967e-01 7.470979541540145874e-02
1.754807233810424805e-01 4.223929047584533691e-01 3.390490412712097168e-01 6.307733058929443359e-02
1.507917642593383789e-01 4.028705358505249023e-01 3.716700002551078796e-01 7.466769963502883911e-02
1.507707238197326660e-01 4.028510153293609619e-01 3.716992139816284180e-01 7.467904686927795410e-02
1.509300470352172852e-01 4.029991328716278076e-01 3.714776933193206787e-01 7.459312677383422852e-02
1.507552266120910645e-01 4.028367400169372559e-01 3.717206642031669617e-01 7.468736916780471802e-02
8.839243650436401367e-02 3.154360055923461914e-01 4.674250930547714233e-01 1.287464648485183716e-01
1.507530808448791504e-01 4.028346538543701172e-01 3.717237114906311035e-01 7.468855381011962891e-02
1.507985591888427734e-01 4.028769433498382568e-01 3.716604858636856079e-01 7.466401159763336182e-02
1.508620977401733398e-01 4.029360115528106689e-01 3.715721517801284790e-01 7.462973892688751221e-02
1.507596969604492188e-01 4.028408527374267578e-01 3.717144876718521118e-01 7.468496263027191162e-02
1.507716774940490723e-01 4.028519690036773682e-01 3.716978281736373901e-01 7.467852532863616943e-02
1.507554650306701660e-01 4.028368592262268066e-01 3.717204034328460693e-01 7.468727231025695801e-02
1.507346034049987793e-01 4.028173983097076416e-01 3.717494532465934753e-01 7.469854503870010376e-02
1.510288119316101074e-01 4.030907154083251953e-01 3.713405206799507141e-01 7.453995198011398315e-02
1.509626507759094238e-01 4.030292332172393799e-01 3.714325278997421265e-01 7.457558810710906982e-02
1.508818268775939941e-01 4.029543101787567139e-01 3.715447559952735901e-01 7.461910694837570190e-02
1.110612154006958008e-01 3.549754619598388672e-01 4.310775101184844971e-01 1.028858125209808350e-01
6.183133721351623535e-01 3.004960492253303528e-01 7.242315076291561127e-02 8.767427876591682434e-03
1.507498025894165039e-01 4.028315544128417969e-01 3.717283084988594055e-01 7.469033449888229370e-02
1.508002877235412598e-01 4.028784632682800293e-01 3.716581463813781738e-01 7.466310262680053711e-02
1.542544364929199219e-01 4.060181379318237305e-01 3.668897151947021484e-01 7.283771038055419922e-02
1.541377305984497070e-01 4.059145450592041016e-01 3.670495748519897461e-01 7.289814949035644531e-02
1.541354656219482422e-01 4.059123992919921875e-01 3.670527935028076172e-01 7.289934158325195312e-02
1.541351079940795898e-01 4.059121012687683105e-01 3.670532777905464172e-01 7.289951294660568237e-02
8.093086779117584229e-01 1.580632030963897705e-01 2.926338091492652893e-02 3.364738076925277710e-03
1.541357040405273438e-01 4.059126079082489014e-01 3.670524731278419495e-01 7.289921492338180542e-02
1.541367769241333008e-01 4.059136509895324707e-01 3.670509457588195801e-01 7.289862632751464844e-02
1.541373133659362793e-01 4.059141278266906738e-01 3.670501857995986938e-01 7.289837300777435303e-02
6.471674442291259766e-01 2.804393619298934937e-01 6.464195996522903442e-02 7.751233875751495361e-03
1.541652679443359375e-01 4.059389829635620117e-01 3.670118823647499084e-01 7.288386672735214233e-02
1.541374921798706055e-01 4.059141874313354492e-01 3.670500293374061584e-01 7.289829105138778687e-02
1.541364789009094238e-01 4.059133231639862061e-01 3.670513778924942017e-01 7.289882004261016846e-02
1.541380882263183594e-01 4.059148430824279785e-01 3.670491129159927368e-01 7.289795577526092529e-02
1.541365385055541992e-01 4.059134423732757568e-01 3.670512661337852478e-01 7.289875298738479614e-02
1.541528701782226562e-01 4.059279263019561768e-01 3.670288920402526855e-01 7.289031147956848145e-02
3.119821548461914062e-01 4.480790942907333374e-01 2.093080040067434311e-01 3.063074685633182526e-02
9.576761722564697266e-02 3.294776082038879395e-01 4.555884748697280884e-01 1.191662997007369995e-01
1.541510224342346191e-01 4.059264659881591797e-01 3.670312985777854919e-01 7.289121299982070923e-02
1.541367173194885254e-01 4.059136211872100830e-01 3.670510053634643555e-01 7.289865612983703613e-02
1.544034481048583984e-01 4.061504900455474854e-01 3.666854351758956909e-01 7.276062667369842529e-02
1.541717052459716797e-01 4.059447050094604492e-01 3.670030534267425537e-01 7.288053631782531738e-02
1.541996598243713379e-01 4.059695303440093994e-01 3.669647499918937683e-01 7.286605983972549438e-02
1.541419029235839844e-01 4.059182703495025635e-01 3.670438751578330994e-01 7.289595156908035278e-02
7.519024610519409180e-02 2.870434522628784180e-01 4.879374206066131592e-01 1.498288810253143311e-01
1.541396975517272949e-01 4.059163331985473633e-01 3.670468553900718689e-01 7.289711385965347290e-02
1.541282534599304199e-01 4.059061706066131592e-01 3.670625463128089905e-01 7.290302962064743042e-02
1.542171239852905273e-01 4.059850871562957764e-01 3.669407665729522705e-01 7.285702228546142578e-02
1.542533636093139648e-01 4.060173332691192627e-01 3.668910562992095947e-01 7.283824682235717773e-02
1.541394591331481934e-01 4.059159755706787109e-01 3.670472875237464905e-01 7.289727777242660522e-02
1.541625857353210449e-01 4.059366285800933838e-01 3.670155256986618042e-01 7.288525998592376709e-02
1.542199850082397461e-01 4.059875905513763428e-01 3.669368699193000793e-01 7.285555452108383179e-02
1.543182134628295898e-01 4.060748219490051270e-01 3.668022528290748596e-01 7.280471175909042358e-02
1.542457938194274902e-01 4.060106575489044189e-01 3.669013977050781250e-01 7.284215092658996582e-02
1.542726755142211914e-01 4.060343801975250244e-01 3.668646663427352905e-01 7.282827794551849365e-02
1.544415950775146484e-01 4.061843752861022949e-01 3.666331246495246887e-01 7.274090498685836792e-02
1.087581515312194824e-01 3.514251112937927246e-01 4.347375705838203430e-01 1.050791665911674500e-01
1.540932059288024902e-01 4.058748781681060791e-01 3.671106919646263123e-01 7.292122393846511841e-02
1.541020870208740234e-01 4.058828055858612061e-01 3.670984953641891479e-01 7.291661202907562256e-02
1.596884131431579590e-01 4.106754362583160400e-01 3.595236092805862427e-01 7.011254131793975830e-02
7.950431108474731445e-02 2.968112230300903320e-01 4.813957810401916504e-01 1.422886848449707031e-01
1.595506668090820312e-01 4.105615615844726562e-01 3.597082719206809998e-01 7.017949968576431274e-02
1.595980525016784668e-01 4.106006920337677002e-01 3.596447780728340149e-01 7.015647739171981812e-02
1.594902873039245605e-01 4.105114638805389404e-01 3.597893342375755310e-01 7.020891457796096802e-02
8.056324720382690430e-02 2.991339564323425293e-01 4.797604233026504517e-01 1.405423730611801147e-01
1.348785161972045898e-01 3.864555954933166504e-01 3.944976180791854858e-01 8.416827023029327393e-02
1.594951748847961426e-01 4.105156064033508301e-01 3.597827032208442688e-01 7.020651549100875854e-02
1.596580147743225098e-01 4.106503427028656006e-01 3.595643341541290283e-01 7.012730836868286133e-02
1.595153212547302246e-01 4.105322360992431641e-01 3.597557321190834045e-01 7.019671052694320679e-02
1.594876050949096680e-01 4.105092883110046387e-01 3.597928881645202637e-01 7.021021842956542969e-02
1.595175862312316895e-01 4.105341434478759766e-01 3.597526475787162781e-01 7.019562274217605591e-02
1.597202420234680176e-01 4.107016026973724365e-01 3.594810664653778076e-01 7.009708881378173828e-02
1.597172617912292480e-01 4.106993079185485840e-01 3.594849109649658203e-01 7.009851932525634766e-02
7.687222957611083984e-02 2.909110188484191895e-01 4.854123294353485107e-01 1.468044221401214600e-01
1.597002148628234863e-01 4.106851220130920410e-01 3.595078438520431519e-01 7.010681927204132080e-02
1.595062613487243652e-01 4.105247259140014648e-01 3.597678765654563904e-01 7.020113617181777954e-02
1.594688892364501953e-01 4.104938507080078125e-01 3.598179444670677185e-01 7.021931558847427368e-02
1.594925522804260254e-01 4.105134606361389160e-01 3.597861900925636292e-01 7.020779699087142944e-02
1.547237038612365723e-01 4.064340293407440186e-01 3.662468567490577698e-01 7.259541004896163940e-02
1.545909047126770020e-01 4.063165783882141113e-01 3.664286658167839050e-01 7.266385108232498169e-02
1.546383500099182129e-01 4.063584804534912109e-01 3.663637489080429077e-01 7.263942062854766846e-02
1.466953754425048828e-01 3.989585340023040771e-01 3.774120435118675232e-01 7.693404704332351685e-02
1.172894239425659180e-01 3.641020059585571289e-01 4.212704747915267944e-01 9.733809530735015869e-02
1.545849442481994629e-01 4.063112139701843262e-01 3.664368912577629089e-01 7.266695052385330200e-02
1.547592282295227051e-01 4.064652323722839355e-01 3.661983609199523926e-01 7.257717847824096680e-02
1.546220779418945312e-01 4.063441455364227295e-01 3.663859888911247253e-01 7.264778763055801392e-02
1.547172665596008301e-01 4.064280986785888672e-01 3.662558495998382568e-01 7.259878516197204590e-02
1.546437144279479980e-01 4.063632190227508545e-01 3.663564249873161316e-01 7.263664156198501587e-02
1.547143459320068359e-01 4.064256548881530762e-01 3.662597388029098511e-01 7.260026037693023682e-02
1.546550393104553223e-01 4.063733816146850586e-01 3.663408160209655762e-01 7.263076305389404297e-02
1.547630429267883301e-01 4.064687192440032959e-01 3.661930561065673828e-01 7.257518172264099121e-02
1.297756433486938477e-01 3.804577887058258057e-01 4.021080434322357178e-01 8.765852451324462891e-02
7.192850112915039062e-02 2.793208956718444824e-01 4.927213490009307861e-01 1.560292541980743408e-01
1.547512412071228027e-01 4.064581394195556641e-01 3.662093356251716614e-01 7.258128374814987183e-02
1.548501849174499512e-01 4.065455198287963867e-01 3.660739287734031677e-01 7.253036648035049438e-02
1.546075344085693359e-01 4.063311517238616943e-01 3.664060086011886597e-01 7.265530526638031006e-02
2.696986198425292969e-01 4.509601891040802002e-01 2.419912330806255341e-01 3.734995797276496887e-02
1.204631924629211426e-01 3.684967160224914551e-01 4.163320586085319519e-01 9.470803290605545044e-02
1.512475013732910156e-01 4.032930135726928711e-01 3.710370063781738281e-01 7.442247867584228516e-02
1.514480710029602051e-01 4.034782648086547852e-01 3.707587048411369324e-01 7.431495934724807739e-02
1.514722704887390137e-01 4.035005271434783936e-01 3.707251846790313721e-01 7.430201768875122070e-02
1.512609124183654785e-01 4.033055305480957031e-01 3.710182905197143555e-01 7.441526651382446289e-02
1.513110995292663574e-01 4.033518731594085693e-01 3.709486722946166992e-01 7.438835501670837402e-02
1.513209939002990723e-01 4.033610224723815918e-01 3.709349483251571655e-01 7.438303530216217041e-02
1.513268351554870605e-01 4.033664464950561523e-01 3.709268197417259216e-01 7.437989860773086548e-02
1.514070034027099609e-01 4.034404456615447998e-01 3.708156123757362366e-01 7.433693856000900269e-02
1.512929201126098633e-01 4.033350944519042969e-01 3.709738925099372864e-01 7.439809292554855347e-02
1.512657999992370605e-01 4.033099412918090820e-01 3.710116073489189148e-01 7.441265136003494263e-02
1.514726281166076660e-01 4.035009145736694336e-01 3.707246482372283936e-01 7.430180907249450684e-02
1.514235138893127441e-01 4.034555852413177490e-01 3.707927688956260681e-01 7.432813197374343872e-02
1.514391899108886719e-01 4.034701287746429443e-01 3.707709833979606628e-01 7.431969791650772095e-02
1.514313220977783203e-01 4.034627974033355713e-01 3.707819506525993347e-01 7.432392984628677368e-02
3.694874644279479980e-01 4.341945350170135498e-01 1.724508106708526611e-01 2.386718988418579102e-02
1.513665914535522461e-01 4.034030735492706299e-01 3.708717226982116699e-01 7.435861229896545410e-02
1.512447595596313477e-01 4.032906293869018555e-01 3.710406944155693054e-01 7.442391663789749146e-02
1.512471437454223633e-01 4.032927155494689941e-01 3.710374683141708374e-01 7.442267239093780518e-02
1.553573012351989746e-01 4.069909155368804932e-01 3.653812557458877563e-01 7.227052748203277588e-02
2.403565645217895508e-01 4.481525421142578125e-01 2.681680023670196533e-01 4.332289099693298340e-02
1.554083824157714844e-01 4.070356488227844238e-01 3.653115630149841309e-01 7.224440574645996094e-02
1.553316116333007812e-01 4.069685339927673340e-01 3.654162362217903137e-01 7.228361815214157104e-02
1.551697254180908203e-01 4.068264961242675781e-01 3.656373172998428345e-01 7.236646115779876709e-02
1.569911837577819824e-01 4.084059894084930420e-01 3.631591796875000000e-01 7.144364714622497559e-02
1.552220582962036133e-01 4.068723618984222412e-01 3.655658885836601257e-01 7.233969122171401978e-02
1.551657319068908691e-01 4.068230688571929932e-01 3.656427189707756042e-01 7.236848026514053345e-02
1.552613377571105957e-01 4.069068431854248047e-01 3.655122369527816772e-01 7.231958210468292236e-02
1.551671624183654785e-01 4.068242013454437256e-01 3.656408637762069702e-01 7.236777245998382568e-02
1.551660299301147461e-01 4.068233370780944824e-01 3.656423091888427734e-01 7.236832380294799805e-02
4.408636093139648438e-01 4.054825603961944580e-01 1.358057931065559387e-01 1.784803718328475952e-02
1.551677584648132324e-01 4.068247973918914795e-01 3.656399846076965332e-01 7.236745953559875488e-02
1.552679538726806641e-01 4.069128036499023438e-01 3.655030950903892517e-01 7.231614738702774048e-02
1.553444266319274902e-01 4.069796800613403320e-01 3.653988167643547058e-01 7.227707654237747192e-02
1.554270386695861816e-01 4.070520401000976562e-01 3.652860373258590698e-01 7.223488390445709229e-02
1.551882028579711914e-01 4.068427383899688721e-01 3.656120672821998596e-01 7.235699146986007690e-02
1.551659703254699707e-01 4.068232476711273193e-01 3.656424134969711304e-01 7.236836850643157959e-02
1.551697254180908203e-01 4.068264663219451904e-01 3.656373471021652222e-01 7.236646115779876709e-02
6.552451848983764648e-02 2.632622718811035156e-01 5.015405267477035522e-01 1.696726828813552856e-01
1.608653664588928223e-01 4.116401374340057373e-01 3.579499796032905579e-01 6.954451650381088257e-02
1.610360145568847656e-01 4.117785394191741943e-01 3.577226176857948303e-01 6.946282833814620972e-02
1.610581874847412109e-01 4.117965400218963623e-01 3.576930463314056396e-01 6.945222616195678711e-02
1.608558893203735352e-01 4.116324186325073242e-01 3.579626306891441345e-01 6.954906135797500610e-02
1.609073877334594727e-01 4.116741120815277100e-01 3.578940778970718384e-01 6.952442228794097900e-02
1.609222292900085449e-01 4.116861820220947266e-01 3.578742742538452148e-01 6.951731443405151367e-02
1.117122769355773926e-01 3.559616208076477051e-01 4.300458356738090515e-01 1.022802665829658508e-01
1.609750986099243164e-01 4.117291271686553955e-01 3.578037843108177185e-01 6.949198991060256958e-02
1.610686182975769043e-01 4.118051528930664062e-01 3.576790243387222290e-01 6.944720447063446045e-02
1.608405709266662598e-01 4.116198122501373291e-01 3.579831495881080627e-01 6.955646723508834839e-02
1.609714031219482422e-01 4.117261767387390137e-01 3.578086718916893005e-01 6.949374824762344360e-02
1.610442399978637695e-01 4.117853641510009766e-01 3.577115237712860107e-01 6.945887207984924316e-02
1.609561443328857422e-01 4.117138385772705078e-01 3.578289896249771118e-01 6.950102746486663818e-02
1.610976457595825195e-01 4.118287563323974609e-01 3.576402887701988220e-01 6.943330913782119751e-02
1.609646677970886230e-01 4.117208123207092285e-01 3.578175604343414307e-01 6.949695944786071777e-02
1.610233187675476074e-01 4.117684364318847656e-01 3.577393740415573120e-01 6.946887075901031494e-02
1.608362793922424316e-01 4.116164147853851318e-01 3.579888343811035156e-01 6.955847144126892090e-02
1.609463691711425781e-01 4.117059409618377686e-01 3.578419759869575500e-01 6.950571388006210327e-02
1.476650834083557129e-01 3.999033570289611816e-01 3.760443180799484253e-01 7.638724148273468018e-02
1.260851621627807617e-01 3.758795261383056641e-01 4.076948463916778564e-01 9.034046530723571777e-02
1.476662158966064453e-01 3.999044597148895264e-01 3.760427236557006836e-01 7.638660073280334473e-02
1.476645469665527344e-01 3.999029397964477539e-01 3.760449960827827454e-01 7.638751715421676636e-02
1.476657390594482422e-01 3.999041616916656494e-01 3.760432749986648560e-01 7.638682425022125244e-02
6.665440797805786133e-01 2.666286677122116089e-01 5.971010448411107063e-02 7.117148023098707199e-03
1.151286959648132324e-01 3.610125780105590820e-01 4.246563836932182312e-01 9.920234233140945435e-02
1.476637721061706543e-01 3.999021053314208984e-01 3.760461583733558655e-01 7.638796418905258179e-02
1.476651430130004883e-01 3.999035358428955078e-01 3.760441467165946960e-01 7.638717442750930786e-02
1.476633548736572266e-01 3.999017477035522461e-01 3.760466948151588440e-01 7.638820260763168335e-02
1.476655602455139160e-01 3.999038338661193848e-01 3.760436475276947021e-01 7.638695836067199707e-02
1.476658582687377930e-01 3.999041318893432617e-01 3.760432004928588867e-01 7.638680934906005859e-02
7.444983720779418945e-02 2.853164672851562500e-01 4.890372455120086670e-01 1.511964499950408936e-01
1.476649641990661621e-01 3.999033570289611816e-01 3.760444000363349915e-01 7.638727873563766479e-02
1.476645469665527344e-01 3.999028205871582031e-01 3.760450854897499084e-01 7.638754695653915405e-02
1.476635336875915527e-01 3.999018073081970215e-01 3.760465234518051147e-01 7.638813555240631104e-02
1.476668119430541992e-01 3.999050259590148926e-01 3.760418966412544250e-01 7.638626545667648315e-02
1.476658582687377930e-01 3.999041318893432617e-01 3.760432004928588867e-01 7.638680934906005859e-02
1.476620435714721680e-01 3.999004364013671875e-01 3.760485798120498657e-01 7.638894021511077881e-02
1.543825268745422363e-01 4.061320424079895020e-01 3.667140081524848938e-01 7.277142256498336792e-02
1.055476665496826172e-01 3.463107943534851074e-01 4.398644268512725830e-01 1.082771122455596924e-01
1.543121337890625000e-01 4.060695469379425049e-01 3.668104857206344604e-01 7.280783355236053467e-02
1.542986631393432617e-01 4.060574769973754883e-01 3.668290376663208008e-01 7.281482219696044922e-02
1.543920040130615234e-01 4.061404168605804443e-01 3.667010515928268433e-01 7.276652753353118896e-02
1.543047428131103516e-01 4.060628712177276611e-01 3.668207228183746338e-01 7.281166315078735352e-02
1.061757206916809082e-01 3.473264575004577637e-01 4.388596266508102417e-01 1.076381951570510864e-01
1.546117067337036133e-01 4.063349664211273193e-01 3.664002045989036560e-01 7.265312224626541138e-02
1.544526219367980957e-01 4.061940610408782959e-01 3.666180670261383057e-01 7.273524999618530273e-02
6.678954064846038818e-01 2.656558975577354431e-01 5.937442835420370102e-02 7.074267603456974030e-03
1.544069051742553711e-01 4.061536490917205811e-01 3.666806221008300781e-01 7.275882363319396973e-02
1.543101668357849121e-01 4.060677587985992432e-01 3.668132126331329346e-01 7.280886173248291016e-02
8.822518587112426758e-02 3.151031136512756348e-01 4.676919877529144287e-01 1.289797127246856689e-01
1.542972326278686523e-01 4.060561954975128174e-01 3.668310120701789856e-01 7.281555980443954468e-02
1.543465852737426758e-01 4.061000347137451172e-01 3.667633458971977234e-01 7.279003411531448364e-02
1.544592380523681641e-01 4.062000513076782227e-01 3.666089400649070740e-01 7.273177057504653931e-02
1.545296311378479004e-01 4.062623977661132812e-01 3.665125295519828796e-01 7.269544154405593872e-02
1.544209718704223633e-01 4.061660468578338623e-01 3.666614294052124023e-01 7.275155186653137207e-02
1.544311046600341797e-01 4.061750769615173340e-01 3.666475117206573486e-01 7.274630665779113770e-02
2.036806344985961914e-01 4.374872744083404541e-01 3.057846799492835999e-01 5.304741114377975464e-02
1.482067704200744629e-01 4.004260897636413574e-01 3.752825260162353516e-01 7.608461380004882812e-02
1.481781601905822754e-01 4.003985226154327393e-01 3.753227591514587402e-01 7.610055804252624512e-02
1.481775045394897461e-01 4.003979265689849854e-01 3.753236830234527588e-01 7.610088586807250977e-02
1.482006311416625977e-01 4.004202783107757568e-01 3.752910941839218140e-01 7.608799636363983154e-02
1.482728123664855957e-01 4.004895985126495361e-01 3.751897513866424561e-01 7.604783773422241211e-02
1.481786370277404785e-01 4.003990292549133301e-01 3.753220662474632263e-01 7.610026746988296509e-02
9.080618694424629211e-01 7.765205483883619308e-02 1.283747423440217972e-02 1.448601484298706055e-03
1.481788158416748047e-01 4.003992378711700439e-01 3.753217980265617371e-01 7.610014826059341431e-02
1.483753919601440430e-01 4.005881845951080322e-01 3.750456646084785461e-01 7.599075883626937866e-02
1.481926441192626953e-01 4.004126191139221191e-01 3.753022924065589905e-01 7.609244436025619507e-02
1.482186913490295410e-01 4.004377126693725586e-01 3.752656653523445129e-01 7.607793062925338745e-02
1.481778025627136230e-01 4.003982543945312500e-01 3.753232210874557495e-01 7.610072195529937744e-02
1.481937170028686523e-01 4.004136323928833008e-01 3.753008097410202026e-01 7.609184086322784424e-02
1.482284665107727051e-01 4.004470109939575195e-01 3.752520233392715454e-01 7.607249915599822998e-02
9.077315628528594971e-01 7.792662829160690308e-02 1.288748229853808880e-02 1.454326556995511055e-03
1.484043598175048828e-01 4.006159603595733643e-01 3.750049844384193420e-01 7.597469538450241089e-02
1.481784582138061523e-01 4.003989100456237793e-01 3.753222748637199402e-01 7.610035687685012817e-02
1.481772661209106445e-01 4.003976583480834961e-01 3.753240332007408142e-01 7.610104233026504517e-02
1.517605781555175781e-01 4.037656784057617188e-01 3.703257292509078979e-01 7.414801418781280518e-02
1.516071557998657227e-01 4.036247134208679199e-01 3.705382347106933594e-01 7.422989606857299805e-02
1.515640020370483398e-01 4.035851359367370605e-01 3.705979436635971069e-01 7.425291836261749268e-02
1.515792012214660645e-01 4.035989940166473389e-01 3.705769628286361694e-01 7.424484193325042725e-02
1.517226696014404297e-01 4.037309587001800537e-01 3.703781589865684509e-01 7.416821271181106567e-02
1.515769362449645996e-01 4.035970568656921387e-01 3.705800026655197144e-01 7.424600422382354736e-02
1.515651345252990723e-01 4.035859704017639160e-01 3.705965355038642883e-01 7.425235956907272339e-02
9.827739000320434570e-02 3.339843750000000000e-01 4.515463486313819885e-01 1.161918863654136658e-01
1.515653729438781738e-01 4.035863578319549561e-01 3.705960586667060852e-01 7.425221055746078491e-02
5.562424957752227783e-01 3.412630185484886169e-01 9.119279030710458755e-02 1.130169536918401718e-02
1.515997052192687988e-01 4.036178886890411377e-01 3.705485314130783081e-01 7.423387467861175537e-02
1.515643596649169922e-01 4.035853445529937744e-01 3.705975413322448730e-01 7.425275444984436035e-02
1.516631245613098145e-01 4.036761522293090820e-01 3.704607039690017700e-01 7.420001924037933350e-02
1.515790224075317383e-01 4.035988450050354004e-01 3.705771937966346741e-01 7.424493879079818726e-02
1.516045928001403809e-01 4.036223590373992920e-01 3.705417960882186890e-01 7.423125207424163818e-02
8.317464590072631836e-02 3.047389984130859375e-01 4.756884425878524780e-01 1.363979130983352661e-01
1.517747044563293457e-01 4.037787914276123047e-01 3.703060671687126160e-01 7.414043694734573364e-02
1.516207456588745117e-01 4.036371707916259766e-01 3.705194294452667236e-01 7.422265410423278809e-02
1.515793800354003906e-01 4.035990834236145020e-01 3.705767765641212463e-01 7.424475997686386108e-02
1.518614292144775391e-01 4.038581848144531250e-01 3.701861202716827393e-01 7.409426569938659668e-02
4.153978824615478516e-01 4.169262796640396118e-01 1.479096002876758575e-01 1.976623758673667908e-02
7.856219857931137085e-01 1.767849959433078766e-01 3.369835298508405685e-02 3.894665278494358063e-03
1.516469717025756836e-01 4.036614000797271729e-01 3.704830184578895569e-01 7.420860975980758667e-02
1.516706347465515137e-01 4.036831557750701904e-01 3.704502359032630920e-01 7.419597357511520386e-02
1.516686677932739258e-01 4.036813676357269287e-01 3.704529479146003723e-01 7.419701665639877319e-02
1.516604423522949219e-01 4.036737978458404541e-01 3.704643547534942627e-01 7.420140504837036133e-02
1.516470909118652344e-01 4.036613702774047852e-01 3.704829588532447815e-01 7.420857995748519897e-02
1.516880989074707031e-01 4.036990702152252197e-01 3.704261407256126404e-01 7.418669015169143677e-02
1.516610383987426758e-01 4.036743342876434326e-01 3.704635277390480042e-01 7.420109957456588745e-02
1.519115567207336426e-01 4.039041996002197266e-01 3.701166808605194092e-01 7.406756281852722168e-02
1.516606211662292480e-01 4.036739468574523926e-01 3.704641014337539673e-01 7.420133054256439209e-02
1.519502401351928711e-01 4.039396643638610840e-01 3.700631335377693176e-01 7.404696196317672729e-02
1.516467332839965820e-01 4.036611914634704590e-01 3.704833462834358215e-01 7.420872896909713745e-02
9.660943634808063507e-01 2.890692744404077530e-02 4.496097681112587452e-03 5.026113940402865410e-04
1.518462300300598145e-01 4.038443565368652344e-01 3.702070787549018860e-01 7.410233467817306519e-02
1.516891717910766602e-01 4.037002623081207275e-01 3.704245015978813171e-01 7.418606430292129517e-02
1.516471505165100098e-01 4.036615490913391113e-01 3.704827800393104553e-01 7.420852035284042358e-02
1.516472101211547852e-01 4.036616683006286621e-01 3.704826533794403076e-01 7.420846819877624512e-02
1.562740802764892578e-01 4.077888429164886475e-01 3.641325086355209351e-01 7.180456817150115967e-02
1.562729477882385254e-01 4.077877998352050781e-01 3.641340807080268860e-01 7.180517166852951050e-02
1.560388207435607910e-01 4.075849354267120361e-01 3.644525706768035889e-01 7.192367315292358398e-02
1.560389995574951172e-01 4.075851738452911377e-01 3.644522503018379211e-01 7.192357629537582397e-02
1.561855077743530273e-01 4.077121615409851074e-01 3.642529398202896118e-01 7.184939086437225342e-02
1.563758254051208496e-01 4.078767895698547363e-01 3.639942258596420288e-01 7.175315916538238525e-02
1.560617089271545410e-01 4.076049029827117920e-01 3.644213303923606873e-01 7.191205769777297974e-02
1.561167240142822266e-01 4.076524972915649414e-01 3.643465638160705566e-01 7.188421487808227539e-02
1.560382843017578125e-01 4.075845777988433838e-01 3.644532039761543274e-01 7.192393392324447632e-02
1.561454534530639648e-01 4.076774418354034424e-01 3.643074557185173035e-01 7.186964899301528931e-02
1.560670137405395508e-01 4.076094031333923340e-01 3.644141927361488342e-01 7.190939038991928101e-02
3.947690725326538086e-01 4.252645075321197510e-01 1.584713235497474670e-01 2.149509638547897339e-02
3.133387565612792969e-01 4.478718042373657227e-01 2.083455845713615417e-01 3.044385462999343872e-02
1.561556458473205566e-01 4.076862931251525879e-01 3.642935678362846375e-01 7.186449319124221802e-02
1.565240621566772461e-01 4.080047011375427246e-01 3.637928292155265808e-01 7.167840749025344849e-02
1.562147140502929688e-01 4.077374041080474854e-01 3.642132729291915894e-01 7.183460891246795654e-02
1.561578512191772461e-01 4.076882004737854004e-01 3.642905801534652710e-01 7.186336815357208252e-02
1.560915112495422363e-01 4.076307117938995361e-01 3.643807992339134216e-01 7.189697772264480591e-02
1.560454368591308594e-01 4.075907468795776367e-01 3.644435107707977295e-01 7.192030549049377441e-02
1.492199301719665527e-01 4.013940393924713135e-01 3.738621175289154053e-01 7.552391290664672852e-02
1.491381525993347168e-01 4.013162553310394287e-01 3.739766627550125122e-01 7.556892931461334229e-02
1.491384506225585938e-01 4.013167619705200195e-01 3.739760890603065491e-01 7.556869834661483765e-02
1.491376757621765137e-01 4.013158977031707764e-01 3.739772439002990723e-01 7.556918263435363770e-02
1.327517628669738770e-01 3.840018808841705322e-01 3.976528421044349670e-01 8.559351414442062378e-02
1.491388082504272461e-01 4.013170003890991211e-01 3.739756569266319275e-01 7.556853443384170532e-02
1.493514180183410645e-01 4.015186429023742676e-01 3.736782744526863098e-01 7.545166462659835815e-02
1.491914391517639160e-01 4.013670682907104492e-01 3.739019334316253662e-01 7.553955912590026855e-02
1.491381525993347168e-01 4.013163447380065918e-01 3.739765882492065430e-01 7.556891441345214844e-02
1.491888165473937988e-01 4.013643860816955566e-01 3.739057406783103943e-01 7.554105669260025024e-02
1.492218971252441406e-01 4.013958871364593506e-01 3.738593757152557373e-01 7.552284002304077148e-02
6.711309850215911865e-01 2.633217051625251770e-01 5.857502203434705734e-02 6.972287781536579132e-03
1.491386294364929199e-01 4.013168811798095703e-01 3.739758580923080444e-01 7.556863129138946533e-02
1.491381525993347168e-01 4.013164043426513672e-01 3.739765435457229614e-01 7.556889951229095459e-02
1.731827855110168457e-01 4.208465218544006348e-01 3.419432193040847778e-01 6.402747333049774170e-02
1.491379737854003906e-01 4.013161063194274902e-01 3.739768862724304199e-01 7.556903362274169922e-02
1.491609811782836914e-01 4.013381302356719971e-01 3.739445582032203674e-01 7.555633038282394409e-02
1.492226123809814453e-01 4.013966023921966553e-01 3.738583624362945557e-01 7.552242279052734375e-02
1.491559147834777832e-01 4.013332426548004150e-01 3.739517033100128174e-01 7.555913925170898438e-02
1.526150107383728027e-01 4.045458436012268066e-01 3.691444694995880127e-01 7.369467616081237793e-02
1.524403691291809082e-01 4.043870568275451660e-01 3.693856149911880493e-01 7.378695905208587646e-02
1.524088978767395020e-01 4.043585360050201416e-01 3.694289997220039368e-01 7.380356639623641968e-02
1.524097919464111328e-01 4.043592810630798340e-01 3.694278150796890259e-01 7.380311191082000732e-02
1.527921557426452637e-01 4.047064483165740967e-01 3.689001351594924927e-01 7.360126078128814697e-02
1.525982618331909180e-01 4.045306146144866943e-01 3.691676110029220581e-01 7.370351254940032959e-02
1.524096727371215820e-01 4.043591320514678955e-01 3.694280087947845459e-01 7.380318641662597656e-02
1.526049375534057617e-01 4.045366644859313965e-01 3.691584169864654541e-01 7.369998097419738770e-02
1.524093747138977051e-01 4.043588638305664062e-01 3.694284185767173767e-01 7.380334287881851196e-02
8.489341884851455688e-01 1.262259073555469513e-01 2.229668060317635536e-02 2.543223556131124496e-03
1.524092555046081543e-01 4.043588936328887939e-01 3.694284781813621521e-01 7.380337268114089966e-02
2.140041589736938477e-01 4.414109289646148682e-01 2.945903912186622620e-01 4.999452084302902222e-02
1.196641325950622559e-01 3.674060702323913574e-01 4.175713062286376953e-01 9.535849094390869141e-02
1.524083018302917480e-01 4.043578803539276123e-01 3.694298937916755676e-01 7.380392402410507202e-02
1.524384617805480957e-01 4.043854176998138428e-01 3.693881630897521973e-01 7.378795742988586426e-02
1.524768471717834473e-01 4.044202864170074463e-01 3.693352118134498596e-01 7.376765459775924683e-02
1.525633931159973145e-01 4.044989645481109619e-01 3.692157194018363953e-01 7.372192293405532837e-02
1.524213552474975586e-01 4.043697714805603027e-01 3.694118633866310120e-01 7.379700988531112671e-02
1.524200439453125000e-01 4.043686985969543457e-01 3.694135919213294983e-01 7.379766553640365601e-02
1.465126276016235352e-01 3.987791538238525391e-01 3.776703476905822754e-01 7.703787088394165039e-02
1.462884545326232910e-01 3.985585570335388184e-01 3.779874891042709351e-01 7.716549932956695557e-02
1.462749242782592773e-01 3.985450565814971924e-01 3.780067637562751770e-01 7.717325538396835327e-02
1.462529301643371582e-01 3.985233306884765625e-01 3.780379369854927063e-01 7.718580216169357300e-02
1.889079213142395020e-01 4.304354488849639893e-01 3.227017447352409363e-01 5.795488506555557251e-02
1.464700102806091309e-01 3.987372219562530518e-01 3.777306526899337769e-01 7.706211507320404053e-02
1.462696194648742676e-01 3.985398113727569580e-01 3.780142962932586670e-01 7.717627286911010742e-02
1.463045477867126465e-01 3.985743522644042969e-01 3.779647722840309143e-01 7.715632766485214233e-02
1.463826894760131836e-01 3.986513316631317139e-01 3.778541907668113708e-01 7.711178809404373169e-02
1.228738427162170410e-01 3.717241883277893066e-01 4.126105010509490967e-01 9.279146790504455566e-02
1.463038325309753418e-01 3.985735476016998291e-01 3.779658526182174683e-01 7.715676724910736084e-02
1.462550163269042969e-01 3.985255062580108643e-01 3.780348971486091614e-01 7.718458026647567749e-02
1.463079452514648438e-01 3.985775411128997803e-01 3.779600635170936584e-01 7.715445011854171753e-02
1.463246941566467285e-01 3.985941112041473389e-01 3.779363259673118591e-01 7.714486867189407349e-02
1.463884711265563965e-01 3.986568152904510498e-01 3.778461441397666931e-01 7.710856944322586060e-02
1.374658942222595215e-01 3.893546462059020996e-01 3.906913474202156067e-01 8.248811215162277222e-02
1.537834405899047852e-01 4.055985212326049805e-01 3.675358518958091736e-01 7.308218628168106079e-02
1.462555527687072754e-01 3.985260426998138428e-01 3.780341297388076782e-01 7.718427479267120361e-02
1.462560296058654785e-01 3.985266089439392090e-01 3.780333921313285828e-01 7.718396931886672974e-02
1.516510844230651855e-01 4.036651551723480225e-01 3.704773262143135071e-01 7.420643419027328491e-02
1.516778469085693359e-01 4.036899209022521973e-01 3.704401403665542603e-01 7.419209182262420654e-02
1.516176462173461914e-01 4.036344587802886963e-01 3.705236315727233887e-01 7.422426342964172363e-02
1.516658663749694824e-01 4.036786556243896484e-01 3.704569190740585327e-01 7.419855892658233643e-02
1.519972085952758789e-01 4.039828181266784668e-01 3.699980303645133972e-01 7.402194291353225708e-02
1.516045928001403809e-01 4.036224782466888428e-01 3.705416917800903320e-01 7.423123717308044434e-02
1.517508029937744141e-01 4.037567973136901855e-01 3.703392073512077332e-01 7.415319234132766724e-02
1.516872048377990723e-01 4.036984145641326904e-01 3.704272508621215820e-01 7.418712973594665527e-02
1.098779439926147461e-01 3.531635403633117676e-01 4.329559504985809326e-01 1.040025651454925537e-01
1.517137289047241211e-01 4.037227332592010498e-01 3.703905567526817322e-01 7.417298108339309692e-02
1.516166329383850098e-01 4.036334455013275146e-01 3.705250918865203857e-01 7.422482967376708984e-02
1.516506075859069824e-01 4.036647379398345947e-01 3.704779818654060364e-01 7.420667260885238647e-02
9.596467018127441406e-02 3.298362493515014648e-01 4.552711695432662964e-01 1.189279109239578247e-01
7.827629745006561279e-01 1.790279746055603027e-01 3.424829151481389999e-02 3.960759378969669342e-03
1.516498923301696777e-01 4.036641120910644531e-01 3.704789727926254272e-01 7.420702278614044189e-02
1.516506671905517578e-01 4.036647677421569824e-01 3.704779148101806641e-01 7.420665025711059570e-02
1.517502665519714355e-01 4.037562906742095947e-01 3.703399598598480225e-01 7.415348291397094727e-02
1.517847180366516113e-01 4.037879705429077148e-01 3.702922090888023376e-01 7.413510233163833618e-02
1.729561686515808105e-01 4.206912815570831299e-01 3.422301411628723145e-01 6.412240862846374512e-02
5.907777845859527588e-01 3.190115764737129211e-01 8.038311265408992767e-02 9.827526286244392395e-03
1.567196249961853027e-01 4.081730544567108154e-01 3.635273724794387817e-01 7.157994806766510010e-02
1.566649079322814941e-01 4.081259369850158691e-01 3.636016622185707092e-01 7.160749286413192749e-02
1.566484570503234863e-01 4.081117510795593262e-01 3.636240214109420776e-01 7.161577045917510986e-02
1.566573381423950195e-01 4.081194102764129639e-01 3.636119514703750610e-01 7.161130011081695557e-02
1.566276550292968750e-01 4.080938994884490967e-01 3.636522218585014343e-01 7.162622362375259399e-02
1.568063497543334961e-01 4.082475900650024414e-01 3.634097054600715637e-01 7.153635472059249878e-02
2.236972451210021973e-01 4.444095790386199951e-01 2.845242470502853394e-01 4.736892879009246826e-02
1.568195819854736328e-01 4.082589745521545410e-01 3.633917346596717834e-01 7.152970880270004272e-02
1.567598581314086914e-01 4.082075655460357666e-01 3.634728267788887024e-01 7.155974954366683960e-02
1.566479206085205078e-01 4.081113338470458984e-01 3.636247217655181885e-01 7.161602377891540527e-02
1.566997170448303223e-01 4.081558585166931152e-01 3.635544329881668091e-01 7.158999145030975342e-02
1.450492143630981445e-01 3.973271548748016357e-01 3.797460272908210754e-01 7.787760347127914429e-02
1.566850543022155762e-01 4.081433117389678955e-01 3.635742887854576111e-01 7.159734517335891724e-02
1.567691564559936523e-01 4.082155823707580566e-01 3.634602129459381104e-01 7.155504822731018066e-02
5.220325887203216553e-01 3.620908930897712708e-01 1.029274500906467438e-01 1.294906809926033020e-02
1.566900610923767090e-01 4.081475436687469482e-01 3.635675534605979919e-01 7.159484177827835083e-02
1.565803289413452148e-01 4.080531001091003418e-01 3.637164980173110962e-01 7.165007293224334717e-02
1.566493511199951172e-01 4.081125855445861816e-01 3.636227399110794067e-01 7.161532342433929443e-02
1.689032316207885742e-01 4.178267419338226318e-01 3.474096953868865967e-01 6.586033105850219727e-02
1.687429547309875488e-01 4.177100956439971924e-01 3.476163148880004883e-01 6.593063473701477051e-02
4.654385447502136230e-01 3.933685719966888428e-01 1.250029578804969788e-01 1.618992537260055542e-02
1.687420606613159180e-01 4.177094697952270508e-01 3.476174548268318176e-01 6.593101471662521362e-02
2.257733345031738281e-01 4.449704587459564209e-01 2.824221067130565643e-01 4.683410003781318665e-02
1.688572168350219727e-01 4.177933335304260254e-01 3.474689722061157227e-01 6.588047742843627930e-02
1.687419414520263672e-01 4.177093505859375000e-01 3.476176336407661438e-01 6.593107432126998901e-02
1.349095106124877930e-01 3.864908516407012939e-01 3.944518193602561951e-01 8.414781838655471802e-02
1.687897443771362305e-01 4.177441596984863281e-01 3.475560024380683899e-01 6.591009348630905151e-02
1.687570214271545410e-01 4.177202880382537842e-01 3.475982248783111572e-01 6.592446565628051758e-02
1.688996553421020508e-01 4.178242981433868408e-01 3.474141880869865417e-01 6.586185842752456665e-02
1.689490079879760742e-01 4.178600311279296875e-01 3.473506867885589600e-01 6.584027409553527832e-02
1.688475012779235840e-01 4.177861511707305908e-01 3.474815711379051208e-01 6.588477641344070435e-02
1.688853502273559570e-01 4.178138673305511475e-01 3.474326431751251221e-01 6.586813926696777344e-02
1.689181327819824219e-01 4.178376793861389160e-01 3.473904207348823547e-01 6.585376709699630737e-02
1.688268780708312988e-01 4.177712798118591309e-01 3.475080579519271851e-01 6.589378416538238525e-02
2.791260480880737305e-01 4.509647190570831299e-01 2.342249900102615356e-01 3.568424284458160400e-02
1.687418222427368164e-01 4.177092611789703369e-01 3.476177975535392761e-01 6.593111902475357056e-02
1.687471866607666016e-01 4.177131950855255127e-01 3.476108685135841370e-01 6.592874974012374878e-02
1.636210083961486816e-01 4.138388931751251221e-01 3.542960584163665771e-01 6.824404001235961914e-02
1.635324954986572266e-01 4.137696623802185059e-01 3.544126749038696289e-01 6.828516721725463867e-02
1.295121312141418457e-01 3.801377415657043457e-01 4.025046750903129578e-01 8.784545212984085083e-02
1.635128855705261230e-01 4.137542843818664551e-01 3.544385582208633423e-01 6.829427182674407959e-02
1.361253857612609863e-01 3.878644108772277832e-01 3.926588222384452820e-01 8.335138112306594849e-02
1.635830402374267578e-01 4.138091802597045898e-01 3.543461039662361145e-01 6.826167553663253784e-02
1.635153889656066895e-01 4.137562215328216553e-01 3.544352725148200989e-01 6.829311698675155640e-02
1.636325716972351074e-01 4.138479828834533691e-01 3.542807996273040771e-01 6.823864579200744629e-02
1.635163426399230957e-01 4.137569963932037354e-01 3.544339984655380249e-01 6.829266250133514404e-02
1.635116338729858398e-01 4.137533605098724365e-01 3.544401600956916809e-01 6.829484552145004272e-02
8.443252593278884888e-01 1.299603339284658432e-01 2.307952684350311756e-02 2.634879900142550468e-03
1.635140776634216309e-01 4.137551784515380859e-01 3.544370159506797791e-01 6.829372793436050415e-02
1.635978221893310547e-01 4.138207137584686279e-01 3.543266579508781433e-01 6.825480610132217407e-02
1.636282205581665039e-01 4.138447344303131104e-01 3.542863950133323669e-01 6.824064999818801880e-02
1.636500358581542969e-01 4.138616025447845459e-01 3.542578071355819702e-01 6.823055446147918701e-02
1.636344194412231445e-01 4.138495326042175293e-01 3.542782813310623169e-01 6.823776662349700928e-02
1.635139584541320801e-01 4.137552082538604736e-01 3.544370830059051514e-01 6.829375028610229492e-02
1.635134816169738770e-01 4.137547910213470459e-01 3.544377312064170837e-01 6.829399615526199341e-02
1.635147333145141602e-01 4.137556850910186768e-01 3.544361442327499390e-01 6.829343736171722412e-02
1.548492312431335449e-01 4.065446257591247559e-01 3.660752624273300171e-01 7.253088057041168213e-02
1.547788977622985840e-01 4.064826965332031250e-01 3.661713674664497375e-01 7.256703823804855347e-02
4.013238549232482910e-01 4.227117598056793213e-01 1.550372242927551270e-01 2.092716097831726074e-02
1.549940705299377441e-01 4.066722095012664795e-01 3.658772259950637817e-01 7.245649397373199463e-02
1.547766923904418945e-01 4.064806401729583740e-01 3.661744743585586548e-01 7.256819307804107666e-02
1.549085974693298340e-01 4.065968692302703857e-01 3.659941554069519043e-01 7.250037789344787598e-02
1.547780632972717285e-01 4.064818024635314941e-01 3.661726489663124084e-01 7.256748527288436890e-02
1.549213528633117676e-01 4.066081345081329346e-01 3.659766763448715210e-01 7.249383628368377686e-02
1.547941565513610840e-01 4.064961373805999756e-01 3.661505281925201416e-01 7.255917787551879883e-02
1.547914147377014160e-01 4.064936935901641846e-01 3.661542907357215881e-01 7.256060093641281128e-02
1.549163460731506348e-01 4.066038429737091064e-01 3.659834414720535278e-01 7.249636948108673096e-02
1.547774672508239746e-01 4.064812958240509033e-01 3.661734312772750854e-01 7.256780564785003662e-02
1.549654006958007812e-01 4.066469967365264893e-01 3.659164011478424072e-01 7.247120141983032227e-02
1.549949049949645996e-01 4.066729843616485596e-01 3.658760637044906616e-01 7.245604693889617920e-02
1.605717539787292480e-01 4.114007353782653809e-01 3.583419695496559143e-01 6.968554109334945679e-02
1.548690795898437500e-01 4.065621793270111084e-01 3.660480678081512451e-01 7.252067327499389648e-02
1.548340916633605957e-01 4.065313935279846191e-01 3.660958781838417053e-01 7.253863662481307983e-02
1.547780632972717285e-01 4.064818322658538818e-01 3.661726191639900208e-01 7.256748527288436890e-02
1.547834277153015137e-01 4.064865112304687500e-01 3.661653324961662292e-01 7.256472855806350708e-02
1.494123339653015137e-01 4.015764594078063965e-01 3.735929951071739197e-01 7.541821151971817017e-02
1.494125127792358398e-01 4.015766084194183350e-01 3.735927715897560120e-01 7.541810721158981323e-02
1.495463252067565918e-01 4.017031788825988770e-01 3.734057396650314331e-01 7.534475624561309814e-02
1.496177911758422852e-01 4.017706215381622314e-01 3.733059391379356384e-01 7.530564814805984497e-02
1.494123339653015137e-01 4.015763700008392334e-01 3.735930547118186951e-01 7.541824132204055786e-02
1.494480967521667480e-01 4.016102254390716553e-01 3.735430836677551270e-01 7.539859414100646973e-02
1.494324207305908203e-01 4.015953838825225830e-01 3.735649958252906799e-01 7.540719956159591675e-02
1.494131088256835938e-01 4.015771746635437012e-01 3.735919296741485596e-01 7.541778683662414551e-02
1.495712995529174805e-01 4.017267823219299316e-01 3.733708411455154419e-01 7.533107697963714600e-02
1.494117975234985352e-01 4.015758931636810303e-01 3.735937848687171936e-01 7.541852444410324097e-02
1.494114398956298828e-01 4.015755653381347656e-01 3.735942691564559937e-01 7.541872560977935791e-02
1.495164632797241211e-01 4.016749858856201172e-01 3.734474480152130127e-01 7.536110281944274902e-02
1.494893431663513184e-01 4.016492068767547607e-01 3.734854385256767273e-01 7.537601143121719360e-02
1.495394110679626465e-01 4.016966819763183594e-01 3.734153807163238525e-01 7.534852623939514160e-02
7.489109039306640625e-02 2.863476276397705078e-01 4.883826375007629395e-01 1.503786444664001465e-01
1.494377851486206055e-01 4.016004502773284912e-01 3.735574856400489807e-01 7.540427893400192261e-02
1.494817137718200684e-01 4.016420543193817139e-01 3.734960481524467468e-01 7.538018375635147095e-02
1.494112610816955566e-01 4.015754461288452148e-01 3.735945075750350952e-01 7.541878521442413330e-02
1.494125127792358398e-01 4.015766084194183350e-01 3.735927715897560120e-01 7.541810721158981323e-02
1.550863981246948242e-01 4.067533910274505615e-01 3.657510653138160706e-01 7.240914553403854370e-02
7.859363108873367310e-01 1.765381693840026855e-01 3.363809199072420597e-02 3.887427737936377525e-03
1.550366878509521484e-01 4.067097902297973633e-01 3.658189252018928528e-01 7.243459671735763550e-02
1.551655530929565430e-01 4.068229496479034424e-01 3.656429201364517212e-01 7.236857712268829346e-02
1.550481319427490234e-01 4.067196846008300781e-01 3.658034056425094604e-01 7.242877781391143799e-02
1.550410389900207520e-01 4.067135453224182129e-01 3.658130168914794922e-01 7.243239879608154297e-02
1.550720930099487305e-01 4.067409038543701172e-01 3.657705560326576233e-01 7.241644710302352905e-02
1.551382541656494141e-01 4.067988693714141846e-01 3.656803071498870850e-01 7.238256931304931641e-02
1.552348136901855469e-01 4.068835377693176270e-01 3.655485063791275024e-01 7.233314216136932373e-02
1.338976621627807617e-01 3.853320479393005371e-01 3.959497883915901184e-01 8.482050150632858276e-02
1.550589203834533691e-01 4.067291915416717529e-01 3.657886534929275513e-01 7.242323458194732666e-02
1.550350189208984375e-01 4.067081212997436523e-01 3.658213466405868530e-01 7.243551313877105713e-02
1.550209522247314453e-01 4.066958129405975342e-01 3.658405318856239319e-01 7.244270294904708862e-02
1.551812291145324707e-01 4.068365395069122314e-01 3.656216412782669067e-01 7.236059010028839111e-02
1.325778365135192871e-01 3.837984502315521240e-01 3.979118540883064270e-01 8.571185916662216187e-02
1.551174521446228027e-01 4.067806899547576904e-01 3.657086342573165894e-01 7.239322364330291748e-02
1.551502943038940430e-01 4.068095088005065918e-01 3.656638115644454956e-01 7.237638533115386963e-02
1.550366878509521484e-01 4.067097902297973633e-01 3.658189252018928528e-01 7.243459671735763550e-02
1.550374627113342285e-01 4.067103564739227295e-01 3.658179566264152527e-01 7.243422418832778931e-02
1.571673750877380371e-01 4.085568487644195557e-01 3.629203811287879944e-01 7.135539501905441284e-02
1.571309566497802734e-01 4.085257351398468018e-01 3.629696965217590332e-01 7.137361168861389160e-02
1.571303606033325195e-01 4.085252285003662109e-01 3.629705086350440979e-01 7.137390226125717163e-02
1.571301817893981934e-01 4.085249602794647217e-01 3.629708364605903625e-01 7.137402147054672241e-02
1.571833491325378418e-01 4.085705876350402832e-01 3.628986775875091553e-01 7.134738564491271973e-02
1.571317911148071289e-01 4.085263907909393311e-01 3.629686161875724792e-01 7.137320190668106079e-02
1.571329832077026367e-01 4.085274636745452881e-01 3.629669547080993652e-01 7.137259840965270996e-02
8.977200090885162354e-01 8.623255044221878052e-02 1.441762049216777086e-02 1.629819977097213268e-03
1.571299433708190918e-01 4.085247516632080078e-01 3.629711568355560303e-01 7.137414813041687012e-02
1.574895381927490234e-01 4.088316261768341064e-01 3.624843060970306396e-01 7.119452953338623047e-02
1.571311950683593750e-01 4.085258543491363525e-01 3.629694357514381409e-01 7.137351483106613159e-02
1.571320295333862305e-01 4.085267186164855957e-01 3.629681915044784546e-01 7.137306034564971924e-02
1.571322679519653320e-01 4.085268378257751465e-01 3.629679307341575623e-01 7.137296348810195923e-02
1.571338176727294922e-01 4.085280895233154297e-01 3.629659041762351990e-01 7.137218862771987915e-02
1.571317911148071289e-01 4.085264801979064941e-01 3.629685416817665100e-01 7.137318700551986694e-02
1.571508646011352539e-01 4.085427522659301758e-01 3.629427254199981689e-01 7.136365771293640137e-02
1.573559641838073730e-01 4.087178111076354980e-01 3.626650720834732056e-01 7.126115262508392334e-02
1.571307778358459473e-01 4.085255563259124756e-01 3.629699572920799255e-01 7.137370854616165161e-02
1.571322083473205566e-01 4.085268080234527588e-01 3.629680052399635315e-01 7.137297838926315308e-02
1.503999829292297363e-01 4.025054574012756348e-01 3.722150027751922607e-01 7.487955689430236816e-02
1.503995656967163086e-01 4.025049209594726562e-01 3.722156956791877747e-01 7.487981766462326050e-02
1.504008769989013672e-01 4.025062024593353271e-01 3.722138181328773499e-01 7.487910240888595581e-02
1.504005193710327148e-01 4.025058746337890625e-01 3.722143322229385376e-01 7.487927377223968506e-02
1.504017114639282227e-01 4.025069773197174072e-01 3.722126632928848267e-01 7.487864792346954346e-02
1.504004597663879395e-01 4.025058448314666748e-01 3.722143918275833130e-01 7.487930357456207275e-02
1.504009366035461426e-01 4.025063812732696533e-01 3.722136393189430237e-01 7.487904280424118042e-02
1.504002809524536133e-01 4.025057256221771240e-01 3.722145855426788330e-01 7.487940788269042969e-02
1.504005789756774902e-01 4.025059044361114502e-01 3.722142577171325684e-01 7.487925887107849121e-02
1.504013538360595703e-01 4.025067687034606934e-01 3.722130730748176575e-01 7.487880438566207886e-02
1.504007577896118164e-01 4.025062024593353271e-01 3.722139373421669006e-01 7.487910240888595581e-02
1.503980159759521484e-01 4.025036692619323730e-01 3.722177073359489441e-01 7.488060742616653442e-02
1.504016518592834473e-01 4.025069475173950195e-01 3.722127228975296021e-01 7.487867772579193115e-02
1.504005193710327148e-01 4.025058746337890625e-01 3.722143173217773438e-01 7.487928867340087891e-02
1.503991484642028809e-01 4.025046825408935547e-01 3.722161576151847839e-01 7.488001137971878052e-02
1.504011154174804688e-01 4.025063812732696533e-01 3.722135275602340698e-01 7.487897574901580811e-02
1.504001021385192871e-01 4.025054275989532471e-01 3.722149506211280823e-01 7.487951964139938354e-02
1.504460573196411133e-01 4.025484919548034668e-01 3.721508681774139404e-01 7.485458254814147949e-02
1.507608294486999512e-01 4.028419256210327148e-01 3.717128857970237732e-01 7.468435913324356079e-02
1.462588906288146973e-01 3.985294401645660400e-01 3.780293241143226624e-01 7.718234509229660034e-02
1.462621092796325684e-01 3.985324501991271973e-01 3.780248835682868958e-01 7.718055695295333862e-02
1.462600231170654297e-01 3.985305726528167725e-01 3.780277073383331299e-01 7.718169689178466797e-02
1.462609767913818359e-01 3.985314965248107910e-01 3.780263736844062805e-01 7.718115299940109253e-02
7.780283689498901367e-02 2.930178046226501465e-01 4.840008169412612915e-01 1.451785415410995483e-01
1.462576985359191895e-01 3.985280990600585938e-01 3.780311346054077148e-01 7.718306779861450195e-02
1.462618112564086914e-01 3.985322415828704834e-01 3.780252486467361450e-01 7.718069851398468018e-02
1.462612748146057129e-01 3.985315859317779541e-01 3.780261054635047913e-01 7.718103379011154175e-02
1.462609171867370605e-01 3.985313177108764648e-01 3.780265450477600098e-01 7.718122005462646484e-02
1.462607383728027344e-01 3.985310494899749756e-01 3.780268728733062744e-01 7.718133926391601562e-02
8.635157346725463867e-02 3.113299012184143066e-01 4.706734567880630493e-01 1.316450685262680054e-01
1.462593674659729004e-01 3.985297083854675293e-01 3.780287876725196838e-01 7.718213647603988647e-02
1.462607383728027344e-01 3.985311388969421387e-01 3.780268207192420959e-01 7.718130201101303101e-02
1.462608575820922852e-01 3.985311686992645264e-01 3.780267015099525452e-01 7.718127220869064331e-02
1.462576389312744141e-01 3.985281288623809814e-01 3.780311420559883118e-01 7.718309015035629272e-02
1.462595462799072266e-01 3.985299766063690186e-01 3.780284970998764038e-01 7.718198001384735107e-02
8.287360370159149170e-01 1.425316538661718369e-01 2.577998535707592964e-02 2.952323760837316513e-03
1.462603807449340820e-01 3.985307514667510986e-01 3.780273273587226868e-01 7.718154042959213257e-02
1.462615132331848145e-01 3.985318541526794434e-01 3.780257403850555420e-01 7.718089222908020020e-02
