feature	Hbin_probs
Y131H	0.3614276349544525
A24V	0.2816067934036255
I99V	0.27515724301338196
E19K	0.2652009427547455
I23L	0.2544187307357788
D49V	0.2535848319530487
R224S	0.24628494679927826
A225T	0.24046240746974945
L170M	0.237797811627388
T109I	0.2360585629940033
T63I	0.23542320728302002
N151Y	0.23001526296138763
G86D	0.22192998230457306
S58R	0.21549321711063385
G186A	0.2098098248243332
A69G	0.20513266324996948
M229I	0.20191502571105957
P232S	0.19516798853874207
A66E	0.19114097952842712
S60G	0.190290167927742
H129Q	0.17990855872631073
F146S	0.17714923620224
H28Q	0.17608048021793365
M21T	0.17479777336120605
L206Q	0.17301799356937408
T254A	0.16967268288135529
G70C	0.16877435147762299
L89R	0.16488951444625854
G180D	0.16356733441352844
P44T	0.1589626967906952
D121V	0.1580403596162796
E47D	0.15774571895599365
L178V	0.1569143831729889
F135I	0.15667656064033508
M229L	0.15644711256027222
N65H	0.1562655121088028
C251S	0.15602925419807434
C101S	0.15543916821479797
A226T	0.1552569419145584
A119T	0.15519380569458008
I184F	0.15454117953777313
N198K	0.1541164368391037
L137V	0.15372788906097412
G217D	0.1537008285522461
S60C	0.15249133110046387
Q80H	0.15218310058116913
P200T	0.1520116627216339
L137R	0.15180851519107819
W168C	0.15165776014328003
R140P	0.15145710110664368
A218G	0.1514211744070053
R255P	0.1511964499950409
G98S	0.15088465809822083
T77S	0.1507648080587387
W269R	0.15037864446640015
H20Q	0.15014764666557312
R102G	0.15013615787029266
E249G	0.14982888102531433
D190E	0.14954407513141632
G180A	0.14924556016921997
E215K	0.14911752939224243
A93V	0.14897724986076355
A94T	0.14880821108818054
L152H	0.1486005038022995
G217R	0.1483396291732788
N189S	0.14737656712532043
D45V	0.1471429169178009
R250S	0.14680442214012146
S242C	0.14671960473060608
P124S	0.14667759835720062
I184N	0.1463446319103241
F62C	0.14536771178245544
D273G	0.14517854154109955
L78P	0.1450033336877823
R224G	0.1443152129650116
H20P	0.14355650544166565
A35V	0.14352074265480042
D197A	0.1425875723361969
P61S	0.14254352450370789
N167K	0.1424768716096878
T126P	0.14231064915657043
R250C	0.1422886848449707
T216I	0.14195336401462555
M209A	0.14183087646961212
N65S	0.14169391989707947
D158N	0.14142395555973053
V133A	0.1414237916469574
D118G	0.140852153301239
D33N	0.14076067507266998
R250G	0.14054237306118011
K231I	0.14046306908130646
A25T	0.14038652181625366
N198H	0.14016591012477875
H20Y	0.13995106518268585
H172L	0.13960939645767212
V194D	0.13951827585697174
F174Y	0.1387573480606079
V43I	0.1387261152267456
L230V	0.13857649266719818
S75N	0.13829681277275085
N189Y	0.13821859657764435
F12I	0.137756809592247
V194I	0.1377118080854416
F116I	0.13762333989143372
M229T	0.13727349042892456
A218T	0.13715316355228424
I23S	0.13668787479400635
A100P	0.13644155859947205
M258T	0.13639791309833527
Q8L	0.13603562116622925
R108C	0.13431371748447418
A211T	0.1340557485818863
A225V	0.13354310393333435
D121H	0.1334492415189743
M21L	0.133191779255867
E84K	0.1330757439136505
S75C	0.13280045986175537
G98A	0.1327667236328125
D197Y	0.13197028636932373
L206R	0.13168272376060486
D273N	0.131645068526268
Y143N	0.13146930932998657
K227R	0.13104192912578583
P169S	0.13090546429157257
E34A	0.13089506328105927
H210Y	0.1307150423526764
K92I	0.13054867088794708
D54E	0.13038654625415802
T14I	0.13022662699222565
V76I	0.12967175245285034
N151I	0.12935441732406616
R11S	0.1290334016084671
R256P	0.12897971272468567
A247G	0.12874646484851837
F240Y	0.128728449344635
E147D	0.12867149710655212
E132G	0.1286483258008957
E223A	0.12846046686172485
I99T	0.12814395129680634
A35P	0.1276160329580307
Y161F	0.12752878665924072
F146V	0.12739521265029907
A15S	0.12720106542110443
D49E	0.1268145889043808
P44L	0.1267595738172531
T22P	0.12615332007408142
T183I	0.1261247843503952
K227E	0.12543565034866333
V103I	0.1251492202281952
V166I	0.12509697675704956
P44Q	0.1249556690454483
M193K	0.12489356100559235
V39A	0.12455232441425323
H172R	0.1244896724820137
D49Y	0.12447802722454071
D105V	0.12334582954645157
F116Y	0.12333126366138458
K171N	0.12297581136226654
P175S	0.12297476083040237
I27A	0.12284193933010101
N65D	0.12225642800331116
L152I	0.12218986451625824
M195T	0.12210483103990555
G98C	0.12122464925050735
E223G	0.12103857100009918
G106D	0.12100283801555634
Q185L	0.120583176612854
I27V	0.12005619704723358
K92N	0.12003985792398453
A69T	0.11986542493104935
N198I	0.11961757391691208
F112H	0.11943905055522919
I248V	0.119166299700737
R48C	0.11905986070632935
H264Q	0.11892791092395782
R114P	0.11870398372411728
G157S	0.11838723719120026
K123R	0.11798485368490219
H172Y	0.11797483265399933
P124L	0.11680584400892258
M258I	0.11619188636541367
M40I	0.11618712544441223
A37V	0.11534413695335388
R17C	0.11519872397184372
V38N	0.11470560729503632
A211E	0.1145239993929863
S75G	0.11446733772754669
V72D	0.11376575380563736
G13D	0.1136077344417572
D33Y	0.11351729184389114
E223D	0.11305969953536987
Y96C	0.11303751170635223
T183A	0.1129576787352562
A73E	0.11272489279508591
D105H	0.11211583018302917
N198Y	0.11138112843036652
E47V	0.11135298758745193
A122V	0.11115632951259613
E84G	0.111126609146595
Q241H	0.11066975444555283
D164E	0.11059439927339554
E84V	0.11042627692222595
P149A	0.11013079434633255
A15V	0.11007232218980789
R111P	0.11000359058380127
I27F	0.1099257692694664
L89P	0.10922794044017792
E212V	0.1091550812125206
N198S	0.10885418951511383
R214G	0.10834979265928268
I228T	0.1082792580127716
R256C	0.10827711224555969
L230Q	0.10809481143951416
G186C	0.10791117697954178
H3Q	0.10780508071184158
I27N	0.10780283063650131
R256H	0.10763819515705109
A66T	0.10739601403474808
I228V	0.10699154436588287
A221T	0.1069507971405983
D118A	0.10693967342376709
S91N	0.10662180930376053
F240I	0.10569223016500473
P145S	0.10556722432374954
R214C	0.10556051880121231
R163H	0.10553368926048279
F181L	0.10549446940422058
K227N	0.10534782707691193
R214H	0.10509300976991653
E249V	0.10507916659116745
D158V	0.10476087778806686
H264L	0.10400256514549255
A18S	0.10389205813407898
N244D	0.10343357920646667
M209T	0.10329556465148926
R224H	0.10296530276536942
A220T	0.10296455770730972
A247T	0.10288581252098083
V142L	0.1025233268737793
A37T	0.10229907929897308
T254I	0.10228026658296585
L107M	0.1022743433713913
T14N	0.10216395556926727
G217S	0.10203628987073898
R102H	0.10201927274465561
D31V	0.10197611898183823
G162S	0.10134183615446091
I127T	0.10128280520439148
P6R	0.10101669281721115
L152C	0.1009245440363884
Y5C	0.10091318935155869
V159A	0.10081753134727478
A7V	0.10077572613954544
E147G	0.1007111668586731
G13V	0.1005324125289917
E55A	0.10048769414424896
E201A	0.10043533146381378
A119G	0.10037092119455338
G179C	0.10033661127090454
G106R	0.1003078818321228
L137Q	0.09965416043996811
E47K	0.0994362160563469
A16S	0.09937393665313721
S173T	0.09934018552303314
R255H	0.09920234233140945
V43G	0.09915466606616974
A73V	0.09879616647958755
I23F	0.09847209602594376
D207E	0.09818758815526962
K92R	0.09794662147760391
N167I	0.09756647050380707
V71A	0.09750229120254517
C251G	0.09733809530735016
E34G	0.09725994616746902
I99F	0.09721487015485764
P124Q	0.09720800071954727
C156S	0.09720124304294586
E55G	0.09713492542505264
S160R	0.0967865064740181
M195I	0.09676745533943176
S117C	0.09619327634572983
V142F	0.09617259353399277
A220G	0.09605181962251663
S60N	0.09574179351329803
L262Q	0.09535849094390869
V103A	0.09491903334856033
V159D	0.09472700208425522
T252A	0.09470803290605545
L30P	0.09459353983402252
G192C	0.09457767754793167
A18T	0.09445930272340775
D190V	0.09424299001693726
G128S	0.09416946023702621
N167D	0.09394298493862152
T109N	0.09380736947059631
H246Q	0.09379199147224426
F146Y	0.0937827080488205
N151T	0.09348990023136139
E95G	0.09340955317020416
E34K	0.09332571178674698
A16T	0.09317983686923981
Y131C	0.09301803261041641
I263M	0.09279146790504456
S160C	0.09274541586637497
N198D	0.09271267056465149
L115Q	0.09261458367109299
N65K	0.0925111323595047
H129R	0.0923989862203598
P44R	0.09234462678432465
Y213F	0.09233170002698898
A25V	0.09217359125614166
P200L	0.09214135259389877
L239P	0.09177088737487793
G186R	0.09091208875179291
L30M	0.09074530750513077
R255C	0.09034046530723572
F12Y	0.0900418758392334
M209I	0.09002582728862762
M209L	0.08997891843318939
V90D	0.08984983712434769
F57I	0.0898188054561615
S60R	0.08976190537214279
Y161N	0.0895114615559578
L178M	0.0893586128950119
G13C	0.08919127285480499
Q241R	0.08879316598176956
H67Q	0.08862198144197464
L182Q	0.08839895576238632
I219V	0.08793555945158005
D267E	0.08784545212984085
L222V	0.08768710494041443
C251R	0.08765852451324463
M229K	0.08736196160316467
E208K	0.08730949461460114
W168L	0.08720090240240097
F62S	0.08708863705396652
F57Y	0.0870758667588234
T22N	0.08700915426015854
A119S	0.08691881597042084
R48H	0.0868968665599823
K231R	0.08688292652368546
F97Y	0.08687804639339447
D33V	0.0866091251373291
K171E	0.0863230973482132
M10I	0.08615418523550034
F12S	0.08613299578428268
M229R	0.08596961200237274
P6L	0.08571197092533112
R270S	0.08571185916662216
L261F	0.08559351414442062
E215D	0.0853385254740715
F146L	0.08511890470981598
E208G	0.08509775251150131
L125Q	0.08499021828174591
R270L	0.08482050150632858
A18V	0.08471229672431946
M193V	0.08460909128189087
A220V	0.08422772586345673
R250H	0.08416827023029327
E266K	0.08414781838655472
I184S	0.084062360227108
R11G	0.08395707607269287
A187T	0.08350448310375214
D267G	0.08335138112306595
R203P	0.0832173153758049
A73T	0.083128921687603
R199H	0.08286834508180618
M21V	0.08267591893672943
E95V	0.08250117301940918
I263T	0.08248811215162277
F150Y	0.08234954625368118
D49G	0.08229226619005203
D41H	0.08215134590864182
T165N	0.0819167047739029
V71I	0.0815126895904541
R176H	0.08145658671855927
R233L	0.0814080610871315
L237V	0.08119865506887436
H3N	0.0808711126446724
L107Q	0.08080656081438065
L245M	0.08077193051576614
P154S	0.08063558489084244
S173G	0.08061694353818893
N151S	0.08041718602180481
V76D	0.08039779216051102
Y161C	0.0803254097700119
S160N	0.08032237738370895
V38F	0.08012894541025162
A226D	0.08012198656797409
V133D	0.07989044487476349
L152P	0.07984679937362671
D53E	0.07983606308698654
M193T	0.07959135621786118
A29V	0.07896431535482407
A25S	0.07876335829496384
A100G	0.07873605936765671
N167W	0.07862642407417297
N167M	0.07860828936100006
N167V	0.07860790193080902
N167C	0.07859673351049423
N167H	0.0785897746682167
N167F	0.07858192920684814
N167L	0.07857602089643478
N167T	0.07857170701026917
N167Q	0.07856956124305725
R176C	0.07856705784797668
N167R	0.07855811715126038
N167P	0.0785527378320694
N167G	0.07854484766721725
G179S	0.07854229211807251
N167Y	0.07854139804840088
N167A	0.07852744311094284
N167E	0.07851817458868027
E144V	0.07845213264226913
D41G	0.07844094932079315
D45E	0.07841702550649643
G157V	0.07823575288057327
P149Q	0.07820294052362442
S202N	0.07813779264688492
Q82L	0.07813753187656403
F57A	0.07799502462148666
F57K	0.07799476385116577
F57M	0.07799448817968369
F57V	0.07799448072910309
F57N	0.07799431681632996
F57W	0.07799423485994339
F57P	0.07799408584833145
F57R	0.07799404859542847
F57H	0.07799401134252548
F57Q	0.0779939815402031
F57C	0.07799392938613892
F57T	0.07799389213323593
F57G	0.07798153162002563
F57D	0.07795576751232147
F57E	0.077946238219738
E19C	0.07793089002370834
E19Y	0.077930748462677
E19F	0.07793059945106506
E19Q	0.07793039083480835
E19W	0.0779302567243576
E19P	0.07792991399765015
E19H	0.07792984694242477
E19T	0.07792975753545761
E19I	0.07792916148900986
E19N	0.07792913913726807
E19V	0.07792901992797852
E19M	0.07792896777391434
E19L	0.07792850583791733
E19R	0.07790252566337585
E19A	0.07790134102106094
P145I	0.07788250595331192
P145C	0.07787841558456421
P145K	0.07787779718637466
T265P	0.07787760347127914
P145V	0.07787740230560303
P145M	0.0778755247592926
P145H	0.0778668224811554
P145N	0.07786437124013901
P145F	0.07786258310079575
P145Y	0.07786080241203308
P145A	0.07784934341907501
P145E	0.07783904671669006
P145D	0.077837735414505
P145T	0.07783575356006622
E19S	0.07782919704914093
A100D	0.07781854271888733
A100Y	0.0778178796172142
A100H	0.07781777530908585
A100Q	0.07781711965799332
A100W	0.07781699299812317
A100F	0.07781628519296646
A100M	0.07780559360980988
A100E	0.07780500501394272
A100K	0.07779362052679062
A100R	0.0777873545885086
A100N	0.07778677344322205
A100I	0.07777045667171478
P145G	0.07775545120239258
P145W	0.0777471736073494
A100C	0.07774388790130615
A100L	0.07774289697408676
A100S	0.07765926420688629
F116V	0.07763727009296417
T139I	0.07762711495161057
P145Q	0.07744455337524414
D36Y	0.0772792398929596
I263E	0.07718580216169357
I263P	0.07718458026647568
I263W	0.0771842747926712
I263Y	0.07718396931886673
D273S	0.07718309015035629
D273H	0.0771830677986145
D273A	0.0771823450922966
D273P	0.07718213647603989
D273T	0.07718198001384735
D273E	0.07718169689178467
D273W	0.07718154042959213
D273M	0.07718133926391602
D273Q	0.07718130201101303
D273R	0.07718127220869064
D273L	0.07718122005462646
D273F	0.07718115299940109
D273K	0.07718103379011154
D273Y	0.0771808922290802
D273I	0.07718069851398468
D273C	0.07718055695295334
I263H	0.07717627286911011
I263D	0.07717325538396835
I263C	0.07716549932956696
D158G	0.07716299593448639
T77M	0.07715810835361481
T77C	0.07715768367052078
T77W	0.07715757191181183
T77Y	0.07715744525194168
T77L	0.07715743035078049
I263N	0.07715676724910736
I263K	0.07715632766485214
I263Q	0.07715445011854172
T77K	0.07714763283729553
T77F	0.07714571803808212
T77H	0.07714527100324631
I263R	0.07714486867189407
T77N	0.07714077830314636
T77V	0.07713481783866882
T77P	0.07713093608617783
I263L	0.07711178809404373
T77Q	0.07711143791675568
I263S	0.07710856944322586
T77G	0.07710719853639603
R224I	0.07708348333835602
R224W	0.07708346098661423
R224M	0.07708276808261871
T77E	0.0770806148648262
R224Y	0.07707428932189941
R224V	0.07707150280475616
I263G	0.07706211507320404
R224F	0.07705129683017731
T77R	0.07704915851354599
I263A	0.07703787088394165
R224T	0.07702891528606415
T77D	0.07702500373125076
R224K	0.0770237073302269
R224E	0.07700403779745102
R224A	0.07699553668498993
R224L	0.0769929587841034
R224P	0.07698949426412582
R224N	0.0769805908203125
R224D	0.0769563615322113
C251F	0.07693404704332352
R224Q	0.07690379023551941
I127L	0.07686527073383331
A218C	0.07664016634225845
G13L	0.07664000988006592
G13N	0.07663935422897339
G13Y	0.07663906365633011
G13Q	0.07663887739181519
G13I	0.07663857191801071
A218W	0.07663851976394653
G13H	0.07663819938898087
G13M	0.07663816958665848
G13K	0.07663815468549728
G13W	0.0766376405954361
G13P	0.07663746178150177
G13E	0.07663718611001968
G13R	0.07663635164499283
G13T	0.07663624733686447
A218Y	0.07662881910800934
G13F	0.0766226127743721
A218M	0.07662167400121689
G13A	0.07660962641239166
A218Q	0.076592355966568
E47N	0.07658996433019638
E47W	0.0765896588563919
E47H	0.0765892043709755
E47R	0.0765891745686531
E47L	0.07658897340297699
E47F	0.0765889510512352
E47C	0.07658878713846207
E47P	0.0765887200832367
E47Y	0.07658831030130386
E47I	0.0765882283449173
E47M	0.07658814638853073
A218N	0.07658765465021133
A218K	0.07658662647008896
A218F	0.07658028602600098
A218H	0.0765795111656189
A218L	0.07657629251480103
A218E	0.0765732005238533
E47T	0.07656240463256836
E47Q	0.07655912637710571
A218D	0.07654829323291779
A218I	0.07653582096099854
A218R	0.07653213292360306
E47S	0.07653118669986725
A32P	0.0765174850821495
V90C	0.07650332897901535
V90W	0.07650250196456909
N244S	0.07650087773799896
V90M	0.07650020718574524
V90Y	0.07649899274110794
L230M	0.07649274170398712
V90L	0.07645194232463837
A218S	0.0764516070485115
V90P	0.07644949108362198
V90H	0.07644239813089371
V90N	0.0764407366514206
S60T	0.07643511146306992
S60Y	0.07643501460552216
S60D	0.07643481343984604
S60F	0.07643464207649231
S60W	0.07643462717533112
S60H	0.07643445581197739
S60I	0.07643440365791321
S60A	0.07643426954746246
V90K	0.07643243670463562
V90T	0.07643124461174011
C101R	0.07642663270235062
S60Q	0.0764215812087059
S60K	0.07642079144716263
S60V	0.07642048597335815
V90S	0.07641942799091339
S60P	0.0764099583029747
S60M	0.07640913128852844
S60L	0.07640708237886429
V90G	0.07640290260314941
V90Q	0.07639560848474503
R255Y	0.07638894021511078
R255L	0.07638820260763168
R255T	0.07638813555240631
R255I	0.07638796418905258
R255S	0.07638754695653915
R255E	0.07638751715421677
V90E	0.0763874277472496
R255Q	0.07638727873563766
R255A	0.07638724148273468
R255K	0.07638717442750931
R255M	0.076386958360672
R255F	0.07638682425022125
R255N	0.07638680934906006
R255W	0.07638680934906006
R255D	0.07638660073280334
R255V	0.07638626545667648
V90R	0.07637035846710205
S60E	0.07632138580083847
I219W	0.07627537101507187
I219C	0.07627346366643906
I219G	0.07626386731863022
I219H	0.07624533027410507
I219S	0.07623010128736496
I219Q	0.07622697949409485
I219Y	0.076226606965065
I219R	0.0762193500995636
I219K	0.07621067762374878
I219P	0.07619959861040115
I219E	0.07619241625070572
T165C	0.07618214190006256
I219D	0.07617074251174927
T165W	0.07616749405860901
I219A	0.07616715133190155
T165M	0.07616635411977768
T165Y	0.07615907490253448
T165I	0.07615495473146439
T165D	0.07614952325820923
T165V	0.07614676654338837
T165E	0.0761437937617302
T165K	0.07613770663738251
I219L	0.07613376528024673
T165F	0.07613027840852737
T165H	0.0761280357837677
T165Q	0.07611089199781418
T165L	0.07610933482646942
T257Y	0.07610104233026505
T257E	0.07610088586807251
T257P	0.07610072195529938
T257D	0.07610055804252625
T257W	0.07610035687685013
T257H	0.07610026746988297
T257K	0.07610014826059341
T165R	0.07609810680150986
T257M	0.0760924443602562
T257Q	0.07609184086322784
T257F	0.07608799636363983
T257C	0.07608461380004883
T257N	0.07607793062925339
T257R	0.07607249915599823
T165P	0.07605332881212234
T257G	0.07604783773422241
A7W	0.07601969689130783
A7I	0.07601937651634216
A7C	0.07601843774318695
A7R	0.07601843774318695
A7E	0.07601822167634964
A7F	0.07601820677518845
A7N	0.07601805031299591
A7M	0.07601800560951233
A7T	0.07601796835660934
A7K	0.07601768523454666
A7D	0.0760175883769989
A7H	0.07601728290319443
A7Y	0.07601708173751831
A7L	0.07601682841777802
A7Q	0.07601674646139145
T165G	0.0760112851858139
A7S	0.07599116116762161
T257L	0.07599075883626938
T257V	0.07597469538450241
Q82F	0.07595444470643997
Q82M	0.0759543776512146
Q82C	0.07595431059598923
Q82W	0.0759539008140564
Q82I	0.07594586908817291
Q82K	0.07594194263219833
Q82V	0.07593952119350433
Q82P	0.07592426240444183
Q82D	0.07592255622148514
Q82A	0.07591091841459274
Q82S	0.07590863853693008
Q82E	0.0758989229798317
Q82H	0.07589870691299438
Q82T	0.07589755207300186
Q82Y	0.07589007914066315
Q82G	0.07588636130094528
Q82N	0.07587777078151703
L222C	0.07581769675016403
L222W	0.0758168026804924
L222Y	0.0758122131228447
L222G	0.07580156624317169
L222H	0.07579736411571503
L222N	0.07579153031110764
L222R	0.07578407227993011
L222F	0.0757785364985466
L222D	0.07577218115329742
L222S	0.07576577365398407
L222E	0.07576440274715424
L222T	0.07575824111700058
L222K	0.07575346529483795
L222M	0.07575196772813797
L222A	0.07572881132364273
L222I	0.07571770250797272
A220Y	0.07561811804771423
A220C	0.07561423629522324
A220F	0.07560258358716965
A220M	0.07560192048549652
A220I	0.07559461891651154
A220N	0.07558771967887878
A220W	0.07558135688304901
A220H	0.07558049261569977
G179M	0.07557293027639389
G179W	0.07557284832000732
G179Q	0.07557225227355957
G179F	0.07557201385498047
G179E	0.07557182759046555
G179K	0.07557178288698196
G179H	0.07557173073291779
G179L	0.07557152956724167
G179R	0.07557116448879242
G179I	0.0755707323551178
L261E	0.07556918263435364
L261T	0.0755690336227417
L261C	0.07556892931461334
L261K	0.07556891441345215
L261R	0.07556889951229095
L261D	0.07556869834661484
L261Q	0.07556863129138947
L261G	0.0755685344338417
G179P	0.07556571811437607
G179Y	0.07556544989347458
A220L	0.07556495070457458
L261Y	0.07555913925170898
A220Q	0.07555762678384781
L261V	0.07555633038282394
G179N	0.07554618269205093
A220K	0.0755418911576271
L261M	0.07554105669260025
A220P	0.07554079592227936
L261I	0.07553955912590027
A220R	0.07553334534168243
L261A	0.07552391290664673
L261N	0.07552284002304077
L261W	0.07552242279052734
A220S	0.07550152391195297
A220D	0.07547351717948914
A220E	0.07547034323215485
G179T	0.07546263933181763
L261H	0.07545166462659836
K227G	0.07544907182455063
K227I	0.07544220983982086
K227W	0.07544125616550446
K227M	0.07542365789413452
K227L	0.07542013376951218
W269V	0.07541878521442413
W269M	0.07541872560977936
W269L	0.07541852444410324
W269F	0.07541824132204056
W269A	0.07541821151971817
W269C	0.07541810721158981
W269Y	0.07541810721158981
W269I	0.07541778683662415
W269H	0.07540719956159592
K227V	0.07540599256753922
K227F	0.07540435343980789
W269S	0.07540427893400192
W269G	0.07539859414100647
K227D	0.0753965973854065
K227H	0.07539596408605576
K227T	0.07538934797048569
A73M	0.07538632303476334
A73I	0.07538609206676483
A73F	0.0753856971859932
K227Y	0.07538565993309021
A73Q	0.07538549602031708
A73Y	0.07538533210754395
A73W	0.07538501173257828
A73C	0.07538483291864395
W269T	0.07538018375635147
W269P	0.0753760114312172
A73H	0.07537311315536499
G179A	0.07537037134170532
K227A	0.0753689780831337
K227P	0.07536788284778595
A73S	0.07536698132753372
A73P	0.07536545395851135
A73G	0.07536488771438599
W269N	0.07536110281944275
A73L	0.07534962147474289
W269Q	0.07534852623939514
A73D	0.07534568756818771
W269D	0.0753447562456131
W269K	0.07533107697963715
K227C	0.07532721757888794
A73N	0.0753246620297432
A73K	0.07530874758958817
W269E	0.07530564814805984
T238E	0.0753045380115509
T238K	0.07530436664819717
T238R	0.0753040760755539
T238D	0.07530340552330017
T238Q	0.07530294358730316
A73R	0.07529100775718689
T238W	0.07528745383024216
T238G	0.07528101652860641
T238M	0.07527492195367813
T238H	0.07526994496583939
T238N	0.07525434345006943
T238F	0.0752316564321518
K227S	0.07521918416023254
L170C	0.07521828263998032
L170W	0.0752066895365715
L170N	0.07520081102848053
H172M	0.07520066946744919
H172W	0.07519187033176422
L170G	0.07518814504146576
H172F	0.0751858502626419
L170H	0.07518433779478073
T238L	0.07518278807401657
H172I	0.07518187165260315
L170T	0.07518021762371063
H172C	0.07517924904823303
T238V	0.07517918944358826
L170R	0.0751771628856659
L170Y	0.0751754567027092
H172N	0.07517227530479431
L170K	0.07517212629318237
T238Y	0.07517093420028687
L170D	0.07516726851463318
T139C	0.0751657485961914
H172K	0.07516361027956009
H172P	0.0751604214310646
T139W	0.07515864819288254
L170A	0.07515459507703781
L170S	0.07515300065279007
T183G	0.0751524493098259
T183D	0.07515213638544083
T183E	0.07515190541744232
T183R	0.07515144348144531
T183Q	0.0751458927989006
T238C	0.07514183223247528
H172V	0.07514050602912903
H172G	0.07514005899429321
L170F	0.07513927668333054
T183K	0.07513891905546188
T139Q	0.07513782382011414
T183N	0.07513538748025894
T139K	0.07513397932052612
T139Y	0.07513364404439926
H172D	0.0751255601644516
T139R	0.07512540370225906
T139H	0.0751228779554367
L170E	0.0751158595085144
T139M	0.07511400431394577
T183W	0.07511380314826965
T139P	0.07511148601770401
T139N	0.07510444521903992
T139E	0.07510368525981903
T183H	0.07510204613208771
H172S	0.07510045915842056
H172T	0.07508687674999237
T183F	0.07508520781993866
T183L	0.07508201897144318
T139F	0.07508114725351334
L170V	0.0750722736120224
T139L	0.07506813108921051
T139V	0.07506479322910309
H172E	0.07506249099969864
T183M	0.0750604048371315
T183V	0.07505439221858978
T183C	0.075052410364151
T139G	0.07505171000957489
T183Y	0.07504860311746597
T139D	0.07504294067621231
F135Q	0.0750320553779602
F135H	0.07503166049718857
F135W	0.07502970844507217
H172A	0.0750279501080513
F135D	0.07502786815166473
F135N	0.07502786815166473
F135E	0.07502385228872299
F135K	0.07502266019582748
L30Y	0.07501882314682007
L30T	0.07501868903636932
L30W	0.0750185027718544
L30F	0.07501847296953201
L30D	0.07501813769340515
L170I	0.07501799613237381
L30S	0.07501797378063202
L30E	0.07501797378063202
L30K	0.07501786202192307
L30R	0.07501780986785889
L30A	0.0750177875161171
L30H	0.0750177875161171
L30C	0.07501770555973053
L30G	0.07501764595508575
L30N	0.07501751184463501
F135R	0.07501739263534546
F135P	0.07500842958688736
F135C	0.07497107982635498
F135T	0.0749705582857132
T139S	0.07495557516813278
G180K	0.07494951039552689
G180H	0.0749477744102478
G180N	0.0749477744102478
G180P	0.07494770735502243
G180E	0.07494762539863586
G180Q	0.0749463215470314
D118W	0.0749441534280777
D118F	0.0749436616897583
L30V	0.07494013756513596
D118C	0.07493575662374496
D118M	0.07492867112159729
D118Y	0.07492814213037491
D118I	0.07492480427026749
F135A	0.07491739839315414
D118L	0.0749172791838646
D118P	0.07491008192300797
F135M	0.07490404695272446
G180T	0.07490193098783493
F135V	0.07490058243274689
D118H	0.07489635050296783
G180M	0.0748906061053276
L30I	0.07488769292831421
A15L	0.07488720118999481
A15F	0.07488697022199631
A15Y	0.07488676905632019
A15E	0.07488655298948288
A15K	0.07488609105348587
A15H	0.07488607615232468
A15I	0.07488607615232468
A15C	0.0748857632279396
A15M	0.07488574832677841
A15G	0.0748855471611023
A15N	0.07488492131233215
A15W	0.07488485425710678
A15D	0.0748848095536232
F135G	0.07488459348678589
A15R	0.07488410919904709
F272P	0.07488060742616653
F272S	0.07488001137971878
F272C	0.07487981766462326
F272A	0.07487955689430237
F272V	0.07487951964139938
F272K	0.07487940788269043
F272H	0.07487930357456207
F272R	0.07487928867340088
F272E	0.07487927377223969
F272L	0.07487925887107849
F272N	0.07487910240888596
F272D	0.07487910240888596
F272I	0.07487904280424118
F272T	0.07487897574901581
F272M	0.07487880438566208
F272Q	0.07487867772579193
F272G	0.07487864792346954
G180I	0.07487384229898453
R108V	0.07487215846776962
D118S	0.07487030327320099
R108Y	0.07487012445926666
D118T	0.07487000524997711
R108M	0.07486817240715027
V133W	0.0748676136136055
G180C	0.07486604154109955
R108F	0.07486457377672195
R108I	0.07486224174499512
A15Q	0.07485853135585785
V133M	0.0748572126030922
G180W	0.07485704123973846
V133C	0.07485519349575043
F272W	0.07485458254814148
R108T	0.07485271990299225
A15P	0.07485083490610123
A205V	0.07485050708055496
V133F	0.07485046982765198
V133N	0.0748467743396759
D118K	0.07484333962202072
V133P	0.07484321296215057
R108W	0.07484297454357147
V133Y	0.0748424306511879
A15T	0.07483544945716858
V133T	0.07483439147472382
R108G	0.07483210414648056
R108N	0.07482659816741943
R108L	0.07482592761516571
K88P	0.07482485473155975
G180Y	0.07482270896434784
K88V	0.07481962442398071
D118Q	0.07481928914785385
I228P	0.07481343299150467
G180V	0.07481177896261215
K88C	0.0748109295964241
K88M	0.07481059432029724
R108Q	0.07480937242507935
V133H	0.0748092383146286
V133S	0.0748075619339943
I228G	0.07480727881193161
I228W	0.07480280846357346
V43K	0.0747966393828392
V43S	0.07479619234800339
I228N	0.0747961699962616
V43N	0.0747956782579422
V43W	0.07479558140039444
V43C	0.07479551434516907
V43P	0.0747954323887825
V43H	0.07479531317949295
V43Y	0.07479521632194519
V43Q	0.07479521632194519
V43F	0.07479515671730042
V43T	0.07479498535394669
K88F	0.0747932717204094
G180F	0.074791818857193
I228D	0.07479053735733032
I228S	0.07479017972946167
R108A	0.07478991895914078
K88G	0.07478729635477066
K88T	0.07478584349155426
I228E	0.07478244602680206
K88L	0.07478165626525879
V43R	0.07477982342243195
V133Q	0.07477934658527374
K88W	0.07477889955043793
V133R	0.07477521896362305
V133L	0.0747743621468544
K88A	0.07477159053087234
G180L	0.07477035373449326
V133G	0.07476893812417984
V43M	0.0747629851102829
R108K	0.07475949078798294
K88Y	0.0747593566775322
V133E	0.07475829869508743
I228Y	0.07475822418928146
V133K	0.07475483417510986
I27E	0.07475359737873077
I27C	0.07475343346595764
I27Q	0.07475320249795914
I27Y	0.07475318759679794
I27G	0.0747530534863472
I27R	0.07475275546312332
I27W	0.07475268095731735
I27H	0.07475262135267258
I27D	0.07475239783525467
I27K	0.07475224882364273
I27P	0.07475203275680542
R108E	0.07475198805332184
K88N	0.07475055009126663
I228F	0.07474827766418457
A187M	0.07474429905414581
A187W	0.07474330812692642
I228C	0.07474248856306076
A187Y	0.07474002987146378
A187I	0.07473795115947723
I27S	0.07473775744438171
I27L	0.07473666965961456
I228K	0.07473468780517578
A187R	0.07473346590995789
A187N	0.07473254203796387
I228Q	0.07473147660493851
R108D	0.07473105937242508
A187F	0.0747302994132042
K88D	0.07472984492778778
K88S	0.07472578436136246
V43E	0.07472548633813858
I228M	0.07472476363182068
A187H	0.07472383975982666
V43L	0.0747210755944252
A187Q	0.07471770793199539
A187L	0.07471694052219391
A187K	0.07471413165330887
H246K	0.07471124827861786
H246A	0.0747111514210701
H246S	0.07471097260713577
H246C	0.07471048831939697
H246T	0.07471029460430145
H246V	0.07471005618572235
H246P	0.07470999658107758
H246W	0.07470979541540146
H246G	0.07470966875553131
H246I	0.07470951974391937
H246F	0.07470938563346863
H246E	0.07470925897359848
I228R	0.07470915466547012
H246M	0.07470913976430893
I228A	0.07470884174108505
A187E	0.07470861077308655
K92W	0.07470620423555374
K92C	0.07470264285802841
A187D	0.07469895482063293
A247P	0.0746985450387001
K92Y	0.07469691336154938
D118R	0.07469627261161804
K92F	0.07469310611486435
A247W	0.0746903344988823
A247H	0.07468855381011963
A247F	0.07468736916780472
A247N	0.07468727231025696
A247L	0.07468496263027191
F272Y	0.07468435913324356
G186Y	0.07468423992395401
G186W	0.07468421012163162
K92H	0.07468224316835403
I228L	0.07468043267726898
K88H	0.0746798887848854
A247D	0.07467904686927795
A247M	0.07467852532863617
A187G	0.07467677444219589
G186F	0.0746748298406601
K88Q	0.07467404007911682
I228H	0.07467275112867355
G186H	0.07467051595449448
K92M	0.0746697410941124
A187C	0.07466939836740494
A247C	0.07466769963502884
K92V	0.07466758787631989
A247I	0.07466401159763336
A247Y	0.07466310262680054
K92Q	0.07465822994709015
K92L	0.07464625686407089
G186I	0.07463451474905014
A247K	0.07462973892688751
K92P	0.07462874799966812
E84Q	0.07462359964847565
E84R	0.07462335377931595
A247S	0.0746191069483757
E84N	0.0746183767914772
G186Q	0.07461719214916229
E84H	0.07461509853601456
E84P	0.07461503893136978
K92A	0.0746147558093071
K92S	0.07461398839950562
E84M	0.07461342215538025
G186T	0.07461322844028473
G186E	0.07460299879312515
D54T	0.07459409534931183
D54H	0.07459405064582825
D54P	0.0745939165353775
D54Q	0.07459376752376556
D54A	0.074593685567379
D54F	0.07459358870983124
D54V	0.07459338754415512
D54I	0.07459337264299393
A247E	0.07459312677383423
D54M	0.07459311187267303
D54L	0.07459309697151184
D54W	0.07459302991628647
K92T	0.07459301501512527
D54Y	0.07459282875061035
D54C	0.07459228485822678
E84T	0.07459138333797455
G186K	0.07458638399839401
G186V	0.07458622008562088
E84Y	0.07458407431840897
D54S	0.07458332180976868
E84W	0.07458290457725525
E84S	0.07458177208900452
P232E	0.07458113133907318
P232C	0.07457951456308365
P232D	0.07457948476076126
P232R	0.07457946985960007
E84C	0.07457945495843887
P232K	0.0745794028043747
P232W	0.07457903772592545
P232H	0.07457877695560455
K92G	0.07457645982503891
G186P	0.07457596063613892
A247R	0.07457558810710907
P232N	0.0745718851685524
P232M	0.0745716318488121
E84F	0.07457111030817032
P232F	0.07456717640161514
P200K	0.07456418126821518
G186L	0.07455793023109436
G186N	0.07455604523420334
P200C	0.07454768568277359
P200D	0.07454647123813629
G186M	0.07454636693000793
P200N	0.07454335689544678
P200R	0.07454235851764679
A247Q	0.07453995198011398
P200E	0.07453755289316177
D54R	0.0745374858379364
P200G	0.07453136891126633
E84I	0.07452388852834702
K92D	0.07451007515192032
P200I	0.07450972497463226
P200M	0.07450903952121735
P200V	0.07450034469366074
P232A	0.0744984820485115
P200F	0.07449693977832794
P200A	0.07449685037136078
E84A	0.07449270039796829
E84L	0.07448392361402512
P232V	0.07448335736989975
P200W	0.07448331266641617
P200H	0.07448189705610275
P232I	0.07448062300682068
P232G	0.07447656989097595
D54K	0.07447091490030289
D190I	0.07446687668561935
D190F	0.07446686178445816
D190L	0.07446681708097458
D190W	0.07446671277284622
D190Y	0.07446429878473282
D190H	0.07446117699146271
D190M	0.07446007430553436
D190P	0.07445856183767319
P200Y	0.07445383071899414
G128I	0.07445333898067474
D190R	0.07445120811462402
G128K	0.07444904744625092
G128H	0.07444803416728973
G128W	0.07444517314434052
D190K	0.07444091886281967
G128Y	0.07444082200527191
D190C	0.07443515211343765
G128N	0.07443471252918243
G128M	0.07443434000015259
G128D	0.07442740350961685
D190Q	0.07442477345466614
P232Y	0.07442419975996017
T252W	0.07442391663789749
T252Y	0.0744226723909378
T252C	0.07442247867584229
G128P	0.07442246377468109
D190A	0.07441908866167068
G128T	0.07441610097885132
T252F	0.07441526651382446
V142W	0.07441281527280807
T252M	0.07441265136003494
G128Q	0.07441140711307526
V142C	0.07440940290689468
D190T	0.0744071751832962
T252L	0.07439809292554855
V142N	0.07439775764942169
G128F	0.07439211010932922
V142M	0.0743919312953949
V142D	0.07439040392637253
G128V	0.07438906282186508
T252G	0.07438835501670837
V142P	0.07438544929027557
Q85C	0.07438331097364426
G128A	0.07438329607248306
T252H	0.07438303530216217
Q85W	0.07438276708126068
Q85P	0.07438237965106964
T252I	0.07437989860773087
Q85K	0.0743761733174324
D158P	0.07437446713447571
Q85I	0.07437361031770706
V142Q	0.07437335699796677
G128L	0.0743730440735817
Q85M	0.07437068223953247
Q85N	0.0743701383471489
V142T	0.07436883449554443
V142K	0.07436481863260269
T252V	0.07435861229896545
L222P	0.07435309886932373
D190S	0.07435152679681778
V142H	0.07434720546007156
Q85F	0.07434657216072083
D158Q	0.07434111833572388
Q85A	0.07433852553367615
T252K	0.074336938560009
V142S	0.07433659583330154
V142R	0.07433655858039856
D158M	0.07433304935693741
D158K	0.07433304935693741
T252P	0.07432813197374344
R233M	0.07432743906974792
Q85T	0.07432552427053452
R233C	0.07432437688112259
D158E	0.07432427257299423
T252R	0.07432392984628677
D158Y	0.07432175427675247
G128E	0.07432068139314651
D158C	0.07432062178850174
T252Q	0.07431969791650772
R233F	0.07431872934103012
V142Y	0.07431812584400177
D158T	0.07431763410568237
R233Y	0.07431747019290924
T252D	0.07431495934724808
D158R	0.074314184486866
D158I	0.07431314140558243
W168M	0.07431131601333618
D158F	0.07431086152791977
Q85H	0.07430864870548248
R233P	0.07430820167064667
R233I	0.07430818676948547
Q85D	0.0743052139878273
W168P	0.07430490851402283
T252E	0.07430201768875122
T252N	0.0743018090724945
W168T	0.07429981976747513
Q85Y	0.07429539412260056
R233H	0.07429016381502151
W168I	0.07428921014070511
R233V	0.07428901642560959
W168V	0.0742875263094902
W168H	0.07428637146949768
Q85V	0.07428479939699173
W168E	0.0742846354842186
D158W	0.07428330928087234
W168K	0.07427914440631866
Q85S	0.0742713212966919
D158L	0.07426925748586655
Q85E	0.07426813989877701
W168N	0.07426604628562927
R233T	0.07426414638757706
W168Q	0.07426299899816513
W168A	0.07426253706216812
W168S	0.07425801455974579
R233D	0.07425719499588013
Q177W	0.07425554096698761
W168G	0.07425352931022644
M258D	0.07425291836261749
M258P	0.07425275444984436
M258H	0.07425235956907272
M258K	0.07425221055746078
R233A	0.07424808293581009
Q177G	0.074247807264328
M258G	0.07424600422382355
Q177N	0.07424529641866684
M258R	0.07424493879079819
M258E	0.07424484193325043
M258Y	0.07424475997686386
R233S	0.07424336671829224
R233N	0.07424261420965195
W168D	0.07424049079418182
Q177D	0.07423736900091171
Q177K	0.07423697412014008
Q177Y	0.07423695921897888
F240P	0.07423626631498337
F240E	0.0742361769080162
F240R	0.07423611730337143
F240K	0.07423600554466248
F240N	0.07423588633537292
F240D	0.07423581182956696
F240A	0.07423579692840576
M258N	0.07423387467861176
D158A	0.07423346489667892
M258S	0.07423125207424164
H264G	0.07423123717308044
M258C	0.074229896068573
F240G	0.07422881573438644
F240C	0.07422881573438644
F240T	0.07422856986522675
F240W	0.07422848790884018
Q177M	0.07422842085361481
H264N	0.07422482967376709
D158S	0.07422474771738052
Q177E	0.07422471791505814
H264D	0.07422426342964172
Q177F	0.07422373443841934
M258W	0.07422265410423279
Q177C	0.07422039657831192
Q85G	0.0742202028632164
V142E	0.07421577721834183
Q177H	0.07421575486660004
G259R	0.07420872896909714
W168F	0.07420863211154938
G259E	0.07420860975980759
G259K	0.0742085799574852
G259W	0.07420852035284042
G259Y	0.07420846819877625
F240Q	0.0742076113820076
H264S	0.07420702278614044
H264P	0.07420667260885239
H264T	0.0742066502571106
H264A	0.07420643419027328
R233E	0.07420573383569717
G259I	0.07420140504837036
G259P	0.07420133054256439
G259M	0.07420109957456589
M258Q	0.07420001924037933
H264E	0.07419855892658234
G259H	0.07419701665639877
G259F	0.0741959735751152
Q177I	0.07419280707836151
F240V	0.07419239729642868
H264C	0.0741920918226242
H264K	0.07418712973594666
G259L	0.07418669015169144
G259V	0.0741860643029213
F240M	0.07418569922447205
W168Y	0.07418547570705414
V38L	0.07418303191661835
V38K	0.07418285310268402
V38R	0.07418285310268402
V38G	0.07418278604745865
V38W	0.07418275624513626
V38Q	0.07418251037597656
V38C	0.07418242841959
V38S	0.07418242841959
V38H	0.07418239116668701
V38Y	0.07418237626552582
Q177A	0.07418163120746613
Q177S	0.07418082654476166
H264M	0.0741729810833931
V38P	0.07417096197605133
M258F	0.07416821271181107
A191W	0.07416786253452301
A191E	0.07416778802871704
A191Y	0.07416775822639465
A191H	0.0741676613688469
A191Q	0.074167400598526
A191I	0.07416710257530212
A191K	0.07416703552007675
A191D	0.07416697591543198
A191F	0.07416690140962601
A191L	0.07416688650846481
A191M	0.07416684180498123
A191R	0.07416670769453049
L206W	0.07416258007287979
R233K	0.07415898144245148
Q177P	0.07415851950645447
A191C	0.07415701448917389
H264V	0.07415348291397095
H264I	0.07415319234132767
A191N	0.0741521418094635
A191V	0.07415196299552917
M258A	0.0741480141878128
L206C	0.07414714992046356
M258V	0.07414043694734573
L206F	0.07413823157548904
H264W	0.07413510233163834
Q177T	0.07413336634635925
L206Y	0.07413230836391449
L206G	0.07413044571876526
L206M	0.07412842661142349
L206H	0.07412511110305786
Q177V	0.07412173599004745
L206I	0.07411342114210129
F240H	0.07411214709281921
V38E	0.07410868257284164
G259T	0.07410233467817307
H129W	0.07410094141960144
L206T	0.0740993544459343
L206S	0.07409719377756119
H129F	0.07409495115280151
G259A	0.0740942656993866
L206D	0.07408864051103592
H129M	0.07408677786588669
A191S	0.07408589124679565
L206N	0.07408434897661209
L206V	0.074077308177948
H129I	0.07407714426517487
H129C	0.07407505065202713
L206A	0.07407117635011673
G259N	0.07406756281852722
L206E	0.07406111806631088
G259Q	0.07404696196317673
H129K	0.07403933256864548
H129V	0.07403702288866043
F116H	0.07403089851140976
F116K	0.07403035461902618
S91F	0.07402708381414413
F116M	0.07402695715427399
S91W	0.07402589172124863
H264F	0.07402194291353226
F116D	0.07402146607637405
A191G	0.07401948422193527
F116R	0.07401718199253082
S91C	0.07401597499847412
H129S	0.0740123763680458
F116E	0.07401227951049805
S91Y	0.0740102082490921
S91M	0.07400853931903839
L206K	0.07400788366794586
H129E	0.07400628179311752
F116G	0.0740058422088623
V71T	0.07400388270616531
V71K	0.07400353997945786
V71H	0.07400326430797577
F116Q	0.0740031972527504
V71C	0.07400286942720413
V71E	0.07400285452604294
V71D	0.07400278747081757
V71W	0.074002705514431
D49M	0.07400228083133698
V71R	0.07400228083133698
D49K	0.07400215417146683
V71N	0.07400200515985489
D49P	0.07400195300579071
V71Q	0.07400190830230713
D49R	0.07400180399417877
D49C	0.07400175929069519
D49L	0.07400166243314743
D49F	0.07400166243314743
D49W	0.07400155812501907
D49H	0.07400152832269669
D49S	0.07400074601173401
H129T	0.0739976316690445
S91I	0.07399576157331467
H129A	0.07399407774209976
E95C	0.07399103790521622
S91H	0.07399100810289383
V71Y	0.07398924231529236
D49I	0.07398834824562073
E95W	0.07398826628923416
H129N	0.07398489862680435
F116N	0.07398352771997452
V71M	0.07398225367069244
F116P	0.07398093491792679
V71G	0.07397766411304474
E95F	0.07397748529911041
D49Q	0.07397715747356415
S91V	0.07397584617137909
E95I	0.07397555559873581
E95M	0.07397444546222687
F116W	0.07397418469190598
S91Q	0.07397352904081345
V71P	0.07397252321243286
E95Y	0.07397250086069107
H129G	0.07397178560495377
E95H	0.07396870106458664
F116T	0.073968306183815
S91L	0.07396817952394485
K231W	0.07396677136421204
S91G	0.07396373152732849
E95P	0.07396040111780167
F116C	0.07396022230386734
K231Y	0.07395821064710617
K231F	0.07395821064710617
K231M	0.07395674288272858
K231G	0.07395654916763306
K231C	0.07395308464765549
F112W	0.0739499181509018
V71S	0.0739438459277153
F112P	0.07393892109394073
F112M	0.07393788546323776
F116A	0.07393760979175568
F112C	0.07393646985292435
H129P	0.07393551617860794
F112Q	0.07392843812704086
S91P	0.0739276185631752
F112V	0.07392716407775879
S91E	0.07392530143260956
E95N	0.07392524182796478
K231L	0.07392177730798721
F112N	0.07392147928476334
V71F	0.07391946017742157
E95S	0.07391910254955292
F112R	0.07391589879989624
E95L	0.07391100376844406
F112E	0.07391045242547989
F112K	0.0739104226231575
K231H	0.07390367984771729
D49T	0.07389955222606659
K231V	0.07389844208955765
K231T	0.07389553636312485
F112T	0.07389473915100098
S91D	0.07389412075281143
E95Q	0.07389331609010696
K231D	0.07388786971569061
K231A	0.07388649135828018
F112D	0.07388336211442947
F112A	0.07387635111808777
E95A	0.07387293875217438
S91K	0.0738716870546341
S91A	0.07387083768844604
K231S	0.07386799901723862
E95T	0.07386636734008789
E95R	0.07386571913957596
K231P	0.07386378943920135
F112G	0.07384178042411804
E134W	0.07383006811141968
K171W	0.07382837682962418
N65E	0.07382377237081528
E134F	0.07382332533597946
N65Q	0.07382315397262573
N65F	0.07382302731275558
N65C	0.07382293045520782
K171F	0.07382293045520782
N65V	0.07382279634475708
N65W	0.07382253557443619
N65R	0.0738200917840004
K171M	0.07381793856620789
E134Y	0.0738171935081482
A226W	0.0738157257437706
A226M	0.07381516695022583
N65M	0.07381068170070648
N65G	0.07380998879671097
N65Y	0.07380698621273041
A226F	0.07380480319261551
L262R	0.07380392402410507
L262D	0.07380356639623642
L262N	0.0738033726811409
L262K	0.07380334287881851
L262H	0.07380318641662598
L262E	0.07380311191082001
A226C	0.07380255311727524
N65P	0.07380229234695435
N65L	0.07380213588476181
E134M	0.07380153983831406
A226L	0.07380082458257675
A93C	0.07380043715238571
A226Y	0.07379913330078125
K171C	0.07379906624555588
L262Y	0.07379766553640366
L262W	0.07379700988531113
E134C	0.07379408180713654
E134I	0.0737919956445694
A226H	0.0737919956445694
L262S	0.07378795742988586
L262C	0.07378695905208588
K171H	0.07378678023815155
K171V	0.07378453016281128
A226I	0.07378215342760086
N65T	0.07378212362527847
N65I	0.07378071546554565
L125W	0.07378054410219193
A93D	0.07377895712852478
K171Y	0.07377821207046509
N65A	0.07377791404724121
E134N	0.07377765327692032
A93W	0.07377755641937256
A93H	0.07377586513757706
A226N	0.07377130538225174
A93Y	0.07376886159181595
A93F	0.0737687274813652
L262T	0.07376765459775925
A93N	0.07376720011234283
E134L	0.07376537472009659
K171L	0.07376403361558914
K171T	0.07376103848218918
K171D	0.07375934720039368
A93M	0.07375814020633698
L125Y	0.07375670224428177
H210W	0.073751300573349
K171Q	0.0737481415271759
L125F	0.07374794781208038
A69K	0.07374517619609833
A69C	0.0737447664141655
A69M	0.07374468445777893
A69Y	0.07374449074268341
A69W	0.07374435663223267
A69D	0.07374429702758789
A69N	0.07374417036771774
A69Q	0.073744036257267
A69R	0.07374384254217148
A69E	0.0737438052892685
L125N	0.07374328374862671
E134T	0.0737430602312088
F12C	0.07374238967895508
F12D	0.07374175637960434
F12W	0.07374168932437897
F12Q	0.07374159246683121
F12K	0.07374156266450882
F12P	0.07374145835638046
F12H	0.07374131679534912
F12M	0.07374123483896255
F12G	0.07374120503664017
F12N	0.07374120503664017
F12E	0.07374100387096405
F12R	0.07374094426631927
L125H	0.07373964041471481
L125D	0.07373888790607452
E134R	0.07373843342065811
E134S	0.07373755425214767
K171P	0.07373686879873276
A69L	0.07373517751693726
H210C	0.07373403757810593
E134P	0.07373394072055817
H210F	0.07373250275850296
L125T	0.07373226433992386
L125C	0.07372879236936569
A93Q	0.07372696697711945
F12A	0.07372696697711945
A69F	0.07372622191905975
K171G	0.07372429966926575
L262V	0.07372192293405533
A69P	0.07372160255908966
E134Q	0.07371936738491058
A93R	0.07371886074542999
A69H	0.0737188309431076
A226Q	0.0737176239490509
E134H	0.07371658086776733
L125G	0.07371596246957779
F12T	0.07371442019939423
L125K	0.07371322810649872
A69I	0.0737125426530838
F12V	0.07371248304843903
L125R	0.07371199131011963
A93S	0.07370616495609283
A226K	0.07370571047067642
K171A	0.07370535284280777
L262G	0.07370351254940033
H210T	0.07370136678218842
A226S	0.07370054721832275
L125E	0.07370053976774216
L262I	0.07369998097419739
H210E	0.07369789481163025
H210N	0.07369688898324966
A69S	0.0736951008439064
A93I	0.07369488477706909
L262A	0.07369467616081238
Y213H	0.07369378954172134
A93P	0.07369011640548706
A226E	0.0736900195479393
A93K	0.0736863762140274
L125A	0.07368367165327072
A226R	0.07368316501379013
H210G	0.0736803188920021
P124W	0.07367866486310959
L125S	0.07367631793022156
K171S	0.07367615401744843
P124C	0.07367101311683655
H210K	0.0736706554889679
P124H	0.07366789132356644
P124Y	0.07366492599248886
H210I	0.0736646056175232
H210L	0.0736643448472023
H210S	0.07366346567869186
H210A	0.07365788519382477
P124D	0.07365614175796509
H210P	0.07365607470273972
H210D	0.07364992797374725
P124E	0.07364940643310547
R233Q	0.07364647835493088
P124K	0.0736408680677414
P124N	0.07363610714673996
P124R	0.07363109290599823
A226P	0.0736263245344162
L125I	0.07362455874681473
P124M	0.07362254709005356
P124V	0.07361993938684464
H20V	0.07361828535795212
H20K	0.07361790537834167
H20F	0.07361756265163422
H20T	0.07361753284931183
H20A	0.07361740618944168
H20C	0.07361740618944168
H20G	0.0736173689365387
H20W	0.0736173689365387
T109C	0.07361730933189392
H20M	0.07361714541912079
H20E	0.07361704111099243
H20N	0.07361675798892975
T109W	0.07361451536417007
T109P	0.0736115500330925
T109L	0.07360533624887466
T109V	0.07360358536243439
T109M	0.07360296696424484
A93L	0.0736025720834732
L262F	0.07360126078128815
H210M	0.07359864562749863
P124F	0.07359786331653595
T109F	0.07359597086906433
T109Y	0.07359256595373154
H210V	0.07359201461076736
H20I	0.07359138876199722
P124A	0.07359074056148529
H20S	0.07358933985233307
P149C	0.07358372211456299
N189D	0.0735761821269989
P149Y	0.0735720843076706
P124I	0.0735689029097557
P149M	0.07356594502925873
H20D	0.07356564700603485
Y161E	0.07356496900320053
P149F	0.07356423139572144
T109H	0.07356223464012146
T109G	0.07355865836143494
P149W	0.07355522364377975
Y161D	0.0735526829957962
A18W	0.07354771345853806
A18F	0.07354754954576492
A18L	0.07354728877544403
A18P	0.07354719191789627
A18D	0.0735471323132515
A18Y	0.0735471323132515
P124G	0.07354699820280075
A18C	0.07354693114757538
A18N	0.07354654371738434
A18Q	0.07354651391506195
A18K	0.07354648411273956
A18H	0.07354648411273956
A18M	0.07354634255170822
Y161P	0.07354456186294556
P149I	0.0735427737236023
Y161M	0.07354235649108887
Y161G	0.07354215532541275
Y161Q	0.07354004681110382
L137W	0.07353770732879639
Y161K	0.0735354945063591
I184W	0.07353085279464722
I184R	0.07353056222200394
G46V	0.0735303983092308
G46R	0.07353023439645767
G46L	0.07353013753890991
G46P	0.07353012263774872
G46I	0.07353001087903976
G46T	0.07352997362613678
I184D	0.07352997362613678
G46A	0.07352994382381439
G46F	0.07352990657091141
G46M	0.07352980971336365
G46W	0.07352975010871887
G46C	0.0735296830534935
G46Y	0.07352963835000992
G46N	0.07352951914072037
I184Q	0.07352935522794724
I184H	0.07352892309427261
I184K	0.07352887094020844
I184E	0.07352858036756516
T109R	0.07352568954229355
L137M	0.0735253244638443
P149R	0.07352127134799957
Y161T	0.07352055609226227
A18R	0.07351990044116974
T109K	0.07351987063884735
P149D	0.07351844757795334
P149H	0.07351761311292648
G46K	0.07351724058389664
L137Y	0.0735168531537056
Y161S	0.07351682335138321
G46Q	0.07351597398519516
I184G	0.07351545244455338
P124T	0.07351506501436234
P149G	0.07351308315992355
L137D	0.0735129714012146
L137N	0.0735129565000534
G46H	0.07350785285234451
I184C	0.07350753247737885
P149K	0.07350519299507141
P149E	0.07350487262010574
T109E	0.07350414991378784
Y161W	0.07350275665521622
Y5N	0.0735003873705864
Y5E	0.07350035756826401
Y5Q	0.07350017875432968
Y5V	0.07349999994039536
Y5P	0.07349973917007446
Y5T	0.07349967211484909
Y5L	0.07349961251020432
Y5M	0.07349957525730133
Y5G	0.07349950820207596
Y5K	0.07349947839975357
Y161A	0.0734994113445282
Y5S	0.07349938154220581
Y5D	0.07349918782711029
Y5R	0.07349906116724014
Y5A	0.0734989270567894
Y5I	0.07349886000156403
Y5W	0.0734986662864685
L137G	0.07349430024623871
Y161R	0.07349199801683426
Y161I	0.07349077612161636
D188C	0.07348749786615372
D188W	0.07348697632551193
P149N	0.07348658889532089
D188Y	0.07348652929067612
L137F	0.07348629832267761
I184M	0.07348506152629852
D188F	0.07348506152629852
I184Y	0.07347983866930008
M21N	0.07347821444272995
M21S	0.07347817718982697
M21W	0.07347792387008667
M21F	0.0734778568148613
M21A	0.07347781956195831
M21Q	0.07347765564918518
M21H	0.07347765564918518
M21Y	0.07347756624221802
M21G	0.07347749918699265
M21E	0.07347704470157623
M21C	0.07347700744867325
M21D	0.07347665727138519
M21R	0.07347662001848221
M21P	0.07347597181797028
L137H	0.07347545772790909
Y5F	0.07347474247217178
P149T	0.07347415387630463
D188M	0.07347298413515091
L137K	0.07347068190574646
L137T	0.07347045838832855
L137C	0.0734686404466629
D188H	0.07346551865339279
L137E	0.07346221059560776
D188I	0.07345925271511078
Y161L	0.0734565258026123
T109Q	0.07345601171255112
M21I	0.0734558179974556
T109D	0.07345572113990784
L137S	0.07345344871282578
D188L	0.0734492614865303
A18I	0.07344267517328262
I184L	0.07343881577253342
I184A	0.07343132048845291
D188R	0.07342521846294403
G46E	0.07342204451560974
I184P	0.07341872900724411
D188Q	0.07341824471950531
L137I	0.07341736555099487
Y161V	0.07341418415307999
D188N	0.07341133058071136
A148W	0.07340987771749496
D188P	0.0734090656042099
D188S	0.07340870797634125
A205C	0.07340674102306366
A148M	0.07340572029352188
S59R	0.07340244948863983
D188K	0.07340072840452194
A148C	0.07339998334646225
L137A	0.07339644432067871
A205P	0.07338958978652954
A205I	0.07338840514421463
A205M	0.07338713854551315
A205W	0.07338503748178482
A148Y	0.07338374108076096
A205H	0.07338310033082962
A148H	0.0733819231390953
D188T	0.07337232679128647
A205S	0.07337012141942978
A205N	0.07336898148059845
A148F	0.07336525619029999
A205F	0.07335595786571503
A148Q	0.07335495203733444
A148R	0.07335183769464493
V103P	0.07335002720355988
A205Y	0.0733484998345375
A148L	0.0733475312590599
A148P	0.07334642112255096
V103K	0.07332941144704819
A148N	0.07332673668861389
V103R	0.0733264684677124
V103C	0.07332532852888107
A148I	0.07332231849431992
A148S	0.07332053035497665
V103G	0.07331914454698563
A205K	0.0733180120587349
A37W	0.07331561297178268
A37M	0.0733153223991394
A37C	0.07331525534391403
A37H	0.07331525534391403
A37D	0.07331505417823792
A37L	0.07331492751836777
A37I	0.07331477105617523
A37R	0.07331466674804688
A37Q	0.07331463694572449
A37Y	0.0733146071434021
A37N	0.07331442832946777
A37F	0.0733143538236618
A37E	0.07331321388483047
A37K	0.07331111282110214
A205L	0.07331015169620514
A37S	0.073308564722538
V103W	0.07330767810344696
V103M	0.07330422103404999
V103Q	0.0733022466301918
A205Q	0.07329857349395752
A148E	0.0732976496219635
A205D	0.07329646497964859
A148D	0.07329517602920532
V103E	0.07329300045967102
A148K	0.07328850030899048
V103N	0.0732870101928711
V38I	0.07328470796346664
V103Y	0.07326913625001907
R214W	0.07326754927635193
V103H	0.07326634973287582
R214V	0.07325736433267593
V103L	0.07325398176908493
R214I	0.07325095683336258
R214Q	0.0732489675283432
V103S	0.07324860990047455
R214L	0.07324746251106262
D188E	0.07324608415365219
R214P	0.07324472069740295
V39F	0.07324261963367462
V39M	0.07324247807264328
R214F	0.07324178516864777
V39G	0.07324178516864777
V39P	0.0732417032122612
V39Q	0.07324168086051941
V39C	0.07324151694774628
V39R	0.0732414722442627
V103T	0.0732414573431015
V39K	0.07324126362800598
V39S	0.07324106991291046
V39E	0.07324104756116867
V39N	0.07324093580245972
V39W	0.07324093580245972
V39H	0.07324090600013733
V39T	0.07324068248271942
R214M	0.0732378140091896
V39Y	0.07322865724563599
R214T	0.07322702556848526
A205R	0.07322660088539124
R214Y	0.07321863621473312
R214E	0.07321585714817047
R214N	0.07321427017450333
R214K	0.07320364564657211
V76S	0.07319732010364532
V76E	0.07319638878107071
V76W	0.07319609075784683
V76H	0.0731959342956543
V76Y	0.07319528609514236
V76C	0.07319521903991699
V76P	0.07319401949644089
V103F	0.07319143414497375
V76G	0.07318582385778427
V76Q	0.07318376749753952
V76R	0.07317953556776047
V76N	0.07317112386226654
A148G	0.07317057251930237
V76T	0.07316882908344269
V39L	0.07316482067108154
R214A	0.07316029071807861
R214D	0.07315867394208908
R11A	0.07314422726631165
R11M	0.07314399629831314
V76L	0.07314380258321762
R11F	0.07314374297857285
R11W	0.07314351201057434
R11T	0.07314346730709076
R11P	0.0731433853507042
R11N	0.07314299792051315
R11E	0.0731429010629654
R11L	0.07314267009496689
R11I	0.07314241677522659
R11K	0.07314229756593704
R11Y	0.07314218580722809
R11V	0.0731411874294281
V76F	0.07313930988311768
C156P	0.07313685119152069
C156G	0.07313094288110733
C156M	0.07312942296266556
V76M	0.07312321662902832
C156L	0.07311312854290009
R11Q	0.07310999184846878
V76K	0.0731072798371315
A24N	0.07309141755104065
A24M	0.07309103012084961
A24G	0.07309099286794662
A24T	0.07309051603078842
A24L	0.07309044897556305
A24Q	0.07309041172266006
A24C	0.0730903223156929
A24Y	0.07309028506278992
A24F	0.0730900913476944
A24H	0.07308996468782425
A24P	0.07308993488550186
A24S	0.07308977097272873
A24W	0.07308921962976456
A24I	0.07308776676654816
C156K	0.07308508455753326
I263V	0.07308218628168106
C156H	0.07307827472686768
C156T	0.07306855171918869
C156Q	0.07306580245494843
R11D	0.07306549698114395
I23A	0.07306473702192307
I23K	0.07306461036205292
I23P	0.07306454330682755
I23H	0.07306438684463501
I23M	0.0730641558766365
I23C	0.07306409627199173
I23D	0.07306396216154099
I23Y	0.07306376844644547
I23R	0.07306376844644547
A24D	0.07306373864412308
I23Q	0.07306349277496338
I23W	0.07306338101625443
I23E	0.07306332141160965
I23G	0.07306253910064697
C156N	0.07305414974689484
C156I	0.07305211573839188
G98W	0.07304906100034714
A24K	0.07304142415523529
A24E	0.07304100692272186
G98F	0.07303761690855026
C156E	0.07303603738546371
G98Y	0.07303383946418762
G98I	0.0730334222316742
G98M	0.07303180545568466
G98L	0.0730302706360817
A24R	0.07302989810705185
G98V	0.07302989810705185
C156V	0.07302441447973251
C156F	0.07302024960517883
G98H	0.07301357388496399
D33L	0.07301221042871475
D33Q	0.07301144301891327
D33P	0.0730113759636879
D33M	0.07301129400730133
D33I	0.07301108539104462
D33K	0.07301101833581924
D33F	0.07301101833581924
G98P	0.07301095128059387
D33C	0.07301086187362671
D33S	0.07301046699285507
D33R	0.07301043719053268
D33W	0.07301037013530731
D33T	0.07301011681556702
D33A	0.07301008701324463
D33H	0.07301001995801926
S202W	0.07300957292318344
S202F	0.07300703227519989
S202Y	0.07300278544425964
C156A	0.0730014368891716
S202M	0.07299462705850601
S202H	0.07298830151557922
S202I	0.07298802584409714
C156D	0.07298439741134644
G98T	0.07297202944755554
G98N	0.07296685129404068
S202L	0.07296594977378845
S202R	0.0729641541838646
S202Q	0.07296185195446014
E134G	0.07296030223369598
G235P	0.07295984029769897
G235F	0.07295975834131241
G98K	0.07295923680067062
G235L	0.07295917719602585
G235T	0.07295917719602585
G235Q	0.07295907288789749
G235M	0.0729590430855751
G235I	0.07295898348093033
G235W	0.07295891642570496
G235H	0.07295844703912735
S202K	0.0729503259062767
G235K	0.07295024394989014
G235E	0.07294920831918716
G235Y	0.07294801622629166
S202P	0.07294692099094391
G98E	0.07294224202632904
G235A	0.0729391947388649
G98Q	0.07293718308210373
G235R	0.07293102145195007
H3C	0.07292889058589935
H3M	0.07292857021093369
H3I	0.07292848080396652
H3R	0.07292844355106354
H3K	0.072928287088871
H3P	0.07292819023132324
H3A	0.07292815297842026
H3G	0.07292792946100235
H3V	0.07292789965867996
H3T	0.07292784750461578
H3W	0.07292770594358444
H3E	0.07292766869068146
H3D	0.07292760163545609
H3S	0.07292725145816803
G98R	0.07292719185352325
H3F	0.07292673736810684
S202V	0.07292243093252182
L239H	0.07292144745588303
E249W	0.07292122393846512
L239T	0.07292112708091736
L239D	0.07292093336582184
L239N	0.07292091846466064
L239G	0.07292090356349945
L239R	0.07292051613330841
L239K	0.07292051613330841
S202T	0.07291801273822784
S202A	0.07291723042726517
E249Y	0.07291661202907562
L239S	0.07291271537542343
L239E	0.07291177660226822
L239W	0.07290462404489517
E249I	0.07290302962064743
T63Y	0.07290294766426086
T63F	0.07290265709161758
T63W	0.0729026272892952
T63P	0.07290246337652206
T63R	0.07290246337652206
T63V	0.07290240377187729
T63C	0.07290230691432953
T63H	0.07290217280387878
L239Y	0.07290207594633102
T63M	0.07290197908878326
T63L	0.07290185242891312
F181D	0.0728997215628624
I248E	0.07289951294660568
I248D	0.07289934158325195
I248G	0.0728992149233818
F181E	0.07289888709783554
I248P	0.07289882004261017
I248R	0.0728987529873848
I248Y	0.07289865612983704
I248H	0.07289862632751465
F181Q	0.07289862632751465
F181C	0.07289861142635345
I248K	0.07289837300777435
I248N	0.07289829105138779
I248C	0.07289814949035645
F181P	0.07289811223745346
I248Q	0.07289795577526093
F181R	0.07289782166481018
F181K	0.07289775460958481
E249M	0.0728972777724266
E249H	0.07289711385965347
G235N	0.07289669662714005
E249F	0.07289595156908035
S75H	0.07289257645606995
S75F	0.0728922188282013
S75A	0.07289216667413712
F181M	0.07289200276136398
S75M	0.07289198786020279
S75V	0.07289194315671921
S75W	0.07289187610149384
S75I	0.07289180159568787
I248W	0.07289121299982071
F181H	0.07289121299982071
F181W	0.07289037853479385
I248S	0.07289031147956848
T63K	0.07288990169763565
T63Q	0.0728885605931282
F181G	0.07288828492164612
L239A	0.07288725674152374
L239C	0.07288583368062973
E249N	0.07288525998592377
I248M	0.07288386672735214
S75Y	0.0728827714920044
V142A	0.07288213074207306
E249C	0.07288053631782532
S75L	0.07287968695163727
F181A	0.07287964969873428
T63D	0.07287713885307312
P44N	0.07287565618753433
T63G	0.07287543267011642
P44C	0.07287504523992538
P44Y	0.07287494093179703
P44K	0.07287446409463882
P44F	0.0728742703795433
P44H	0.07287425547838211
P44W	0.07287418842315674
P44V	0.07287415117025375
P44M	0.07287399470806122
P44I	0.07287396490573883
S75K	0.07287292182445526
S75D	0.07287275791168213
S202E	0.07287166267633438
E249D	0.0728660598397255
S75P	0.07285957783460617
E249K	0.07285702228546143
E249P	0.07285555452108383
S75E	0.07285519689321518
P44E	0.07285110652446747
S202D	0.07284966111183167
P44D	0.07284814864397049
P169W	0.07284802198410034
L239M	0.07284515351057053
S75Q	0.07284218817949295
E249R	0.07284215092658997
T63E	0.07283955067396164
P169C	0.07283829152584076
E249L	0.07283824682235718
I248A	0.0728377103805542
P44G	0.07283739000558853
P169M	0.07283561676740646
P44A	0.07282905280590057
E249S	0.0728282779455185
P169K	0.07282460480928421
P169R	0.0728241577744484
P169N	0.07281646132469177
R256Q	0.07281555980443954
R256E	0.07281482219696045
R256G	0.07281166315078735
R256N	0.07280886173248291
R256D	0.07280783355236053
P169V	0.07280538976192474
E249Q	0.07280471175909042
P169Y	0.07280052453279495
P169G	0.07279714941978455
F181V	0.07279039174318314
R256S	0.07279003411531448
P169Q	0.07278633117675781
L239F	0.0727803185582161
F181N	0.07278002798557281
P169I	0.0727781280875206
P169D	0.07277312129735947
R256A	0.07277142256498337
P169F	0.07277127355337143
R256F	0.07276652753353119
E249A	0.07276062667369843
R256M	0.07275882363319397
F181T	0.07275436818599701
R256W	0.07275155186653137
R256Y	0.07274630665779114
E208H	0.07274296134710312
E249T	0.07274090498685837
E208P	0.07273562997579575
R256K	0.0727352499961853
R256T	0.07273177057504654
E208C	0.07272939383983612
L239V	0.07271549850702286
E208D	0.07271502166986465
E208Y	0.07271241396665573
E208N	0.07271222025156021
E208W	0.072706438601017
V113W	0.07270503789186478
V113C	0.07270222902297974
R199M	0.07269975543022156
R199W	0.07269920408725739
T22S	0.07269753515720367
E208S	0.07269663363695145
R256V	0.07269544154405594
E208T	0.07269158959388733
P169E	0.0726897194981575
L239I	0.07268942892551422
V113M	0.07268792390823364
E208A	0.07268734276294708
E208F	0.07268650829792023
R199F	0.07268583029508591
V113Y	0.072682686150074
E208M	0.07268199324607849
R199V	0.07267927378416061
R199Y	0.07267339527606964
R199N	0.07267165929079056
V113T	0.07267078757286072
V113H	0.07266849279403687
C251H	0.0726669505238533
R199A	0.07266539335250854
V113N	0.0726645439863205
C251D	0.07266385108232498
R199T	0.07266213744878769
W196K	0.07265826314687729
W196T	0.07265794277191162
R199I	0.07265739887952805
W196M	0.07265691459178925
C251W	0.07265530526638031
V113K	0.0726543441414833
R256I	0.07265312224626541
R199D	0.07265288382768631
W196N	0.07265239953994751
W196P	0.07265167683362961
E208I	0.07265167683362961
E208L	0.07265160977840424
W196A	0.07265003770589828
W196E	0.07264965772628784
W196D	0.0726483166217804
C251K	0.07264778763055801
V113L	0.07264682650566101
W196Q	0.07264485955238342
W196V	0.07264388352632523
V113R	0.07264316082000732
W196S	0.07264158874750137
C251E	0.07263942062854767
V113Q	0.07263751327991486
T110D	0.07263699173927307
C251M	0.07263664156198502
R199P	0.07263121753931046
R199Q	0.07263095676898956
C251P	0.07263076305389404
T110N	0.07263066619634628
R199S	0.07262987643480301
T110W	0.07262784242630005
T110H	0.07262623310089111
W196I	0.07262568920850754
V113F	0.07262421399354935
T110P	0.07262363284826279
V113P	0.07262314110994339
T110G	0.0726214200258255
R199E	0.07261961698532104
T110Q	0.07261960208415985
T110C	0.07261823862791061
V113E	0.07261177897453308
V113S	0.07260973006486893
E208R	0.07260940968990326
T110K	0.07260924577713013
T110M	0.0726080909371376
T110Y	0.07260224968194962
R176W	0.072600357234478
C251N	0.07260026037693024
C251L	0.07259878516197205
E208Q	0.07259688526391983
C251A	0.07259541004896164
T110F	0.07259473204612732
R176F	0.07259219884872437
R176M	0.07258802652359009
V113D	0.07258722186088562
T110R	0.07258269935846329
C251T	0.07258128374814987
R176I	0.07257918268442154
C251I	0.07257717847824097
T110E	0.07257558405399323
C251Q	0.07257518172264099
G192P	0.07257402688264847
G192W	0.07257402688264847
G192F	0.07257329672574997
R176L	0.07257197797298431
R176V	0.07256966829299927
G268F	0.07256819307804108
G268P	0.07256780564785004
G268I	0.07256748527288437
G268W	0.07256748527288437
G192L	0.0725671648979187
G268C	0.07256703823804855
G192Y	0.07256616652011871
G268Y	0.07256472855806351
R176K	0.07256137579679489
G268M	0.07256060093641281
G268L	0.0725591778755188
R199K	0.07255763560533524
T110L	0.07255628705024719
R176Y	0.0725548267364502
W196F	0.0725540742278099
R176Q	0.07255137711763382
G192I	0.07254765182733536
G192M	0.07254640012979507
G192T	0.0725434347987175
T110V	0.07254034280776978
T14M	0.0725400522351265
T14L	0.07253988832235336
T14V	0.07253970205783844
W196H	0.07253942638635635
T14D	0.07253934442996979
T14W	0.07253924757242203
T14Y	0.07253896445035934
T14C	0.0725388377904892
T14R	0.07253880053758621
R176A	0.07253878563642502
T14F	0.07253873348236084
G268V	0.07253863662481308
T4R	0.07253799587488174
T4N	0.07253783941268921
T4Y	0.07253780961036682
V113G	0.07253780961036682
T4A	0.0725376084446907
T4F	0.07253748923540115
T4M	0.07253742218017578
T4V	0.07253725826740265
T4D	0.07253725826740265
T4Q	0.07253722846508026
T4L	0.07253707200288773
T4G	0.07253704220056534
T4C	0.07253678143024445
W196Y	0.07253672182559967
T4W	0.07253636419773102
T4P	0.07253604382276535
G192H	0.07253504544496536
G192V	0.07253232598304749
G268A	0.07253088057041168
T14H	0.0725305899977684
C251V	0.0725303664803505
G192K	0.07252565026283264
G268T	0.0725206732749939
T14E	0.07251224666833878
T4E	0.07251177728176117
T4H	0.07251131534576416
T4K	0.07251016050577164
T14K	0.0725087821483612
R176D	0.07250512391328812
T14Q	0.07250458002090454
R176G	0.07250355184078217
G192R	0.07250307500362396
G268H	0.07250037789344788
R176P	0.07249938696622849
E201W	0.07249727100133896
G268N	0.07249636948108673
G192Q	0.07249439507722855
G268K	0.07249383628368378
R176T	0.07249131798744202
E201M	0.07248944789171219
E201F	0.0724889263510704
T14G	0.07248882204294205
E201C	0.07248367369174957
G192N	0.07248091697692871
E201Y	0.07248084992170334
R176E	0.07248082011938095
E144M	0.07247921824455261
G192E	0.0724768117070198
E144Y	0.07247649133205414
E144I	0.07247643172740936
G192A	0.0724763348698616
E144W	0.07247141748666763
G268Q	0.07247120141983032
P61L	0.07246550172567368
E144D	0.07246518135070801
E201I	0.07246492058038712
E201P	0.07246427983045578
P6Q	0.07245873659849167
P6G	0.0724586769938469
P6N	0.0724584311246872
P6Y	0.07245838642120361
P6M	0.07245828956365585
P6T	0.07245822250843048
P6D	0.0724581927061081
P6H	0.07245803624391556
P6A	0.07245798408985138
P6V	0.07245780527591705
P6F	0.07245780527591705
P6C	0.07245780527591705
P6W	0.07245774567127228
P6E	0.07245771586894989
G268E	0.072456493973732
G268R	0.07245604693889618
E201L	0.07245117425918579
E201H	0.07244674861431122
E144N	0.07244621217250824
R270P	0.07244270294904709
P6S	0.07244111597537994
R270N	0.07243551313877106
R270W	0.07243459671735764
R270D	0.07243459671735764
R270Y	0.07243422418832779
P6K	0.07243335992097855
R270G	0.07243239879608154
P6I	0.07243196666240692
E201R	0.07243185490369797
E201K	0.07243049144744873
Q241V	0.07242948561906815
Q241W	0.0724290981888771
R270F	0.07242877781391144
E201N	0.07242775708436966
H155S	0.07242532074451447
H155P	0.07242467999458313
H155W	0.07242461293935776
H155C	0.07242458313703537
H155A	0.07242441922426224
H155F	0.07242431491613388
E144F	0.07242397218942642
E201Q	0.07242391258478165
Q241M	0.07242380082607269
R270M	0.07242323458194733
H155I	0.0724196806550026
E144R	0.07241962850093842
Q241G	0.07241952419281006
E144C	0.07241874933242798
Q241I	0.07241685688495636
R270H	0.07241644710302353
H155E	0.07241600006818771
E144T	0.07241503894329071
H155M	0.07241497188806534
H155N	0.07241442799568176
H155K	0.07241322845220566
H155G	0.07241164147853851
R270A	0.07240914553403854
E144L	0.0724085345864296
I99P	0.07240606844425201
E144H	0.0724058449268341
H155V	0.07240472733974457
I99C	0.07240407168865204
Q241T	0.07240334898233414
H155D	0.07240312546491623
R176N	0.07240007817745209
Q241Y	0.07239934802055359
Q241E	0.07239896059036255
Q241F	0.07239851355552673
I99W	0.07239808142185211
Q241A	0.0723954364657402
Q241K	0.07239508628845215
R270T	0.07239322364330292
H155T	0.07239287346601486
E223W	0.07238268107175827
R270I	0.07238256931304932
E223M	0.07238221168518066
I99M	0.07238048315048218
E144A	0.07237981259822845
Q241C	0.07237914204597473
E223Y	0.07237657904624939
R270V	0.07237638533115387
E223F	0.07237257808446884
E223C	0.07237032055854797
R270E	0.0723685771226883
S253I	0.07236848026514053
S253W	0.07236836850643158
S253M	0.072368323802948
S253L	0.07236777245998383
S253P	0.07236745953559875
A25Q	0.07236713916063309
A25R	0.07236697524785995
A25C	0.07236684858798981
A25M	0.07236652821302414
S253Y	0.07236646115779877
S253F	0.07236646115779877
A25G	0.0723663941025734
A25Y	0.07236634939908981
A25L	0.07236622273921967
A25P	0.07236611098051071
E144P	0.07236601412296295
A25F	0.07236601412296295
A25N	0.07236591726541519
A25I	0.0723658874630928
A25W	0.0723658874630928
A25K	0.07236252725124359
E201S	0.07236240059137344
E144Q	0.0723617896437645
R270Q	0.07236059010028839
S253V	0.07235699146986008
E144S	0.07235045731067657
E223P	0.0723503977060318
E223I	0.07235030084848404
K123W	0.07234610617160797
A25H	0.07234127819538116
S253H	0.07233969122171402
E223V	0.07233910262584686
I99G	0.07233749330043793
K123C	0.07233429700136185
R270K	0.07233314216136932
I99H	0.07233188301324844
E223H	0.07233160734176636
E223T	0.07233128696680069
K123M	0.07232934236526489
K123F	0.07232828438282013
I99L	0.07232780754566193
Q236I	0.07232668250799179
Q236F	0.07232607901096344
Q236W	0.07232566177845001
I99R	0.07232556492090225
Q241S	0.07232540100812912
I99A	0.07232514768838882
K123P	0.07232415676116943
K123Y	0.07231983542442322
S253K	0.07231958210468292
Q236V	0.07231824100017548
Q236C	0.0723181888461113
Q236Y	0.07231636345386505
E201T	0.07231622189283371
S253Q	0.07231614738702774
A25D	0.07231584191322327
I99Q	0.07231228798627853
D53H	0.07230973243713379
D53T	0.07230938971042633
D53P	0.07230934500694275
D53Y	0.0723092183470726
D53S	0.07230913639068604
D53K	0.07230909168720245
D53C	0.0723089948296547
D53F	0.0723089948296547
D53W	0.0723089948296547
D53M	0.07230883091688156
D53Q	0.07230857759714127
Q236G	0.07230658084154129
E223L	0.07230477035045624
I99Y	0.07230214774608612
K123N	0.07230205088853836
I99K	0.07230054587125778
E223S	0.07229924201965332
I99D	0.07229872792959213
E223N	0.07229834794998169
E223R	0.0722971260547638
Q236N	0.07229690253734589
D53L	0.07229632884263992
D53R	0.07229584455490112
Q236A	0.072293221950531
Q236M	0.07229303568601608
K123H	0.07229287922382355
K123S	0.07228510826826096
K123G	0.07228398323059082
S253E	0.07228361815214157
Q236K	0.07228171080350876
S253R	0.07227707654237747
D53A	0.07227146625518799
S253A	0.07227052748203278
K123I	0.07226934283971786
K123L	0.07226719707250595
N198W	0.07226482778787613
I99S	0.07226400822401047
K123D	0.07225988060235977
Q236T	0.07225600630044937
K123V	0.07225488871335983
K123A	0.0722537711262703
N198G	0.0722491592168808
Q236S	0.07224782556295395
Q241D	0.07224715501070023
S253D	0.07224440574645996
N198M	0.07223860174417496
I99E	0.07223721593618393
S253T	0.07223488390445709
N198P	0.07223360985517502
N198Q	0.0722322016954422
N198C	0.07222840189933777
N198R	0.07222730666399002
N198F	0.07222667336463928
Y213M	0.07222485542297363
Y213W	0.07222481817007065
N198E	0.07222398370504379
F146W	0.07222367078065872
D53I	0.07222245633602142
K123Q	0.07222187519073486
Y213Q	0.07221557199954987
N198A	0.07221367210149765
F146R	0.07221328467130661
Q241N	0.07221130281686783
F146M	0.07220721244812012
N151W	0.07220488041639328
N198T	0.07220149785280228
N151C	0.0721973106265068
F146Q	0.07219581305980682
F146C	0.0721939280629158
N151M	0.07219331711530685
Y213I	0.07219312340021133
Y213E	0.07219047844409943
Y213V	0.072186678647995
F146G	0.07218638807535172
Y213A	0.07218623161315918
Y213D	0.07218462973833084
Y213R	0.07218338549137115
N151P	0.07218115031719208
Y213K	0.07217910885810852
F146D	0.07217899709939957
F146H	0.07217757403850555
N151Q	0.07217585295438766
F146N	0.072172611951828
N151K	0.07216927409172058
Y213G	0.07216474413871765
F146E	0.0721588060259819
Y213S	0.07215730100870132
F146P	0.07215692102909088
Y213P	0.07215289771556854
N151V	0.0721491277217865
M10K	0.07214903831481934
M10P	0.07214877754449844
M10W	0.07214868068695068
M10S	0.07214842736721039
M10N	0.07214821875095367
M10C	0.07214813679456711
M10Q	0.07214795053005219
M10D	0.07214781641960144
M10G	0.07214775681495667
M10R	0.07214770466089249
M10E	0.0721471831202507
N151F	0.07214528322219849
F146T	0.07214318215847015
Y213L	0.07214300334453583
N198V	0.07213851064443588
N151L	0.07213837653398514
N151R	0.07213661819696426
F146K	0.07213553041219711
F146I	0.0721333920955658
M10A	0.07213006913661957
N198L	0.07212282717227936
N151E	0.07212215662002563
M10H	0.07212170958518982
M10F	0.07212163507938385
N151G	0.07211194932460785
Q236D	0.07210741937160492
M10Y	0.07209819555282593
Y213T	0.0720735564827919
F146A	0.07207141071557999
N151A	0.07206209748983383
D31I	0.07205141335725784
D31Q	0.07205076515674591
D31F	0.07205075025558472
D31K	0.07205057144165039
D31Y	0.0720503032207489
D31L	0.07205009460449219
D31M	0.07204998284578323
D31W	0.07204995304346085
D31A	0.07204790413379669
D31T	0.07204462587833405
D31P	0.07203742116689682
L182D	0.07202750444412231
L182E	0.07202664762735367
L182H	0.07202635705471039
L182K	0.07202597707509995
D31C	0.0720253735780716
L182N	0.07202120125293732
L182G	0.07201909273862839
L182S	0.0720178484916687
L182W	0.0720089003443718
D31H	0.07200102508068085
G70Q	0.07200010120868683
G70M	0.07199997454881668
G70I	0.0719999149441719
G70H	0.07199970632791519
G70L	0.07199965417385101
G70T	0.07199959456920624
G70E	0.0719994604587555
G70P	0.0719994306564331
G70K	0.0719994306564331
G70Y	0.07199940085411072
G70V	0.07199938595294952
D31R	0.07199752330780029
L182T	0.0719926655292511
G70D	0.07199115306138992
G70W	0.07198893278837204
G70F	0.07198674231767654
D31S	0.07198586314916611
L182C	0.07197694480419159
G70A	0.07197468727827072
L182Y	0.07197156548500061
L182A	0.07195894420146942
L182M	0.0719543918967247
A35I	0.0719512477517128
A35D	0.07195095717906952
A35K	0.07195086032152176
A32H	0.07195057719945908
A32L	0.07195054739713669
A35H	0.07195035368204117
A35S	0.07195035368204117
A35E	0.07195025682449341
A32C	0.07195020467042923
A32S	0.07195010036230087
A32Q	0.07195010036230087
A35W	0.07195006310939789
A32N	0.07195006310939789
A35L	0.0719500482082367
A35N	0.0719500333070755
A35M	0.07194990664720535
A32F	0.07194975018501282
A32E	0.07194973528385162
A32R	0.07194968312978745
A35Q	0.07194965332746506
A32M	0.07194962352514267
A32W	0.07194962352514267
A35C	0.07194958627223969
A32Y	0.07194948941469193
A32K	0.07194924354553223
A32I	0.07194484770298004
E47G	0.0719345286488533
Q236L	0.07192975282669067
A35Y	0.07192571461200714
A32G	0.07192561775445938
A35R	0.07192434370517731
L260K	0.07192393392324448
L260D	0.07192367315292358
L260E	0.07192357629537582
A35F	0.0719229131937027
Y131M	0.0719214454293251
L260Y	0.07192030549049377
R140W	0.07191880792379379
Y131I	0.07191775739192963
F174K	0.07191374897956848
F174W	0.07191292196512222
L260H	0.07191205769777298
G70N	0.07191110402345657
R140Y	0.07190971821546555
L260N	0.07190939038991928
L182V	0.0719037875533104
F174D	0.07190369069576263
Y131L	0.07190107554197311
A32D	0.07189913839101791
L260W	0.0718969777226448
Y131F	0.07189686596393585
R140D	0.07189621031284332
Y131V	0.07189477980136871
F174E	0.07189474999904633
Y131S	0.07189353555440903
Y131A	0.07189232856035233
F174N	0.07189172506332397
Y131G	0.07189121842384338
F174Q	0.0718894675374031
Y131W	0.07188905030488968
F174R	0.0718875601887703
Y131P	0.07188746333122253
Y131T	0.07188671827316284
L260I	0.07188421487808228
F174H	0.07188411056995392
R140T	0.07188058644533157
R140N	0.07187914848327637
L182F	0.07187909632921219
Y131Q	0.07187476754188538
F174C	0.0718747079372406
R140H	0.07187356054782867
F174T	0.07187330722808838
Y131K	0.07187137007713318
L260M	0.07186964899301529
F174P	0.07186582684516907
F174M	0.07186554372310638
L260R	0.07186449319124222
L260V	0.07186336815357208
Y131E	0.07186189293861389
R140E	0.07186185568571091
L182I	0.07186152040958405
R140S	0.07185975462198257
R140M	0.0718596950173378
L81R	0.07185570150613785
L81C	0.07185523957014084
L81H	0.07185511291027069
L81W	0.07185511291027069
L81K	0.07185505330562592
R140I	0.07185371220111847
Y131D	0.07185326516628265
L81E	0.0718512311577797
L81D	0.07185015827417374
R140V	0.07184986770153046
L260F	0.07184939086437225
L81F	0.07184623926877975
R140L	0.07184086740016937
L81N	0.07183902710676193
L81Y	0.07183816283941269
L260T	0.07183460891246796
F174G	0.07183301448822021
R140A	0.07183056324720383
R140Q	0.07182980328798294
G217M	0.0718289166688919
G217N	0.07182824611663818
G217H	0.07182580232620239
G217T	0.07182341068983078
G217P	0.07182151079177856
L136D	0.0718207135796547
G157M	0.07181978970766068
G157W	0.07181978970766068
R140F	0.07181929796934128
G157Y	0.07181912660598755
L81A	0.07181905955076218
G157R	0.0718189924955368
G157F	0.07181883603334427
G157Q	0.07181880623102188
G157T	0.0718187764286995
G157I	0.07181867957115173
L136K	0.07181785255670547
L81M	0.07181492447853088
G157P	0.07181486487388611
G157K	0.0718102902173996
P154N	0.07180695235729218
L136I	0.07180573791265488
G157L	0.07180539518594742
L260C	0.07180517166852951
G217V	0.07180505990982056
L260A	0.07180456817150116
G217W	0.07180443406105042
G157H	0.0718042179942131
F174I	0.07180313766002655
P154E	0.07180055975914001
L136N	0.07180043309926987
L81V	0.07179956138134003
G157C	0.07179783284664154
P154D	0.07179519534111023
P154H	0.07179514318704605
P154Y	0.07179468125104904
L136T	0.0717925876379013
G217K	0.07179121673107147
P154K	0.07179061323404312
P154G	0.07178883254528046
P154T	0.07178651541471481
P154C	0.07178620249032974
P154F	0.07178550213575363
L136H	0.07178375124931335
L136E	0.07178273797035217
F174V	0.07178143411874771
L136V	0.07177970558404922
L136W	0.07177844643592834
G217F	0.07177755981683731
L136F	0.07177746295928955
L81I	0.0717768594622612
R140K	0.07177557051181793
L136C	0.07177460193634033
P154W	0.07177334278821945
L81S	0.07177164405584335
R140G	0.07176945358514786
G217I	0.07176917046308517
L136Y	0.07176897674798965
T22D	0.07176507264375687
T22E	0.07176507264375687
T22Y	0.07176504284143448
T22Q	0.07176481932401657
T22F	0.07176472246646881
T22K	0.07176467776298523
T22M	0.07176461070775986
T22G	0.071764275431633
T22W	0.07176424562931061
T22L	0.07176421582698822
L136G	0.07176393270492554
G157E	0.07176386564970016
T22R	0.07176386564970016
T22C	0.0717635527253151
K64N	0.07176215201616287
K64Y	0.07176205515861511
L136R	0.07176195830106735
K64H	0.07176172733306885
K64W	0.07176151871681213
K64C	0.07176129519939423
K64A	0.07176119834184647
K64L	0.07176107168197632
F174A	0.07175935804843903
G217Q	0.07175728678703308
L136S	0.07175659388303757
G217L	0.07175420969724655
L260G	0.07175315916538239
G157N	0.07174916565418243
P154M	0.07174890488386154
K64F	0.07174865156412125
K64M	0.07174775004386902
K64V	0.07174668461084366
Y131R	0.07174348086118698
T22V	0.07173963636159897
T22H	0.07173817604780197
K64G	0.07173731178045273
K64P	0.07173502445220947
L81T	0.07172823697328568
K64D	0.0717267096042633
D164W	0.07172659039497375
D164F	0.07172631472349167
G217E	0.07172322273254395
D164T	0.07172137498855591
K64S	0.07171991467475891
D164C	0.07171808928251266
D121P	0.07170981913805008
D121C	0.07170585542917252
D164M	0.0717044249176979
D164S	0.07170280814170837
D164Y	0.07170217484235764
Q80W	0.07169970124959946
Q80F	0.07169950753450394
Q80C	0.07169884443283081
Q80I	0.07169865071773529
Q80M	0.07169852405786514
L81G	0.07169666886329651
Q80N	0.07169246673583984
L136A	0.07169236987829208
G217Y	0.0716923400759697
K64Q	0.07169058918952942
D121W	0.07169030606746674
D164Q	0.0716896504163742
Q80Y	0.07168740034103394
Q80S	0.07168678194284439
R163M	0.07168395817279816
P154A	0.07168389111757278
D164I	0.07168272137641907
D164R	0.07168081402778625
P154I	0.07168024033308029
Q80V	0.07168015092611313
L260S	0.07167840749025345
P154V	0.07167498022317886
Q80T	0.07167304307222366
D121K	0.07167080789804459
Q80D	0.0716698095202446
D121M	0.07166937738656998
Q80A	0.07166355848312378
D164K	0.07166256010532379
D121I	0.07166222482919693
D164P	0.07166165858507156
R163P	0.07166086137294769
Q80G	0.07166079431772232
R163W	0.07165903598070145
R163I	0.07165803760290146
D121F	0.07165764272212982
Q80E	0.07165607064962387
D121T	0.07165594398975372
D164L	0.07165046036243439
T265W	0.07165007293224335
D121L	0.07164712250232697
R163Y	0.0716465562582016
D121Q	0.07164423912763596
D121S	0.07164329290390015
R163G	0.07164014875888824
R163V	0.07163538783788681
R163F	0.07163532823324203
D121R	0.07163448631763458
R163K	0.07163269072771072
R163A	0.07163101434707642
R163T	0.07162714749574661
D121A	0.07162708789110184
T265G	0.0716262236237526
R163Q	0.07162319868803024
R163L	0.07161979377269745
T265M	0.0716160237789154
T265E	0.07161577045917511
T265Y	0.0716153234243393
R163N	0.07161331921815872
R163D	0.07161227613687515
T265F	0.07161130011081696
T265D	0.07160749286413193
R163E	0.07160232216119766
T265Q	0.07159734517335892
T265V	0.07159484177827835
R163S	0.07159208506345749
T265N	0.07158999145030975
T265C	0.0715799480676651
Q80K	0.07156280428171158
T265L	0.07155974954366684
T265R	0.07155504822731018
T216C	0.07154316455125809
T216W	0.07154245674610138
T216F	0.07153957337141037
T265H	0.0715363547205925
T216V	0.07153559476137161
T216R	0.07153496146202087
E147W	0.07153300195932388
T265K	0.07152970880270004
W196C	0.07152440398931503
T216Y	0.07152435183525085
T216L	0.07152208685874939
E147M	0.07151833921670914
T216K	0.0715179294347763
E147C	0.07151396572589874
T216M	0.07151317596435547
T216S	0.07151316106319427
E147I	0.07151175290346146
E147P	0.07150643318891525
T216H	0.07150212675333023
E147Y	0.0714993104338646
Q80P	0.07149478793144226
T216N	0.07149162143468857
E147L	0.07149063795804977
E147Q	0.07148899137973785
E147H	0.0714869350194931
T216Q	0.07148654013872147
T216G	0.07148531824350357
E147K	0.07147078961133957
M195D	0.07146240770816803
M195N	0.07146234810352325
M195Q	0.07146212458610535
M195E	0.07146155834197998
M195P	0.07146131992340088
T216D	0.07146060466766357
E147F	0.07145842164754868
M195H	0.07145524770021439
E147R	0.07145312428474426
T216E	0.07145250588655472
M195G	0.07145041227340698
M195S	0.0714501217007637
M195W	0.07144815474748611
C101W	0.07144671678543091
S253G	0.07144364714622498
M195C	0.07143650203943253
M195A	0.07143571227788925
C101H	0.0714321956038475
G56T	0.07142641395330429
G56I	0.07142631709575653
G56Q	0.0714259073138237
G56F	0.07142582535743713
G56H	0.07142581045627594
G56W	0.07142581045627594
G56Y	0.07142561674118042
G56K	0.07142558693885803
G56R	0.07142555713653564
G56M	0.07142549008131027
G56L	0.07142549008131027
G56E	0.0714254155755043
G56P	0.07142523676156998
G56C	0.07142496854066849
E147N	0.07142283767461777
C101M	0.07142242789268494
E147S	0.07141844183206558
E212M	0.07141249626874924
G56N	0.07141187787055969
E212C	0.07140781730413437
A225W	0.07140674442052841
E212W	0.07140455394983292
C101I	0.07140418142080307
C101V	0.07140092551708221
G56V	0.07139984518289566
A225M	0.07139438390731812
M195Y	0.07138875126838684
E147T	0.07138846814632416
A225G	0.07138799875974655
E212Q	0.07138583064079285
A225N	0.0713852122426033
A225Q	0.07138391584157944
E212P	0.07138387113809586
C101P	0.071383535861969
C101N	0.07138258963823318
C101T	0.0713820680975914
E212I	0.07138170301914215
K243V	0.07138129323720932
E212R	0.07137876003980637
K243F	0.07137812674045563
A225D	0.07137757539749146
T216P	0.07137466967105865
M271K	0.07137414813041687
M271E	0.07137402147054672
M271D	0.07137390226125717
M271W	0.07137370854616165
K243W	0.07137364149093628
M271C	0.07137361168861389
M271N	0.07137351483106613
E212H	0.07137323170900345
M271G	0.07137320190668106
M271S	0.07137318700551987
M271P	0.07137306034564972
M271Y	0.07137297838926315
M271Q	0.07137296348810196
M271H	0.07137259840965271
E212F	0.07137253880500793
M271R	0.07137218862771988
M195F	0.07137054949998856
E212Y	0.07136912643909454
C101D	0.07136691361665726
A225K	0.07136590033769608
K243P	0.07136588543653488
K243M	0.07136476039886475
K243C	0.07136460393667221
M271T	0.0713636577129364
M271A	0.07135539501905441
C101L	0.07135505229234695
K243D	0.07135376334190369
E212A	0.07135257124900818
E212N	0.07135225087404251
M271F	0.07134738564491272
A225C	0.07134668529033661
A225E	0.071345753967762
A225H	0.07134270668029785
C101Q	0.07134141772985458
K243L	0.0713331550359726
A225L	0.07133269309997559
K243Y	0.0713304951786995
E212S	0.07132680714130402
A225S	0.07132596522569656
C101A	0.07132492959499359
E212D	0.07132425904273987
E212L	0.07132043689489365
A225Y	0.07131926715373993
C101K	0.0713188648223877
K243H	0.07131451368331909
A225R	0.07131153345108032
K243S	0.0713062658905983
D41P	0.071302630007267
D41Y	0.07130260020494461
K243T	0.07130250334739685
D41A	0.07130229473114014
D41M	0.07130227982997894
D41K	0.07130219042301178
K243A	0.0713021531701088
D41I	0.0713021531701088
D41W	0.07130199670791626
D41F	0.07130196690559387
D41C	0.0713019073009491
D41T	0.07130149006843567
A225I	0.07130065560340881
K243Q	0.07129976898431778
A225F	0.07129903137683868
G56A	0.07128346711397171
M195L	0.07128041982650757
C101E	0.07127866894006729
D41Q	0.07127707451581955
D41L	0.07127535343170166
E212T	0.07127344608306885
I42K	0.07126626372337341
I42S	0.07126545906066895
I42W	0.07126528024673462
I42A	0.07126525789499283
I42R	0.07126522064208984
I42D	0.07126516103744507
I42N	0.07126513123512268
I42M	0.07126506417989731
I42G	0.07126503437757492
I42Q	0.07126498222351074
I42P	0.07126490771770477
I42Y	0.07126487791538239
I42H	0.07126465439796448
I42C	0.07126449793577194
M271V	0.07126115262508392
D41R	0.07125736773014069
I42E	0.07125234603881836
K243G	0.07123348116874695
H68A	0.071224644780159
H68D	0.071224145591259
H68P	0.07122401893138885
H68C	0.0712239220738411
H68E	0.07122389227151871
H68M	0.07122370600700378
H68W	0.07122322916984558
H68K	0.07122322916984558
D45W	0.07121884822845459
D45A	0.07121865451335907
D45Y	0.0712183266878128
D45T	0.07121767848730087
D45S	0.07121755182743073
D45F	0.07121755182743073
D45C	0.07121752202510834
D45H	0.07121723145246506
D45I	0.07121704518795013
D45M	0.07121676206588745
D45L	0.07121654599905014
H68G	0.07121426612138748
D36A	0.07121077179908752
D36F	0.07121045142412186
D36M	0.07121029496192932
D36P	0.07121022045612335
D36Q	0.07121004164218903
D36L	0.07121002674102783
D36S	0.07120990008115768
D36T	0.07120960205793381
D36C	0.07120950520038605
D36W	0.0712093785405159
H68N	0.07120875269174576
D45R	0.07120545208454132
H68S	0.0712033286690712
H68V	0.07120238244533539
H68Q	0.07120032608509064
D36R	0.07119594514369965
M271L	0.07119452953338623
D41S	0.07119184732437134
R102W	0.07119039446115494
R102M	0.07119017839431763
R102F	0.07118954509496689
D36I	0.07118459790945053
D36K	0.07118403166532516
H68T	0.07118040323257446
R141W	0.07117198407649994
R141M	0.07116732001304626
R102Y	0.07116462290287018
T238S	0.0711604654788971
R102L	0.0711582601070404
R141F	0.07115335762500763
R141L	0.07115071266889572
H68F	0.07114925980567932
R102I	0.0711468979716301
D130C	0.07114186137914658
R141Y	0.07114173471927643
R102P	0.07114052772521973
D45Q	0.0711376965045929
R141I	0.07113738358020782
D45K	0.0711364895105362
H68I	0.07113492488861084
R102T	0.07113350927829742
R102N	0.07113202661275864
R141N	0.0711292251944542
D130T	0.07112917304039001
R141A	0.07112901657819748
R141T	0.07112876325845718
D130P	0.07112174481153488
D45P	0.07112115621566772
D130M	0.07112060487270355
D130Q	0.07111863791942596
R102S	0.07111126184463501
R141V	0.07111085951328278
R141D	0.07111035287380219
D130S	0.0711086243391037
R141E	0.07110827416181564
R102D	0.07110230624675751
D130R	0.07110178470611572
D130K	0.07109832763671875
D130I	0.07109823077917099
D130H	0.07109685987234116
R102E	0.07109388709068298
R102V	0.07109303027391434
R102Q	0.07108944654464722
D130F	0.0710863396525383
R102K	0.07108308374881744
R141Q	0.07108251750469208
R141K	0.07107889652252197
D130Y	0.07107146084308624
R102A	0.07106296718120575
D130L	0.07106255739927292
I127D	0.07103265821933746
D130W	0.07103215903043747
I127E	0.07102832943201065
I127G	0.07102831453084946
H68L	0.07102680951356888
P61A	0.07102573662996292
P61M	0.07102545350790024
P61D	0.07102539390325546
I127W	0.07102523744106293
P61Q	0.07102501392364502
P61W	0.07102488726377487
P61C	0.07102474570274353
P61K	0.07102447748184204
P61Y	0.07102438062429428
I127K	0.07102026790380478
A50Q	0.07101881504058838
A50N	0.07101871818304062
I127Y	0.07101793587207794
A50M	0.07101786881685257
A50I	0.07101783901453018
A50D	0.07101769745349884
A50W	0.07101768255233765
A50H	0.0710175558924675
A50E	0.07101746648550034
I127N	0.07101541757583618
I127Q	0.07101540267467499
I127H	0.07101356238126755
P61F	0.0710129663348198
P61E	0.07101158052682877
P61H	0.07101114094257355
I127C	0.07101104408502579
I127S	0.07100692391395569
A50C	0.07100588828325272
A50Y	0.07100497931241989
A50S	0.07100305706262589
P61I	0.0710013285279274
P61N	0.07100082188844681
A50K	0.07099698483943939
P61R	0.07099688798189163
P61G	0.07099679857492447
A50L	0.0709952861070633
A50R	0.07099179923534393
I127R	0.07098459452390671
I127M	0.07097847759723663
A50F	0.07097462564706802
D45N	0.070973239839077
P61V	0.07097095251083374
I127A	0.0709574967622757
I127P	0.07095733284950256
N189M	0.07094904035329819
G106W	0.07094765454530716
N189W	0.07094740867614746
G106C	0.07094429433345795
N189C	0.07094058394432068
N189F	0.07093382626771927
N189P	0.07091934233903885
N189I	0.07091861963272095
G106M	0.07091255486011505
G106Y	0.07091198861598969
D105Y	0.07090703397989273
N189L	0.07090453058481216
G106P	0.0709042027592659
D105M	0.07090117037296295
G106N	0.07089942693710327
N189V	0.07089873403310776
I127F	0.0708986222743988
D105C	0.07089711725711823
G106H	0.07089653611183167
N189H	0.07089506089687347
D105W	0.07088931649923325
N189T	0.0708865150809288
N189G	0.07088635861873627
S173W	0.07088334858417511
N189R	0.0708828717470169
S173M	0.07088257372379303
S173C	0.07088036090135574
G106V	0.07087918370962143
S173F	0.07087653130292892
G106T	0.07087568193674088
D105F	0.07087443768978119
N189K	0.07087285816669464
G106E	0.07086999714374542
D105L	0.07086899131536484
F150C	0.07086727023124695
S173Y	0.07086711376905441
N189Q	0.07086694985628128
G106I	0.07086668908596039
N189A	0.07086560130119324
G106K	0.07086391001939774
D105I	0.07086239755153656
G106Q	0.07085907459259033
F150W	0.07085574418306351
D105T	0.07084642350673676
E215P	0.07084588706493378
E215C	0.07084516435861588
E215M	0.0708443820476532
S173L	0.07084328681230545
G162C	0.07083863765001297
G162W	0.07083852589130402
E215T	0.07083681970834732
G106L	0.07083618640899658
F150R	0.07083480805158615
D105S	0.07083151489496231
F150I	0.07083112001419067
S173P	0.07083054631948471
D105R	0.07082897424697876
E215I	0.07082812488079071
G106F	0.07082731276750565
E215N	0.07082555443048477
E215H	0.07082454860210419
G162F	0.0708187147974968
G162P	0.07081855833530426
F150K	0.07081592082977295
H67W	0.07081588357686996
H67G	0.07081522792577744
H67C	0.070814348757267
H67M	0.07081425189971924
F150T	0.070813849568367
F150E	0.07081278413534164
S173H	0.07081146538257599
F150M	0.07081017643213272
G162Y	0.07080791890621185
E215W	0.07080726325511932
G162M	0.07080681622028351
D105K	0.07080641388893127
E215L	0.07080578058958054
W52Q	0.0708056315779686
W52A	0.07080559432506561
W52P	0.07080553472042084
W52T	0.07080542296171188
W52V	0.07080528140068054
W52D	0.07080495357513428
W52K	0.0708049088716507
F150D	0.07080487161874771
W52S	0.07080485671758652
W52Y	0.07080475240945816
W52E	0.07080472260713577
W52F	0.07080468535423279
W52N	0.07080458849668503
W52M	0.07080443203449249
F150V	0.07080269604921341
H67D	0.07080211490392685
H67F	0.07080133259296417
F150Q	0.07080081105232239
G162V	0.07079971581697464
S173Q	0.07079948484897614
G162I	0.07079910486936569
D105Q	0.07079780101776123
F150H	0.07079775631427765
H67V	0.07079767435789108
H67K	0.07079721987247467
E215R	0.0707959309220314
N189E	0.07079551368951797
D121E	0.07079477608203888
S173A	0.07079458981752396
H67A	0.07079392671585083
F150A	0.07079382985830307
F150N	0.07079160213470459
H67I	0.07079135626554489
G162E	0.07078922539949417
G162H	0.07078909873962402
S173E	0.070787712931633
S173K	0.0707876980304718
G162T	0.07078561931848526
E215Q	0.07078545540571213
G162K	0.07078536599874496
G106A	0.07078497111797333
H67T	0.07078467309474945
G162N	0.07078301161527634
E215A	0.07078291475772858
W52I	0.07078257203102112
W52L	0.07078241556882858
S173R	0.07078216969966888
H67E	0.07078038156032562
L178K	0.07077765464782715
L178G	0.0707775205373764
L178R	0.0707775205373764
L178E	0.07077723741531372
L178D	0.07077721506357193
L178N	0.07077684998512268
H67N	0.07077670842409134
L178H	0.07077639549970627
F150G	0.07077432423830032
A119W	0.07077338546514511
F150P	0.07077021896839142
L178S	0.07076955586671829
G162Q	0.07076313346624374
L178W	0.07075683027505875
A119F	0.07075642049312592
E215S	0.07075632363557816
G162R	0.07075535506010056
A119M	0.0707533210515976
S173V	0.0707474872469902
H67S	0.0707460418343544
A119C	0.07074349373579025
S173D	0.07074309885501862
E215F	0.07074227184057236
D105P	0.07073855400085449
A119H	0.07073795050382614
A119Y	0.07073632627725601
A119N	0.07073604315519333
A119I	0.07073592394590378
L178C	0.07073348760604858
D105A	0.07073342800140381
A119Q	0.07073040306568146
A204H	0.07072880119085312
L178Y	0.07072416692972183
E212G	0.0707237720489502
A204F	0.07072249054908752
A204P	0.07072219252586365
A204W	0.0707160159945488
A204K	0.0707126036286354
A204M	0.0707116648554802
A204C	0.07071138173341751
A119P	0.07071100920438766
S58W	0.07070868462324142
S58V	0.0707080289721489
S58A	0.07070758938789368
S58M	0.0707075297832489
W52H	0.0707075297832489
S58C	0.07070734351873398
S58F	0.07070732116699219
S58Y	0.07070724666118622
S58K	0.07070707529783249
S58H	0.07070696353912354
A204Y	0.0707060694694519
E215Y	0.0706975981593132
A119L	0.07069753110408783
S58D	0.0706956535577774
A119K	0.07069423049688339
S58E	0.07069402933120728
S58T	0.07069383561611176
G162A	0.07069364935159683
A221W	0.0706929937005043
A204I	0.07069021463394165
L178T	0.07068803906440735
A221G	0.07068528980016708
S242F	0.07068406045436859
S242K	0.07068365812301636
A204G	0.07068337500095367
S242M	0.07068334519863129
S242W	0.0706833153963089
S58Q	0.07068315893411636
S242I	0.07068303227424622
S242Y	0.07068286836147308
S242L	0.07068256288766861
S242Q	0.07068252563476562
A204Q	0.0706820860505104
A204N	0.07068080455064774
S242H	0.07067576050758362
A221C	0.07067526131868362
S242D	0.07067366689443588
L178A	0.07067298889160156
A204R	0.07067170739173889
G162L	0.07067006826400757
A221H	0.07066795229911804
S58L	0.07066570967435837
A221N	0.07066527754068375
S242E	0.07066404819488525
A204L	0.07066068053245544
A119R	0.07065895944833755
A204S	0.07065368443727493
A221M	0.07065203040838242
S242V	0.0706515908241272
A221K	0.07064858078956604
L178F	0.07064388692378998
L89M	0.07064153999090195
L89V	0.07063603401184082
S58P	0.07063224166631699
A221I	0.0706300362944603
S242P	0.07062901556491852
L89C	0.07061894237995148
A221Q	0.07061751931905746
A221E	0.0706130713224411
A204D	0.07061086595058441
A221F	0.07061058282852173
L89G	0.07060786336660385
L89I	0.07060698419809341
L89W	0.07060499489307404
A221D	0.07060226052999496
L89T	0.07060060650110245
A16M	0.07059475034475327
A16W	0.07059431821107864
A16F	0.07059422135353088
A16R	0.07059406489133835
L89H	0.07059390842914581
A16K	0.07059378176927567
A16G	0.07059376686811447
A16I	0.07059372216463089
A16Y	0.07059372216463089
A16D	0.0705936923623085
A16Q	0.07059362530708313
A16L	0.07059350609779358
A16C	0.07059334218502045
A16H	0.07059304416179657
A16N	0.07059281319379807
A221L	0.07059115916490555
L89K	0.07058602571487427
L89F	0.07058525830507278
A138W	0.07058258354663849
A138C	0.07058222591876984
L89D	0.07058098912239075
A138I	0.07057914137840271
L89A	0.07057905197143555
L89E	0.07057889550924301
L178I	0.07057801634073257
M40P	0.07057695090770721
M40N	0.07057667523622513
M40F	0.07057663798332214
M40W	0.07057659327983856
M40D	0.07057639211416245
M40R	0.07057636231184006
M40A	0.07057632505893707
M40E	0.07057629525661469
M40S	0.07057629525661469
A138M	0.07057623565196991
M40G	0.07057610899209976
M40Y	0.07057607918977737
M40C	0.07057595252990723
M40Q	0.0705757588148117
M40H	0.07057569921016693
A221Y	0.07057198137044907
L89N	0.07056964933872223
A16E	0.07056832313537598
A138K	0.07056822627782822
A221R	0.07056278735399246
A138L	0.07056000828742981
A138H	0.07055728137493134
A138R	0.07055512070655823
L89S	0.0705508440732956
A119E	0.07054783403873444
A138Y	0.07054708898067474
A138S	0.07054314762353897
A138D	0.07054261863231659
S242A	0.07054102420806885
A138Q	0.07053883373737335
A138F	0.07052785903215408
A138G	0.07051873207092285
A16P	0.0705045759677887
S242T	0.070494145154953
E132C	0.07048873603343964
E132M	0.07047739624977112
E132W	0.07047628611326218
A138P	0.07047470659017563
E132I	0.07047230005264282
E132F	0.0704665556550026
E132L	0.07045724987983704
M40L	0.07045478373765945
A138E	0.07045194506645203
A138N	0.07044465094804764
L89Y	0.07044269889593124
E132T	0.07043410837650299
E132R	0.07043217867612839
E132H	0.07042838633060455
E132Y	0.07042799144983292
R48A	0.07042746245861053
R48E	0.07042686641216278
R48S	0.07042685151100159
R48G	0.07042685151100159
R48K	0.07042684406042099
R48P	0.07042670994997025
R48M	0.07042646408081055
R48W	0.07042646408081055
R48Q	0.07042644917964935
R48F	0.07042618095874786
R48N	0.07042606174945831
R48D	0.07042599469423294
R48Y	0.07042593508958817
E132Q	0.07042228430509567
E132A	0.07042147219181061
E132N	0.07042000442743301
R48T	0.07041916996240616
R141C	0.07041797041893005
E132P	0.0704052746295929
A211C	0.0703950971364975
P234Y	0.07039381563663483
P234W	0.07039281725883484
A211W	0.07038857787847519
P234C	0.07038572430610657
P234M	0.07038439065217972
P234H	0.07038283348083496
P234F	0.07038264721632004
A211F	0.07038227468729019
A211Y	0.07038068026304245
P234G	0.07037684321403503
V166M	0.0703749731183052
P234D	0.0703730583190918
V166C	0.07037185877561569
A211M	0.07036832720041275
A29C	0.07036606967449188
A29E	0.07036587595939636
A29R	0.07036542892456055
A29N	0.0703650563955307
A29M	0.0703650563955307
A29I	0.07036495953798294
A29F	0.07036489993333817
A29H	0.0703648030757904
V166R	0.07036475837230682
A29Y	0.07036461681127548
A29W	0.07036461681127548
A29Q	0.07036451995372772
A29K	0.07036437839269638
A211L	0.07036324590444565
A211I	0.07036267966032028
A211P	0.07036140561103821
P234N	0.07035646587610245
V166Y	0.07035120576620102
V166W	0.07034989446401596
R48L	0.0703442245721817
P234R	0.07034321874380112
P234K	0.07034076005220413
A29T	0.07034040242433548
E132S	0.07033839076757431
V166Q	0.0703369751572609
A211Q	0.07033433765172958
V166F	0.07033268362283707
V166H	0.07033118605613708
A211H	0.07032838463783264
L107D	0.07032757252454758
L107E	0.0703272894024849
P234Q	0.07032287865877151
L107G	0.07032216340303421
V166P	0.07032149285078049
L107K	0.07032093405723572
A211K	0.07032077759504318
V166G	0.07032058387994766
M209C	0.07032005488872528
V166T	0.07031868398189545
R48V	0.0703173503279686
A29D	0.07031634449958801
A211D	0.07031449675559998
M209Y	0.07031288743019104
P234I	0.07031227648258209
M209H	0.07031217217445374
R48I	0.07031194120645523
V166L	0.07030847668647766
L107S	0.07030844688415527
A211N	0.07030830532312393
A211R	0.07030699402093887
V166N	0.07030612230300903
L107N	0.07030556350946426
A29S	0.07030005007982254
L107Y	0.07029826939105988
L107A	0.0702977403998375
L107T	0.07029244303703308
L107H	0.07029188424348831
V166K	0.07029157131910324
M209P	0.07028908282518387
A211G	0.07028892636299133
V159K	0.0702870562672615
L107W	0.07028518617153168
A211S	0.07028219103813171
V159H	0.07027970254421234
V72K	0.07027923315763474
V72F	0.07027895003557205
M209W	0.0702788308262825
V166S	0.07027861475944519
V72Y	0.07027826458215714
V72C	0.07027807831764221
A29L	0.0702768936753273
V72W	0.0702764093875885
V159R	0.07027511298656464
Q2R	0.07027499377727509
Q2K	0.07027487456798553
Q2M	0.07027482241392136
Q2C	0.07027459144592285
Q2S	0.07027456164360046
Q2Y	0.07027449458837509
Q2G	0.07027444988489151
V72P	0.07027442008256912
Q2A	0.07027416676282883
Q2D	0.07027413696050644
Q2F	0.07027409225702286
Q2H	0.07027402520179749
Q2I	0.07027387619018555
Q2W	0.07027387619018555
Q2P	0.0702737495303154
Q2N	0.07027362287044525
Q2T	0.07027359306812286
Q2V	0.07027359306812286
Q2E	0.07027352601289749
V159W	0.07027352601289749
Q2L	0.07027322053909302
M209S	0.07027266174554825
P234E	0.07027103751897812
V72H	0.07026688009500504
V72E	0.0702662244439125
V72L	0.07026558369398117
L107C	0.07026443630456924
V166E	0.07026214152574539
V159M	0.07026179879903793
V159T	0.07026012986898422
M209E	0.07025524973869324
M209Q	0.07025468349456787
V72R	0.07025359570980072
V159P	0.07025337219238281
V159N	0.07025212794542313
V159Q	0.07025197893381119
V159Y	0.07025091350078583
V72Q	0.07025078684091568
V72M	0.0702458992600441
P234V	0.0702451840043068
M209F	0.07024063915014267
V72S	0.07024025917053223
V159C	0.07023923844099045
M209N	0.07023655623197556
V159G	0.07023496925830841
L107F	0.07023465633392334
V72T	0.07023235410451889
M209R	0.070228211581707
L152R	0.07022179663181305
L152Q	0.07022085040807724
V159F	0.07022043317556381
R250W	0.07021931558847427
V159L	0.07021626085042953
L152D	0.070215605199337
L152W	0.07021451741456985
P234A	0.07021241635084152
L107I	0.07021208852529526
R250M	0.07021021842956543
R250F	0.07020891457796097
M209D	0.0702088475227356
R250Y	0.07020779699087143
E55I	0.07020701467990875
R250I	0.07020651549100876
E55M	0.07020635902881622
E55W	0.07020611315965652
V72N	0.07020589709281921
E55Y	0.07020585983991623
E55C	0.07020551711320877
E55F	0.07020542770624161
E55T	0.07020542770624161
E55L	0.07020530104637146
R250V	0.07020113617181778
G79K	0.07019982486963272
G79D	0.07019977271556854
G79W	0.07019973546266556
L152K	0.07019941508769989
G79E	0.07019935548305511
G79M	0.07019917666912079
G79L	0.07019893825054169
R250L	0.0701967105269432
R250N	0.07019562274217606
G79R	0.07019338011741638
E55S	0.070191890001297
L152E	0.07019123435020447
G79H	0.07019095122814178
G79P	0.07019030302762985
G79F	0.07018941640853882
G79N	0.0701884999871254
G79T	0.07018391788005829
E55N	0.07018274068832397
E55D	0.07018271088600159
G79Y	0.07018271088600159
V159E	0.07018236815929413
R250D	0.07017949968576431
V159S	0.07017766684293747
G79Q	0.07017122954130173
L152N	0.07016581296920776
L107V	0.07016555964946747
E55R	0.07016447186470032
G79I	0.07016389071941376
L152Y	0.07016095519065857
E55H	0.07015858590602875
E55P	0.0701572597026825
R250E	0.07015647739171982
L152M	0.07014596462249756
M209G	0.07014046609401703
L152T	0.07012928277254105
R250K	0.07012730836868286
L152A	0.07012724876403809
R250A	0.07011254131793976
L152G	0.07010871917009354
R250T	0.07010681927204132
W51S	0.07010632008314133
W51Q	0.07010629028081894
W51F	0.07010618597269058
W51K	0.07010591775178909
W51E	0.0701056718826294
W51M	0.07010560482740402
W51Y	0.07010535895824432
W51T	0.07010523229837418
W51H	0.07010520249605179
W51D	0.07010520249605179
W51P	0.07010520249605179
W51G	0.07010512799024582
W51C	0.07010480016469955
W51A	0.07010480016469955
R250Q	0.07009851932525635
R250P	0.07009708881378174
W51I	0.07009261846542358
W51N	0.07009071856737137
L152V	0.07008686661720276
W51V	0.07006817311048508
G79A	0.07006202638149261
T126W	0.07005312293767929
G79V	0.07004725188016891
T126Y	0.07004202902317047
T126M	0.07004200667142868
T126F	0.07003221660852432
T126I	0.0700308233499527
A204V	0.07003046572208405
F62H	0.07002954930067062
F62D	0.07002922147512436
F62K	0.0700288712978363
F62T	0.07002883404493332
F62Q	0.07002858817577362
F62N	0.07002852112054825
F62P	0.07002833485603333
N244P	0.0700271874666214
W51L	0.07002271711826324
N244G	0.07001969963312149
T126C	0.07001914829015732
F62E	0.07001622766256332
F62R	0.070015549659729
F62G	0.07001526653766632
F62M	0.07001523673534393
N244W	0.0700131207704544
N244E	0.07001278549432755
T126V	0.0700015127658844
L9G	0.07000138610601425
L9W	0.07000135630369186
L9A	0.07000135630369186
L9Y	0.07000131160020828
L9K	0.07000082731246948
L9F	0.07000082731246948
L9T	0.07000076770782471
F62W	0.07000073790550232
L9E	0.07000070810317993
L9C	0.07000061124563217
L9H	0.07000059634447098
L9D	0.07000039517879486
L9S	0.07000039517879486
L9N	0.07000036537647247
N244Q	0.0699939876794815
N244A	0.0699930489063263
Y96Q	0.06999027729034424
Y96M	0.06999023258686066
Y96E	0.0699901208281517
Y96K	0.06998983770608902
Y96S	0.06998977810144424
Y96N	0.06998971849679947
Y96T	0.06998918950557709
Y96I	0.06998912990093231
Y96G	0.06998903304338455
Y96V	0.06998887658119202
Y96D	0.06998883187770844
Y96R	0.06998883187770844
Y96P	0.06998872756958008
T126G	0.06998837739229202
Y96A	0.06998837739229202
T126L	0.06998739391565323
T126D	0.06998459994792938
T126N	0.06998450309038162
L9V	0.0699836015701294
Y96L	0.06998233497142792
N244M	0.069981150329113
Y96W	0.06998012959957123
F62V	0.06997997313737869
T126H	0.06997587531805038
L9M	0.06997522711753845
N244T	0.069972462952137
T126K	0.06996510922908783
D87N	0.06996466964483261
H246L	0.0699610710144043
N244C	0.06995713710784912
F62A	0.06995372474193573
N244L	0.06993430107831955
T126R	0.06993337720632553
N244R	0.06992676854133606
L9I	0.06992664188146591
N244V	0.06991919875144958
A66F	0.06991753727197647
A66M	0.06991737335920334
A66I	0.06991690397262573
A66P	0.06991688162088394
A66W	0.06991684436798096
A66Y	0.06991664320230484
A66C	0.0699165016412735
A66L	0.06991634517908096
A66S	0.06991585344076157
N244I	0.06991192698478699
H28K	0.06990686058998108
H28W	0.06990673393011093
H28V	0.06990664452314377
H28C	0.06990644335746765
H28E	0.06990644335746765
H28I	0.06990642845630646
H28P	0.06990642845630646
H28T	0.06990634649991989
H28S	0.06990614533424377
H28D	0.06990597397089005
H28M	0.06990595906972885
H28F	0.06990589946508408
A66N	0.06990106403827667
A66K	0.0698992982506752
N244K	0.06989839673042297
A66D	0.06989656388759613
T126Q	0.06989318877458572
A66H	0.06989064812660217
N244F	0.06986988335847855
A66Q	0.06986557692289352
D207C	0.06986473500728607
T126E	0.06985863298177719
H28A	0.06985742598772049
H28N	0.06985689699649811
A16V	0.06985156983137131
A66R	0.06984986364841461
D207W	0.06984835118055344
D207I	0.06983032077550888
D207T	0.06982988119125366
D207K	0.0698263868689537
D207L	0.06982418894767761
G86W	0.06981935352087021
G86M	0.06981897354125977
D207P	0.06981843709945679
D207M	0.0698157325387001
D207Q	0.06980472803115845
G86I	0.06980446726083755
H28G	0.06979691237211227
M193W	0.0697903111577034
M193H	0.06978984922170639
D207R	0.06978963315486908
M193E	0.06978920102119446
M193Y	0.06978907436132431
M193N	0.06978858262300491
G86P	0.06978823989629745
M193D	0.06978789716959
G86Y	0.0697866901755333
G86V	0.06978294998407364
M193R	0.06978263705968857
M193Q	0.06978151947259903
G86H	0.06978019326925278
G86E	0.06977836787700653
D207F	0.06977285444736481
M193G	0.06976938992738724
G86Q	0.06976808607578278
D207H	0.06976696103811264
M193P	0.06976623088121414
G86F	0.06976286321878433
D207Y	0.06976176053285599
D207A	0.06975939869880676
M193C	0.06975837051868439
M193S	0.06974980235099792
G86L	0.06974095106124878
D207S	0.0697355717420578
G86K	0.06973523646593094
M193A	0.06972703337669373
G86T	0.06971865147352219
G86N	0.06969434767961502
G268S	0.06968554109334946
M193F	0.06966198235750198
E34P	0.0695982277393341
E34C	0.06959791481494904
E34F	0.06959785521030426
E34M	0.06959779560565948
E34I	0.06959779560565948
E34Y	0.06959770619869232
E34N	0.06959766894578934
E34R	0.06959762424230576
E34T	0.06959754973649979
E34H	0.06959714740514755
E34L	0.06959693133831024
E34S	0.06959690153598785
E34W	0.06959671527147293
L120W	0.06956908851861954
L120E	0.06956750899553299
L120N	0.06956464052200317
L120K	0.06955965608358383
T254W	0.06955847144126892
T254M	0.06955646723508835
L120R	0.06955115497112274
L120H	0.06954998522996902
L120G	0.0695497989654541
T254F	0.069549061357975
Q185F	0.06954733282327652
Q185W	0.06954693049192429
L120D	0.06954488903284073
T254C	0.06954451650381088
Q185M	0.06954345852136612
Q185P	0.069542795419693
Q185I	0.06953947246074677
L120S	0.0695389062166214
L120C	0.06953597068786621
L120T	0.06953579187393188
L120Y	0.06953464448451996
E34D	0.06953144073486328
T254G	0.06952442228794098
Q185C	0.0695236325263977
Q185Y	0.06951962411403656
T254H	0.06951731443405151
Q185G	0.06951688230037689
L120A	0.0695151537656784
Q185V	0.0695129930973053
L152S	0.06951037049293518
L115E	0.06950898468494415
L115W	0.0695079043507576
L115H	0.06950747221708298
L115K	0.06950698047876358
L115C	0.06950598955154419
T254Y	0.0695057138800621
T254Q	0.06950102746486664
T254S	0.06949695944786072
L115R	0.06949470192193985
T254N	0.06949374824762344
T254K	0.06949198991060257
L120M	0.06949042528867722
L120F	0.06948211044073105
L115M	0.06948086619377136
L115N	0.0694766715168953
L115Y	0.06947420537471771
P175F	0.06947198510169983
Q185N	0.06947164982557297
T254V	0.06946887075901031
Q185T	0.06946797668933868
L115I	0.06946449726819992
T254D	0.06946282833814621
P175W	0.06946150213479996
Q185D	0.06946144253015518
P175Y	0.06946125626564026
L115S	0.06945991516113281
T254P	0.06945887207984924
L120V	0.06945694237947464
L115T	0.06945487856864929
P175C	0.06945451349020004
L120I	0.06945401430130005
T254E	0.06945222616195679
Q185K	0.06945003569126129
L115D	0.06944960355758667
Q185E	0.06944883614778519
A153C	0.06944853067398071
P175M	0.06944723427295685
T254L	0.06944720447063446
L115A	0.06944593787193298
A153W	0.0694412887096405
L115V	0.06943997740745544
A153I	0.06943857669830322
T254R	0.0694333091378212
P175H	0.06943053752183914
P175I	0.06943036615848541
L115G	0.06942813098430634
A153Y	0.06942511349916458
A153M	0.06942407041788101
Q185A	0.0694231390953064
P175G	0.06941855698823929
P175V	0.06941627711057663
A153F	0.06941498070955276
P175Q	0.06941069662570953
A153N	0.06941063702106476
L115F	0.06940167397260666
A153H	0.06939961016178131
A153R	0.06939923763275146
A153G	0.06939773261547089
A153L	0.06939654797315598
P175R	0.06938929855823517
Q185S	0.06938686221837997
A153Q	0.06938325613737106
A153K	0.06938241422176361
A153S	0.0693676695227623
A153D	0.06936751306056976
P175E	0.0693604126572609
P175T	0.06935610622167587
P175N	0.06934899836778641
P175D	0.06934872269630432
R114I	0.06934844702482224
P175K	0.06934019923210144
R114M	0.06933862715959549
A153E	0.06932978332042694
R114L	0.06932305544614792
R114V	0.06932216882705688
R114Y	0.06931611150503159
R114A	0.06931117177009583
R114F	0.0693075880408287
R114Q	0.06930368393659592
R114W	0.06930075585842133
R114S	0.06929787993431091
R114K	0.06929276138544083
R114E	0.06927662342786789
L245C	0.0692681074142456
L245S	0.0692661702632904
L245D	0.06926588714122772
R114T	0.06926079094409943
L245K	0.06926064938306808
L245E	0.06925937533378601
L245G	0.0692591592669487
S117P	0.06925743818283081
R114D	0.0692567452788353
L245H	0.06925531476736069
L245N	0.06925402581691742
S117Y	0.06925307214260101
L245T	0.06925132125616074
R114G	0.0692484974861145
L245A	0.06924818456172943
L245R	0.06924612820148468
S117H	0.06923863291740417
S117W	0.06923610717058182
S117D	0.06923432648181915
S117F	0.06923376023769379
S117L	0.0692330077290535
S117M	0.06922397017478943
R114N	0.0692209005355835
D53V	0.06921420246362686
M229G	0.06920679658651352
M229C	0.0691986009478569
M229P	0.0691981092095375
M229N	0.06919469684362411
L245F	0.06919213384389877
L245Y	0.06919094920158386
L245W	0.06918880343437195
S117Q	0.0691879540681839
M229H	0.06918304413557053
M229W	0.0691804513335228
S117I	0.06917665898799896
M229Q	0.0691702589392662
M229F	0.06916487962007523
S117V	0.06916310638189316
M229A	0.06915610283613205
S117K	0.06915463507175446
P234T	0.06915002316236496
M229Y	0.06914971768856049
A122C	0.06914541125297546
Q8S	0.06914505362510681
A122W	0.06914497911930084
Q8P	0.06914493441581726
Q8F	0.06914480775594711
Q8Y	0.06914474815130234
Q8I	0.06914462149143219
Q8M	0.06914462149143219
Q8C	0.06914462149143219
Q8W	0.06914453208446503
Q8G	0.06914439797401428
Q8K	0.0691443532705307
Q8N	0.0691443532705307
Q8V	0.06914431601762772
Q8A	0.0691440999507904
Q8D	0.06914367526769638
Q8T	0.06914330273866653
A122Y	0.06913575530052185
S117A	0.06913182884454727
M229S	0.06913139671087265
Q8H	0.06912747025489807
A122F	0.06912390887737274
A122M	0.06912296265363693
L245I	0.06912210583686829
L245V	0.06911486387252808
A122I	0.06909915059804916
A122L	0.06909459084272385
Q8E	0.06909455358982086
A122H	0.06909395754337311
A122P	0.06908921152353287
S117E	0.06908204406499863
A122G	0.06907802820205688
M229D	0.06907594203948975
M229E	0.06907323747873306
A122D	0.06906192749738693
A122K	0.06905772536993027
A122Q	0.06905718147754669
A122S	0.0690545067191124
A122R	0.06905052810907364
A122N	0.06904413551092148
Q80R	0.06904065608978271
A122E	0.0690385103225708
R111K	0.06897752732038498
R111Q	0.06897509843111038
R111W	0.06897421181201935
R111G	0.06897405534982681
R111Y	0.06896983087062836
R111D	0.06896183639764786
R111N	0.06895504146814346
R111T	0.06895173341035843
R111E	0.06893635541200638
R111M	0.06892836838960648
L237D	0.06892348825931549
L237N	0.0689225047826767
L237R	0.06892244517803192
L237H	0.06892231106758118
T238I	0.06892222911119461
L237K	0.06892210990190506
L237E	0.06892186403274536
R111F	0.06891727447509766
L237Y	0.06891648471355438
L237W	0.06891541182994843
L237S	0.06891464442014694
L237T	0.06891155242919922
L237C	0.06890632212162018
R111V	0.06890305131673813
L237F	0.06888595223426819
R111I	0.06888420879840851
L237G	0.06887931376695633
L237A	0.06887868791818619
R111A	0.06887194514274597
S160I	0.06886472553014755
S160L	0.06886335462331772
S160W	0.06886182725429535
S160Y	0.06884405761957169
R111L	0.0688432976603508
S160K	0.06884124875068665
S160V	0.06884109228849411
S160E	0.06883858889341354
S160M	0.06883849948644638
S160F	0.068834587931633
S160D	0.06880335509777069
S160A	0.0688009113073349
L237M	0.06878677010536194
S160P	0.0687682181596756
L237I	0.06875693798065186
Y143K	0.06875509768724442
Y143D	0.06875479966402054
Y143E	0.06874646246433258
Y143G	0.068745456635952
Y143R	0.06873410195112228
S160H	0.06872964650392532
Y143A	0.06872445344924927
Y143P	0.06872420758008957
Y143T	0.06872372329235077
Y143Q	0.06872140616178513
Y143S	0.06871600449085236
A26W	0.0686822310090065
A26V	0.0686822310090065
A26H	0.06868167966604233
A26F	0.06868166476488113
A26Y	0.06868118047714233
A26P	0.06868113577365875
A26E	0.06868106871843338
A26I	0.06868080049753189
A26S	0.0686807706952095
A26K	0.06868073344230652
A26L	0.06868073344230652
A26Q	0.06868064403533936
A26N	0.06868059933185577
A26C	0.06868024915456772
A26M	0.06867984682321548
Y143W	0.06867484748363495
A26D	0.06866856664419174
Y143M	0.06866573542356491
Y143V	0.0686650276184082
F97P	0.06866301596164703
F97D	0.06866154819726944
F97N	0.068655826151371
F97G	0.06865446269512177
S160Q	0.06865441799163818
Y143I	0.06865231692790985
F97R	0.06864984333515167
F97K	0.06864625215530396
F97M	0.06864466518163681
F97T	0.06863847374916077
F97A	0.06863834708929062
F97E	0.06863688677549362
F97W	0.06863629072904587
F97C	0.06863611191511154
Y143L	0.06863503158092499
F97Q	0.06863143295049667
Y143F	0.06860139966011047
F97H	0.06859168410301208
A94Y	0.06858371198177338
A94W	0.06858362257480621
A94F	0.0685790404677391
A26R	0.06857861578464508
A94C	0.0685754045844078
A94M	0.0685720220208168
A94H	0.06856195628643036
A94L	0.06855892390012741
A94N	0.06852160394191742
A94G	0.06851924955844879
A94I	0.06850739568471909
A94R	0.06850145757198334
A94K	0.068490169942379
R17F	0.06848776340484619
R17W	0.06848746538162231
R17D	0.06848742812871933
A94S	0.06848737597465515
R17P	0.06848730891942978
R17I	0.06848685443401337
R17Y	0.06848666816949844
R17G	0.06848654896020889
R17Q	0.06848648935556412
R17N	0.0684862807393074
R17V	0.06848607957363129
R17M	0.06848590821027756
E95K	0.06848426908254623
R17S	0.06848356872797012
A94D	0.0684753879904747
R17K	0.06846316158771515
R17T	0.06846130639314651
A94Q	0.06845910102128983
A94E	0.0684519112110138
R17E	0.06844105571508408
R17A	0.06842061132192612
F112L	0.06838006526231766
V194P	0.06836773455142975
V194W	0.06836402416229248
V194C	0.06836386024951935
V194M	0.0683591365814209
V194G	0.06835490465164185
V194S	0.06834635883569717
V194F	0.06833487749099731
V194Y	0.06832586228847504
V194Q	0.06831123679876328
V194K	0.06830664724111557
V194L	0.06830128282308578
V194H	0.06829939782619476
D267M	0.06829484552145004
D267F	0.06829427182674408
D267W	0.068293996155262
D267V	0.0682937502861023
D267P	0.0682937279343605
D267Y	0.06829343736171722
D267I	0.06829311698675156
D267L	0.06829266250133514
V194E	0.0682922974228859
V194N	0.06829044967889786
D267C	0.06828516721725464
L78W	0.06827167421579361
L78C	0.06827124208211899
L78H	0.06827103346586227
L78A	0.06827075034379959
L78D	0.06826692074537277
L78N	0.06826335936784744
V194T	0.06826287508010864
L78E	0.0682622417807579
D267H	0.06826167553663254
L78K	0.06826157122850418
L78T	0.0682615116238594
D267Q	0.06825480610132217
L78S	0.06825395673513412
L78R	0.06825383752584457
D267A	0.06824404001235962
D267R	0.06824064999818802
D267K	0.06823864579200745
D267T	0.06823776662349701
L78Y	0.06823770701885223
D267S	0.06823055446147919
L78I	0.0682126060128212
L78V	0.06820182502269745
V194R	0.06818945705890656
R83P	0.06816932559013367
Y213N	0.06816867738962173
R83W	0.0681685209274292
R83T	0.06815201789140701
R83N	0.06815153360366821
R83M	0.06815092265605927
L78G	0.06814829260110855
R83D	0.06813839077949524
R83V	0.06813430041074753
R83K	0.06813381612300873
R83I	0.06813232600688934
R83L	0.06812316179275513
R83E	0.06811308115720749
L78F	0.06810829788446426
R83G	0.06809861958026886
R83A	0.06809595972299576
R83F	0.06809347122907639
R83Q	0.06809341162443161
D197I	0.06806382536888123
D197W	0.06806351989507675
D197T	0.06806307286024094
D197F	0.06806307286024094
D197C	0.0680554211139679
D197M	0.06804891675710678
L230D	0.0680377334356308
D197V	0.06803709268569946
L230G	0.06803678721189499
L230R	0.06803588569164276
L230K	0.06803105026483536
R83Y	0.0680278092622757
L230T	0.06802590936422348
L230N	0.06802442669868469
L230S	0.06802438199520111
L230W	0.06802324950695038
D197R	0.0680164322257042
L230E	0.06801481544971466
D197K	0.06801465898752213
D197L	0.06801436096429825
L230C	0.06801249086856842
D197H	0.0680084377527237
L230A	0.0680072009563446
D197Q	0.06798705458641052
L230H	0.06797970086336136
D197P	0.06797808408737183
L230Y	0.06796658784151077
D197S	0.0679236575961113
L230F	0.06786005198955536
L230I	0.06781762838363647
D87C	0.06780698895454407
D87W	0.06780308485031128
D87M	0.0677916631102562
D87I	0.06778584420681
D87F	0.06778033077716827
D87K	0.0677775889635086
D87P	0.0677768662571907
D87L	0.06776337325572968
D87Q	0.06775867193937302
T74L	0.0677577406167984
T74C	0.06775706261396408
T74M	0.0677570328116417
T74H	0.06775674223899841
D87R	0.0677560493350029
D87H	0.06775536388158798
T74W	0.06775496900081635
T74P	0.06775005906820297
T74Y	0.06774827837944031
T74V	0.06774666905403137
T74R	0.0677436888217926
D87A	0.06774003058671951
T74F	0.06773801147937775
T74K	0.06773758679628372
T74Q	0.0677366554737091
T74G	0.06773622334003448
D87Y	0.06773343682289124
D87T	0.06771648675203323
T74D	0.0676669254899025
D87S	0.06764117628335953
T74E	0.0676407590508461
N104C	0.06730427592992783
N104F	0.06730037182569504
N104P	0.06729571521282196
N104W	0.06729207932949066
N104G	0.0672878697514534
N104V	0.06727498024702072
N104T	0.06727315485477448
N104K	0.06726043671369553
N104I	0.06725657731294632
N104A	0.06725526601076126
N104L	0.06725427508354187
N104M	0.06725379824638367
N104E	0.06724324077367783
N104H	0.06722203642129898
N104Q	0.06721695512533188
N104R	0.06712103635072708
H28L	0.06705467402935028
T110A	0.0670422688126564
T109A	0.06685639917850494
S59H	0.06679058074951172
S59Y	0.06679026782512665
S59M	0.06679023802280426
S59W	0.06679011881351471
S59K	0.06678848713636398
S59P	0.06678473949432373
S59N	0.06677889078855515
S59F	0.0667768195271492
S59L	0.0667700320482254
S59V	0.0667688176035881
S59Q	0.06676813215017319
S59E	0.06676656007766724
S59D	0.06676153093576431
S59I	0.06675862520933151
S59A	0.06675725430250168
G157A	0.06672105193138123
P169T	0.06639931350946426
D164G	0.06639911979436874
A35G	0.06635629385709763
T126S	0.06606324762105942
R203M	0.0659756064414978
R203W	0.06596555560827255
R203Y	0.0659639984369278
R203N	0.06594481319189072
R203G	0.06593988090753555
R203K	0.06593436002731323
E266W	0.06593111902475357
E266I	0.06593107432126999
E266F	0.06593101471662521
E266C	0.06593063473701477
R203V	0.06593001633882523
E266Y	0.06592874974012375
R203F	0.06592649221420288
E266M	0.06592446565628052
R203Q	0.06591729819774628
R203I	0.06591010838747025
E266L	0.06591009348630905
R203D	0.06590115278959274
E266T	0.06589378416538239
R203T	0.0658862441778183
E266Q	0.0658847764134407
E266H	0.06588047742843628
R203E	0.0658707246184349
R203A	0.06586991250514984
E266R	0.06586813926696777
E266N	0.06586185842752457
E266A	0.0658603310585022
E266S	0.06585376709699631
E266P	0.06584027409553528
L107R	0.06566914170980453
D197N	0.0654679387807846
G106S	0.0651676207780838
V166A	0.06509403884410858
K64R	0.06492707133293152
E201G	0.06436359882354736
Y5H	0.06433053314685822
V72I	0.06421341001987457
H264Y	0.06412240862846375
Q85L	0.0640498548746109
L261S	0.06402747333049774
D118E	0.06373434513807297
D121N	0.06365144997835159
M10L	0.06360755115747452
G79S	0.063603974878788
E19D	0.0632992759346962
A226G	0.06325343251228333
D190G	0.06314586848020554
H246Y	0.06307733058929443
A218V	0.06234606355428696
F57L	0.06216959282755852
H210Q	0.06210087612271309
A205T	0.06209098920226097
D105N	0.06199517101049423
P200S	0.06191397085785866
K243R	0.06182858720421791
T238A	0.06138650327920914
N104S	0.06137537211179733
A26T	0.06120322644710541
R111S	0.060812465846538544
R176S	0.06077684462070465
F62L	0.06035459414124489
M21K	0.06022808328270912
D197E	0.059910714626312256
W196R	0.05945819616317749
K64E	0.05935210362076759
L178P	0.05929621309041977
A66V	0.05918026715517044
V43A	0.05848846957087517
D33G	0.05828273668885231
A25E	0.05825541913509369
S117R	0.058186016976833344
Y131N	0.05808081105351448
I263F	0.05795488506555557
G180S	0.05752529948949814
V90F	0.057503122836351395
I27M	0.05750183016061783
D33E	0.05730217695236206
K123T	0.05711613968014717
D164H	0.056891269981861115
R199L	0.05609501898288727
A50G	0.05604663863778114
A187V	0.055881429463624954
D207G	0.055475927889347076
G70R	0.05525118485093117
H20L	0.054650790989398956
T14A	0.05457663536071777
I42T	0.05445096269249916
G186S	0.0542454868555069
E95D	0.05403314530849457
I27T	0.054030951112508774
L245P	0.05322989821434021
Q236H	0.05316421017050743
T257A	0.053047411143779755
R111C	0.05262213945388794
T216A	0.05238416790962219
T77A	0.05232913792133331
L152F	0.051241181790828705
T74A	0.051106780767440796
M195K	0.05073165521025658
F181Y	0.05064854398369789
L9Q	0.050403524190187454
L262P	0.04999452084302902
V142I	0.049918822944164276
N167S	0.04953226074576378
T126A	0.04946431145071983
P61T	0.049448102712631226
Y143C	0.049331799149513245
F240S	0.04893375188112259
A148T	0.04880094900727272
C101Y	0.04878326505422592
I23T	0.048637766391038895
T165A	0.04840410128235817
K123E	0.0481702946126461
G179D	0.047765012830495834
T265I	0.04736892879009247
V38T	0.0473209023475647
K88E	0.0470602922141552
M195V	0.04701423645019531
E266G	0.04683410003781319
H155R	0.046799905598163605
A32T	0.046728961169719696
F116L	0.04642743244767189
G86A	0.046206116676330566
M209K	0.04608776792883873
C101G	0.04608244448900223
S58G	0.045266661792993546
E223K	0.04456114396452904
D36G	0.04397015646100044
W52R	0.04394730180501938
R114H	0.04393881931900978
L230P	0.04393431171774864
V142G	0.043925296515226364
D190N	0.0437282957136631
F112I	0.04355838894844055
S253C	0.04332289099693298
M10V	0.042997170239686966
I42V	0.04295969754457474
R114C	0.04295249283313751
L136P	0.04294422268867493
H28R	0.04293316230177879
L170P	0.04262429103255272
D164A	0.0424085333943367
E144G	0.04229798540472984
A191T	0.042283058166503906
L78Q	0.04190383106470108
D188A	0.04170897603034973
E34V	0.041655756533145905
E134K	0.041597433388233185
G217C	0.04148035869002342
D164V	0.041132207959890366
H67Y	0.040903545916080475
Q8R	0.0402301549911499
F135Y	0.03947729617357254
D87G	0.039477184414863586
L115P	0.039318036288022995
W196G	0.03924296423792839
A221P	0.03887784108519554
V72A	0.03849399462342262
E223Q	0.03848147764801979
D45G	0.03761305660009384
R163C	0.03749692440032959
K64I	0.037373777478933334
C251Y	0.03734995797276497
H210R	0.037107281386852264
K88R	0.037013061344623566
R11H	0.03698032349348068
D54G	0.036694638431072235
I184V	0.03613187372684479
L137P	0.035757433623075485
E266V	0.035684242844581604
A7P	0.0356622152030468
V103D	0.03454461321234703
P175L	0.034269317984580994
I23V	0.03424641489982605
S117N	0.033924754709005356
A18E	0.03371475264430046
E132D	0.033515579998493195
P154L	0.03334314748644829
R108H	0.033092599362134933
M40V	0.03264530748128891
Y213C	0.03261911869049072
D53G	0.03238212689757347
F150S	0.0323563776910305
T110I	0.032342445105314255
C156R	0.03221350908279419
D118V	0.03212600573897362
P232L	0.0320340134203434
A18G	0.03200504928827286
R102C	0.03156852349638939
T110S	0.03135623410344124
V113A	0.031310226768255234
A191P	0.030837198719382286
Q177L	0.030801020562648773
I248T	0.030630746856331825
L260Q	0.03044385462999344
T74S	0.03035196103155613
D105E	0.030343782156705856
A35T	0.030193699523806572
R199C	0.03008541837334633
E215G	0.029918188229203224
Q177R	0.029514435678720474
F57S	0.02879416011273861
A148V	0.028529854491353035
D121Y	0.028477665036916733
Q82R	0.02841968834400177
Q236R	0.028175057843327522
A138V	0.027859631925821304
R224C	0.02736855298280716
D87V	0.02712530642747879
V76A	0.02675379440188408
I219T	0.026750143617391586
G79C	0.026721235364675522
L120Q	0.026714131236076355
A153V	0.02666589431464672
D105G	0.026659930124878883
P149L	0.026639262214303017
K243N	0.026087241247296333
I99N	0.026018211618065834
F174L	0.0257817842066288
Q241L	0.02575194463133812
A138T	0.02564704418182373
G56S	0.02556772157549858
I42L	0.025489075109362602
F150L	0.02520541287958622
N151D	0.025123097002506256
E208V	0.02457093819975853
F135L	0.02455938793718815
V166D	0.024217231199145317
S202G	0.024093344807624817
G128R	0.0239261407405138
T252S	0.02386718988418579
F174S	0.023719433695077896
K243E	0.023712709546089172
Q85R	0.023528289049863815
D130V	0.023393860086798668
A7G	0.02289009653031826
I219F	0.02280505932867527
H155L	0.022751977667212486
M40T	0.022638842463493347
T183S	0.02256794460117817
A211V	0.02251596748828888
L237Q	0.022116217762231827
D41V	0.021958358585834503
L260P	0.021495096385478973
L182P	0.021347200497984886
L245Q	0.021297995001077652
H129Y	0.021219633519649506
R11C	0.021125970408320427
G268D	0.02092716097831726
A100V	0.020909473299980164
F240L	0.020682794973254204
F181S	0.020667819306254387
M10T	0.020652642473578453
F97S	0.020528996363282204
F116S	0.020516574382781982
Y96H	0.020424185320734978
K171R	0.020399652421474457
L81P	0.02036326378583908
G192S	0.01995156705379486
D36E	0.019909048452973366
G259C	0.01976623758673668
S202C	0.019428212195634842
K92E	0.01931159943342209
E84D	0.01910863071680069
M193L	0.018903112038969994
S59G	0.018772050738334656
Y96F	0.018693190068006516
Y161H	0.018649104982614517
Q185R	0.018513904884457588
E55K	0.017930161207914352
S253N	0.01784803718328476
P145L	0.017662059515714645
H20R	0.017618397250771523
T109S	0.017584674060344696
R111H	0.017560752108693123
C156W	0.01752646453678608
G86R	0.01718243397772312
D188G	0.016821563243865967
F112Y	0.016810424625873566
A226V	0.01680634915828705
R203H	0.016791125759482384
G186D	0.01673448458313942
F97L	0.016465388238430023
H155Y	0.016247449442744255
E266D	0.016189925372600555
M229V	0.01576821319758892
D36V	0.015701130032539368
F12L	0.015657790005207062
R17H	0.015448635444045067
H68R	0.01524280197918415
D188V	0.015083328820765018
A221V	0.015002785250544548
D130N	0.01485514733940363
A69V	0.01477457582950592
D164N	0.014710944145917892
R203C	0.014552159234881401
G46S	0.01449293177574873
Y143H	0.013663972727954388
M209V	0.013659315183758736
V90A	0.013413581997156143
H246R	0.013028047978878021
T265S	0.01294906809926033
A29G	0.012721624225378036
E134D	0.012397543527185917
W168R	0.012366865761578083
F112S	0.012015017680823803
T238P	0.01179113145917654
L30Q	0.011455689556896687
G235S	0.011384704150259495
S59C	0.011351601220667362
M258L	0.011301695369184017
W51R	0.011027773842215538
T139A	0.010952979326248169
G70S	0.010796752758324146
G235C	0.010669796727597713
G46D	0.010662843473255634
E55Q	0.010401332750916481
S117G	0.010291001759469509
L120P	0.009832683019340038
T265A	0.009827526286244392
I184T	0.009771429002285004
R141H	0.009422896429896355
L206P	0.009293772280216217
R140C	0.009148664772510529
D53N	0.009005062282085419
A247V	0.008767427876591682
A218P	0.008486627601087093
T74I	0.008380521088838577
D197G	0.008348377421498299
E212K	0.008235163055360317
E144K	0.008220617659389973
E201D	0.008212007582187653
E132V	0.00794658251106739
S242G	0.007855785079300404
H172Q	0.007772607728838921
I248L	0.007751233875751495
V194A	0.007735084742307663
Q80L	0.007667169906198978
G86C	0.007630412001162767
K231Q	0.007614977192133665
A187S	0.007596143521368504
A225P	0.00738943088799715
D36H	0.007383355405181646
D41E	0.007265614811331034
A50V	0.007256935816258192
N104D	0.007212378550320864
E47A	0.007208780851215124
D41N	0.00711952056735754
R255G	0.007117148023098707
R256L	0.007074267603456974
R199G	0.00700482027605176
L261P	0.006972287781536579
E19G	0.006945873610675335
H67P	0.006922419648617506
D121G	0.006890815682709217
G13S	0.0067114499397575855
T4S	0.006708767265081406
A205G	0.006694169715046883
R141S	0.006598005071282387
A204E	0.006588909775018692
F97I	0.006342788692563772
R83C	0.00630769319832325
L222Q	0.006181028205901384
R17L	0.006169714033603668
K231N	0.006163197103887796
P149S	0.006121684331446886
V38M	0.005965195596218109
E134V	0.005882816389203072
W196L	0.005796326790004969
K227Q	0.005768218077719212
H246D	0.0057580540888011456
A119D	0.00571685004979372
M193I	0.005690742749720812
D31G	0.005663438234478235
S91T	0.005611770786345005
V39I	0.005555865354835987
V72G	0.005525149870663881
N244H	0.005508968606591225
A50T	0.005446342285722494
I219N	0.005412380211055279
G98D	0.0053747957572340965
P44S	0.005333656910806894
D87E	0.00529606593772769
L125P	0.005294247530400753
P154Q	0.005252867937088013
H68Y	0.0052482630126178265
L136Q	0.0051304055377841
I127V	0.005054139532148838
P175A	0.005042073782533407
W52C	0.0050402176566421986
P234L	0.005014867056161165
R233G	0.005006912164390087
Q236E	0.004989640787243843
S75T	0.004970735404640436
E134A	0.004953148774802685
T22A	0.004934448748826981
K243I	0.0048832157626748085
L107P	0.004844214301556349
P154R	0.0048158299177885056
V38A	0.004773326218128204
L81Q	0.00477115623652935
D31N	0.004771000239998102
A29P	0.004751892760396004
T63N	0.004747837781906128
N104Y	0.004708176013082266
H67R	0.0047018700279295444
G86S	0.004686927422881126
H3Y	0.004672040231525898
P169H	0.004661988466978073
T63A	0.004653912968933582
T77I	0.004616971127688885
P232T	0.004537499044090509
P169L	0.0044847833923995495
R233W	0.004471919499337673
A32V	0.004467794671654701
G157D	0.004439019598066807
H3L	0.004405664745718241
A205E	0.004375034011900425
D130G	0.004349775146692991
E147A	0.00431595416739583
D130A	0.004310922231525183
D49A	0.004277863074094057
T14P	0.00425619725137949
G128C	0.004252258222550154
P234S	0.0041983467526733875
H67L	0.004178567789494991
A94P	0.00416631530970335
A93G	0.0041572898626327515
G179V	0.004146092105656862
A119V	0.004145239945501089
Q185H	0.004122260957956314
A37G	0.004088506568223238
D36N	0.004083719570189714
F62I	0.004082744009792805
V39D	0.004057818558067083
A93T	0.0040205069817602634
K88I	0.0040041557513177395
L9P	0.003978851716965437
H264R	0.003960759378969669
G259D	0.003894665278494358
L237P	0.0038898049388080835
R270C	0.0038874277379363775
V159I	0.0038790132384747267
S75R	0.0038785398937761784
T4I	0.003831789828836918
T63S	0.0038043044041842222
K231E	0.003778854850679636
G180R	0.00377398612909019
G162D	0.003754926845431328
P200Q	0.003727886127308011
P145R	0.0036752265878021717
P149V	0.0036470508202910423
S173I	0.0036282059736549854
D207V	0.0035888387355953455
W52G	0.003584460821002722
A26G	0.0035348511300981045
R141G	0.003532299306243658
G235D	0.003503513289615512
L178Q	0.003502592910081148
E34Q	0.0034197140485048294
R203S	0.0033777824137359858
I248F	0.0033647380769252777
D54N	0.0032889784779399633
V71L	0.0032257498241961002
T22I	0.0032068490982055664
E147V	0.003192489268258214
F62Y	0.0031720963306725025
A122T	0.0031274997163563967
P232Q	0.0031199755612760782
G217A	0.0030949809588491917
K64T	0.003091340186074376
T74N	0.003065673401579261
E132K	0.003037595422938466
L125M	0.002965856110677123
D273V	0.0029523237608373165
S242N	0.0029270045924931765
Q236P	0.0028641351964324713
Q241P	0.00285004498437047
T183P	0.002835931023582816
A153P	0.002792755840346217
I42F	0.002778339432552457
T165S	0.002723142970353365
D158H	0.002721162512898445
V113I	0.0026443866081535816
D267N	0.0026348799001425505
A204T	0.002629742259159684
H246N	0.00262441486120224
K171I	0.002613891614601016
V38D	0.0025435234420001507
L262M	0.0025432235561311245
A37P	0.0025420731399208307
D49N	0.0024955833796411753
A187P	0.0024899726267904043
H129D	0.002480259630829096
S242R	0.002478530630469322
S58I	0.002411461668089032
C101F	0.002395856427028775
L78M	0.002370779635384679
P169A	0.0023663737811148167
S173N	0.002365865046158433
I23N	0.0023369507398456335
F97V	0.002327409340068698
E215V	0.002308615017682314
M195R	0.0022934393491595984
V133I	0.002272689715027809
R214S	0.0022532199509441853
S160T	0.0021942681632936
A153T	0.002169949933886528
V90I	0.0021654879674315453
S91R	0.00215893448330462
E55V	0.0021144915372133255
S117T	0.002112993039190769
R203L	0.002112080343067646
D207N	0.0021003256551921368
I219M	0.0020764521323144436
L182R	0.002070266054943204
F135S	0.002044831635430455
H155Q	0.002028079004958272
A221S	0.002014009514823556
G56D	0.002012267941609025
R108S	0.0020107917953282595
M40K	0.001994385151192546
A93E	0.001993922982364893
C156Y	0.0018923493335023522
T14S	0.0018884859746322036
G235V	0.0017926149303093553
S59T	0.0017832247540354729
E201V	0.0017089946195483208
L9R	0.0016872822307050228
H28Y	0.00166147924028337
M271I	0.0016298199770972133
V43D	0.0015603846404701471
R141P	0.0015284169930964708
R83S	0.001528398017399013
N151H	0.0015123707707971334
N244Y	0.0014969268813729286
L125V	0.0014843400567770004
T257S	0.001454326556995511
T257I	0.001448601484298706
A66G	0.0013646639417856932
D118N	0.0013360839802771807
H129L	0.0013108336133882403
L136M	0.0012794251088052988
D130E	0.0012235542526468635
L170Q	0.001072795712389052
R108P	0.0010701963910833001
R83H	0.001060414593666792
A50P	0.0009164184448309243
F181I	0.0008866869029588997
D31E	0.0008034483180381358
A100T	0.0007790568633936346
G192D	0.0007528759306296706
L89Q	0.0006908982759341598
S58N	0.0006364771397784352
S160G	0.000574010715354234
A94V	0.0005681839538738132
G259S	0.0005026113940402865
L239Q	0.00021800599643029273
