variant,interface_delta_X,total_energy
Y143R,-17.794,-874.637
D158S,-16.742,-868.397
Q236D,-16.695,-873.683
Q82F,-16.357,-831.797
Q177L,-16.841,-805.607
H20W,-16.146,-726.256
A25P,-16.595,-505.439
D49H,-16.166,-876.827
A50P,-16.306,-400.666
Q185G,-16.388,-874.749
T63L,-16.706,-828.835
E266T,-16.419,-872.199
D197G,-16.036,-874.587
S60K,-16.165,-576.74
G28R,-16.596,736.713
L222V,-16.706,-832.263
I42W,-17.084,1409.568
A100V,-16.133,-632.605
E212W,-16.654,-36.029
Q2V,-16.619,-850.453
F146I,-16.996,-862.559
D273V,-16.531,-868.112
G186L,-17.108,-330.953
I127Q,-16.637,-860.915
S117G,-16.478,-874.089
T4R,-16.774,-397.307
G70E,-16.656,582.526
N104D,-16.185,-875.084
E212M,-16.505,-873.506
N244V,-16.278,-818.503
I38M,-15.553,-544.325
K64G,-16.404,-874.355
F174K,-16.305,-837.356
L120V,-16.742,-843.604
R111Q,-16.788,-875.269
E55A,-16.216,-875.605
R17E,-16.2,-877.203
M258I,-16.169,-872.348
S59T,-16.265,-796.703
A148Y,-16.735,-846.901
M10L,-16.028,-843.819
T126H,-16.381,-713.64
G268P,-16.173,-436.279
I99F,-16.741,-872.712
A211C,-16.453,-855.236
I248Q,-17.432,-874.396
Q82K,-17.268,-875.375
V166A,-16.462,-876.662
Y143I,-15.233,-869.993
R48K,-16.073,-869.791
F152K,-17.452,-871.195
A119C,-16.423,-783.645
L260Y,-16.726,454.377
T165Q,-16.399,-867.085
A93D,-16.636,-499.978
E223M,-17.164,-868.918
G13D,-17.126,-602.077
A73W,-16.224,-737.252
K227V,-16.446,-825.874
F261K,-16.309,-691.144
T139Q,-16.32,-470.988
K64T,-16.601,-875.265
A50I,-16.176,-589.815
V76M,-16.486,-784.032
S60E,-16.383,-614.128
S242E,-16.094,-253.452
F57V,-16.305,-747.621
D188A,-16.255,-878.282
R172G,-16.438,-874.247
G179M,-16.463,36.913
L178M,-16.878,-807.616
L239D,-16.682,-870.552
H246C,-16.61,-868.884
G98I,-16.374,-423.389
F116I,-16.472,-874.544
W51V,-15.921,-835.963
M1N,-16.877,-877.084
A18F,-16.327,-859.158
I42Y,-16.645,-64.349
F146G,-16.956,-875.678
H67T,-16.197,-877.678
L120G,-16.737,-872.128
P149L,-16.779,-866.149
R203V,-17.035,-699.891
R214V,-16.483,-871.621
M193R,-17.651,-868.87
L178S,-15.762,-873.331
R48D,-16.529,-872.891
G157S,-17.836,-878.995
C101Y,-15.974,528.197
A122S,-16.13,-867.199
G157N,-17.608,-876.864
D267M,-16.242,-844.315
A73T,-16.371,-841.716
H264M,-16.259,-874.097
A26S,-16.54,-860.554
T77H,-16.089,-877.337
L262E,-16.249,-869.003
G70Y,-16.279,1225.991
G186A,-16.443,-877.249
G70L,-16.436,230.787
A35W,-16.066,1058.646
Q185P,-16.429,194.447
D267F,-16.222,-875.354
R203L,-17.299,-818.925
Y96E,-16.783,-860.541
T183I,-17.086,-815.57
E212P,-16.946,1103.822
W196C,-16.19,-875.612
A37Q,-16.251,-116.542
H67Q,-16.364,-870.601
A221L,-16.629,-799.14
V90F,-16.311,-874.535
N189I,-16.426,-875.367
H246K,-17.364,-866.011
T165H,-16.044,-874.293
G46N,-16.169,-862.739
L30F,-16.308,-462.317
K123N,-16.611,-877.066
T139R,-17.329,-872.491
G179T,-16.454,-606.798
L120R,-17.102,-299.538
I127S,-16.211,-875.956
I184K,-16.793,-865.967
A204Q,-16.239,-740.449
T4G,-16.333,-876.009
Q185D,-16.209,-869.824
F240L,-16.32,-830.313
L222R,-16.406,-833.189
D87E,-16.406,-871.367
H155I,-16.72,-869.932
L81H,-16.882,-840.49
G192C,-16.387,-606.415
V113D,-16.386,-873.151
R17W,-16.355,-836.606
T257W,-16.172,1154.461
R141D,-12.873,-865.968
K227Y,-16.78,-876.685
A100Y,-16.659,1723.914
R176K,-16.211,-876.391
L9S,-16.331,-875.042
S75D,-17.031,-871.017
T238I,-16.616,-831.461
A187R,-17.035,86.644
N167R,-16.813,-869.657
P61C,-16.648,-875.034
T252M,-16.573,-859.581
D49M,-16.816,-823.302
Y96W,-16.448,-236.843
G157P,-17.318,-730.886
G235K,-16.597,1174.832
L120K,-16.278,-831.667
R176V,-16.6,-877.629
Q233P,-15.958,-92.848
G13I,-16.447,13.47
E34P,-16.104,1058.679
F181E,-16.585,-872.208
E95N,-16.01,-873.921
L125C,-16.562,-871.499
L178C,-16.317,-875.777
T22L,-16.41,-739.52
E144L,-16.607,-878.258
I263N,-16.272,-870.22
R224H,-16.89,-878.195
L245Q,-16.468,-864.264
G31A,-15.931,-877.691
E215Q,-16.31,-879.464
K227R,-17.177,-877.523
T216H,-16.109,66.09
F112P,-16.394,193.51
A32E,-16.897,195.273
T126A,-16.701,-874.675
S58R,-16.205,358.679
L136K,-16.626,-761.412
Q241V,-15.977,-873.794
R163E,-17.424,-872.705
D273C,-17.514,-875.035
R111V,-16.797,-871.868
S242Y,-16.732,-456.569
A66C,-16.423,-873.11
A26E,-16.39,-117.437
H129V,-16.142,-878.481
Q233M,-16.779,-872.114
A35C,-16.226,-869.201
A25S,-16.951,-853.83
A18K,-15.845,-446.823
Y161E,-16.323,-846.317
G98L,-16.451,-164.958
F135L,-16.268,-865.629
T183C,-16.401,-875.271
K64A,-16.132,-876.395
G192Y,-16.683,1658.254
G235M,-16.241,914.72
M258W,-16.656,2017.486
L245G,-16.749,-869.28
M271F,-16.804,-359.203
F272C,-16.696,-871.866
E215C,-16.023,-878.811
K231A,-16.073,-873.945
L237K,-16.284,-791.747
R48T,-16.339,-872.993
L206M,-15.786,-565.71
A94P,-16.608,-473.228
C251Q,-16.611,-746.362
T165E,-16.553,-860.567
G128V,-16.921,-775.934
I42K,-16.917,-775.526
I184R,-16.285,-766.796
P44M,-16.265,-427.228
E95K,-16.863,-868.344
L9W,-16.395,220.262
N151F,-16.402,-879.275
R250K,-17.383,-873.64
T14H,-16.553,-868.9
G259D,-16.782,-843.632
M193N,-15.951,-872.833
M258L,-16.239,-847.284
T126S,-16.299,-878.169
C156A,-16.357,-878.546
P145A,-16.036,-875.864
T265P,-16.967,-294.815
M1S,-16.277,-878.887
A153S,-16.743,-876.406
H155A,-15.699,-868.224
A218I,-16.219,-617.034
K243C,-16.537,-871.821
I38K,-16.628,-752.591
W168T,-16.317,-872.139
P175I,-16.509,-872.611
I219H,-16.511,-516.58
M229C,-17.134,-876.014
A69E,-16.433,-755.582
A35K,-16.709,-244.321
T216D,-17.006,-683.94
P149M,-16.247,-362.346
A50S,-16.14,-864.64
L107N,-16.289,-875.572
Q85A,-16.582,-873.971
H210S,-17.666,-873.701
F12P,-16.247,-320.103
V166Q,-16.21,-870.823
T110H,-16.464,368.625
A35P,-16.273,-727.279
T63K,-16.277,-399.035
A35E,-16.402,-419.482
C251L,-16.463,-864.005
Y5L,-16.426,-637.109
I38E,-16.723,-868.322
S58E,-16.734,142.23
Y5F,-16.178,-877.671
M195H,-16.379,-627.326
T265C,-15.936,-872.864
G106H,-16.681,-726.831
F174N,-16.832,-874.567
A148E,-16.385,-609.286
F174D,-16.408,-875.312
G31F,-16.325,719.956
S91H,-16.667,-867.455
F116Y,-16.519,-874.75
N104G,-16.4,-873.455
H155N,-16.715,-872.919
A24C,-16.578,-620.788
E47W,-16.376,-681.975
D87I,-16.492,-874.535
T265Q,-16.217,-421.859
A15N,-16.786,-862.263
Y96D,-16.774,-870.145
M209D,-16.616,-874.003
P154W,-17.427,-858.989
R255A,-16.642,-872.9
D87N,-16.701,-878.33
D188N,-16.639,-876.526
T139A,-16.627,-872.031
L89T,-16.58,-837.045
I184Y,-15.842,142.203
E55P,-16.186,903.653
F135H,-17.455,-875.053
L107W,-16.524,1367.771
Y213P,-17.101,76.896
P124Q,-16.472,-854.768
E144A,-16.503,-874.216
L78N,-16.442,-874.727
S242V,-16.186,-843.202
L89A,-17.398,-872.464
D121N,-15.668,-876.407
C156F,-17.124,-801.475
W51A,-15.791,-870.286
A221M,-16.122,-303.755
V72Q,-16.694,-852.843
G70C,-16.238,-823.105
M229Y,-16.44,-225.172
F261V,-16.278,-851.294
D53L,-16.395,-875.005
L120A,-16.808,-871.255
A93V,-15.969,-678.103
D118C,-16.601,-874.591
G259V,-16.49,-855.212
L230I,-15.848,-837.102
N167Y,-16.497,-873.698
G86A,-16.626,-873.098
T22W,-16.109,1785.203
F240E,-16.573,-863.52
C251W,-16.986,2058.667
E84D,-16.271,-875.76
A138S,-16.827,-843.993
D190N,-17.143,-876.175
G46M,-16.714,-353.08
T238G,-16.816,-872.352
A220L,-16.35,-360.897
L78P,-17.116,-26.076
A226N,-17.223,-860.287
R224S,-16.091,-875.859
G31H,-17.19,-117.035
M271H,-16.346,-666.139
A16Q,-16.16,-773.483
H67G,-16.156,-877.396
F150Y,-17.02,-878.224
A93K,-16.441,98.983
R199Q,-15.662,-877.595
M209I,-16.39,-775.884
M271G,-16.505,-873.396
Q185H,-16.285,-866.136
D87Q,-16.821,-871.614
I248T,-16.306,-876.277
F112M,-15.904,-791.208
D33R,-16.246,-857.335
R111I,-16.209,-794.619
E55Y,-16.579,-872.072
A153H,-15.99,-875.831
A218G,-16.584,-880.335
Y143V,-16.763,-787.92
E223V,-16.275,-875.268
L107R,-16.326,261.092
A221F,-16.069,-741.681
P61K,-16.649,-460.441
G192H,-16.287,1006.031
Q177P,-16.828,1090.733
R114F,-16.629,-347.348
A220R,-16.396,650.908
D87C,-16.714,-877.277
F261E,-16.527,-873.82
I219P,-16.277,889.265
T109I,-16.392,-453.339
D53N,-16.507,-880.152
Q2D,-16.727,-874.981
G98P,-16.66,-496.207
F62H,-16.742,-877.354
D158T,-16.189,-776.445
A29G,-16.241,-877.368
A24P,-15.717,-599.498
E132I,-16.338,-878.459
K64Y,-15.88,-875.345
A187N,-16.836,-632.95
G79M,-17.822,-876.54
W269M,-16.33,-869.381
E132H,-16.595,-480.662
I27T,-17.048,-871.859
V76I,-16.168,-784.418
S75Y,-16.019,-697.932
V103Y,-16.345,-538.8
A247R,-17.412,-876.821
V103R,-16.361,9.164
D130L,-15.722,-877.444
M271K,-16.244,-856.371
Q8L,-16.37,-843.451
E134T,-16.389,-865.876
M10R,-16.647,-333.55
F272A,-16.738,-874.128
K92Y,-16.334,-199.377
S58V,-16.455,-858.056
A37I,-16.722,-495.176
A29L,-17.092,153.56
K171S,-16.308,-876.056
D53S,-16.344,-876.979
V43N,-16.907,-862.725
N244Y,-15.892,133.808
D33H,-16.43,-878.953
H3N,-16.959,-876.327
L81D,-16.733,-874.057
Q241G,-16.452,-876.953
G268H,-17.352,59.635
Y5M,-16.674,-773.084
E132T,-16.612,-875.873
S60Q,-16.618,-628.786
M271R,-16.328,-543.92
D45F,-16.415,-824.636
T254G,-16.204,-878.286
K171T,-15.758,-875.778
G162S,-16.689,-734.205
P61Y,-16.478,-873.344
D273T,-16.294,-869.925
V90A,-16.144,-875.585
M40T,-16.288,-866.937
E134K,-16.41,-817.813
A69G,-16.551,-875.428
E215P,-16.352,1108.979
E201A,-16.368,-879.657
S173T,-16.191,-877.695
P175G,-16.968,-876.554
Y96N,-16.891,-872.153
D45P,-16.979,-369.158
H129L,-16.13,-877.748
C156S,-16.869,-875.154
L137T,-16.381,-834.595
A32T,-16.319,-858.441
V39S,-16.773,-873.917
L9R,-16.487,-50.763
I263R,-16.282,194.204
T265E,-16.494,-430.425
P234S,-16.415,-875.612
P145S,-16.387,-874.316
I248M,-17.557,-873.488
N198R,-16.493,-378.173
A153L,-15.547,-867.306
T4H,-16.273,-809.204
L262G,-16.779,-871.418
R214D,-17.054,-875.243
S59D,-16.392,-878.992
F181C,-16.633,-873.295
Q82N,-16.432,-863.969
L89P,-17.153,108.976
W196A,-17.24,-872.003
I71P,-17.248,754.31
G31N,-17.063,-745.279
D54R,-16.35,-124.576
M40A,-16.42,-876.728
G268S,-16.527,-673.369
R250A,-16.829,-871.75
L78K,-16.22,-859.009
L170G,-16.32,-872.448
A187L,-16.326,179.468
N151Y,-16.824,-881.442
R111S,-16.761,-872.215
H68I,-16.556,-879.775
E266Y,-17.237,-865.631
L125G,-16.709,-871.293
C101W,-16.207,587.466
L137C,-17.172,-872.939
E212H,-16.379,-868.209
H246T,-16.544,-846.024
T265H,-16.773,-678.639
Y5N,-16.181,-870.157
P234V,-16.338,-755.267
S160I,-16.639,-161.973
A221V,-16.41,-856.492
P149R,-17.659,-874.165
L30W,-16.33,634.384
T77G,-14.127,-869.359
V90M,-15.901,-790.113
G70H,-16.389,120.401
G179E,-16.912,-76.59
I228Q,-16.433,-868.825
N65Y,-16.821,-877.992
F261C,-16.355,-877.971
Y161S,-16.533,-870.852
A94I,-16.267,-466.866
G179P,-16.72,-423.975
Y131W,-16.427,-811.001
A29V,-16.774,-674.583
A18D,-16.249,-867.233
D49R,-17.092,-686.204
F181G,-15.789,-872.487
A225M,-16.797,13.216
L262Y,-16.794,-417.879
T265Y,-16.567,166.79
G128I,-16.359,299.088
S173E,-16.371,-69.739
A221H,-16.564,-830.043
Q233F,-16.322,-876.146
R250E,-16.733,-876.815
L125A,-16.178,-875.45
M21Y,-16.591,286.374
N65A,-16.53,-877.143
H68V,-16.494,-849.111
D190R,-16.366,-712.268
F62M,-17.099,-860.748
L230T,-16.633,-840.393
N198I,-16.308,-870.799
A226S,-16.617,-872.421
N151W,-17.549,-874.186
P200R,-16.649,239.593
N244S,-16.291,-875.957
I38F,-16.371,32.784
E47C,-16.324,-877.12
A247V,-17.114,-873.304
I263A,-16.469,-871.602
T238S,,
P234F,-17.458,-864.79
I228G,-17.118,-869.66
P175T,-16.739,-878.527
N189W,-16.146,-705.555
E201I,-16.512,-876.187
N65T,-17.172,-872.831
T252P,-16.254,691.469
E147H,-16.855,-876.424
L89G,-15.737,-872.392
R256P,-16.35,1057.452
A16D,-16.384,-866.263
Y143P,-15.725,-421.094
L137S,-16.463,-873.821
L237E,-17.027,-868.92
L170S,-16.199,-873.936
D164W,-16.7,1279.992
R214K,-16.15,-879.181
S91F,-16.165,-744.133
V43K,-16.346,125.491
G180I,-16.546,170.288
A218W,-16.288,-772.626
S173C,-16.258,-874.174
G268M,-16.343,366.199
I23V,-16.676,-830.573
E134R,-16.162,-88.568
L107C,-16.028,-873.1
G98Q,-16.26,59.536
E132K,-16.758,-873.517
V43C,-16.489,-873.248
C101A,-16.949,-878.128
L239G,-16.509,-873.938
T252N,-17.026,-805.417
A218V,-16.207,-867.652
F112S,-17.178,-873.391
S117W,-16.453,-598.161
Y213C,-16.947,-871.408
T110W,-16.289,3995.468
I27W,-17.016,1278.198
Y213T,-17.134,-767.108
N167T,-16.296,-875.167
R163P,-17.078,1074.071
L30Q,-16.358,-867.211
N198F,-16.46,-676.751
F112E,-16.988,-870.167
G13N,-16.952,-643.8
T110Q,-16.093,241.751
E201C,-16.132,-877.071
E55I,-16.427,-821.623
A221I,-16.692,-795.792
L136T,-16.346,-876.686
S160Q,-16.35,82.413
Y96G,-16.084,-872.97
L136I,-16.855,-878.589
K88W,-16.541,-872.315
P61E,-16.287,-851.378
L137M,-16.223,-790.927
E147A,-15.897,-877.162
V39K,-16.163,-65.341
N189T,-16.761,-876.8
T252L,-16.443,-836.549
M195C,-16.749,-873.883
G157K,-17.484,-870.17
R163G,-17.387,-871.639
C251T,-15.795,-792.805
V194Y,-16.373,-305.955
I99L,-16.176,-878.23
T216Y,-16.661,1062.927
K243R,-16.743,-702.12
R111M,-16.535,-873.578
S173R,-16.919,900.704
K243N,-16.64,-874.549
A226K,-16.412,-481.777
A18R,-16.273,-224.474
R114A,-16.311,-877.843
R250W,-16.691,-820.159
P61L,-16.462,-870.412
K88H,-15.909,-877.849
L239I,-16.498,-815.708
A225G,-16.183,-877.872
R214T,-16.444,-876.155
E132V,-16.57,-847.573
K64M,-16.205,-874.642
A226C,-16.341,-870.809
P145G,-16.453,-876.478
P175S,-16.179,-874.286
A37P,-17.394,-720.761
W168E,-16.327,-863.238
M229Q,-16.565,-877.504
F181V,-16.838,-792.842
F152E,-17.184,-870.793
P169M,-16.115,-414.649
C251M,-16.35,-351.314
D54P,-16.846,24.579
A26L,-16.436,-342.074
F174W,-16.599,-870.672
F116G,-16.073,-873.049
L260N,-16.622,-871.43
K123T,-16.212,-855.79
Q233H,-16.26,-875.524
F112L,-16.74,-858.436
R48A,-16.706,-877.208
R102T,-16.697,-863.407
G157I,-16.987,-874.852
R172T,-16.479,-868.196
A94M,-17.062,-97.083
G79Q,-18.021,-878.516
M271Q,-16.547,-872.615
V39A,-16.094,-875.696
L30H,-17.264,-810.367
R250C,-17.112,-873.161
W269F,-16.587,-876.847
V194A,-15.431,-874.102
A73I,-16.18,-546.727
T254R,-16.661,-682.652
T110D,-16.842,-645.985
A211I,-16.647,-538.314
D190T,-16.61,-869.555
V103N,-16.751,-871.364
V133R,-16.436,-72.204
L239K,-16.331,-808.467
H68Y,-16.253,-876.757
Q85L,-16.365,-856.608
A247P,-17.137,-841.731
I184C,-16.675,-873.744
F135I,-16.104,-788.64
P234A,-16.972,-874.837
E132L,-16.477,-852.148
I184A,-17.451,-871.319
I248C,-17.299,-874.774
M271P,-16.412,1207.748
I248A,-16.41,-876.04
I228S,-16.404,-868.788
D53W,-16.198,-871.672
L137V,-16.64,-833.31
L237Q,-16.341,-852.12
M209R,-17.708,-766.355
A225S,-16.408,-850.292
D190C,-16.911,-876.148
A153K,-15.923,-870.938
G98N,-16.659,-700.042
L170C,-16.393,-877.146
L9Q,-16.615,-869.391
W52S,-16.527,-875.557
Q2I,-16.912,-875.273
N167G,-16.449,-874.757
A226G,-16.246,-876.93
P149T,-17.073,-870.663
V194T,-16.932,-867.799
P234H,-15.888,-871.098
A220C,-16.658,-832.703
A148N,-17.174,-853.917
F150E,-16.402,-878.579
R140F,-16.336,-802.264
P44L,-16.465,-868.56
M195K,-17.706,-859.817
S117Q,-16.415,-402.558
L89N,-16.683,-872.469
E19N,-16.485,-871.301
F97V,-16.574,-872.093
R83K,-16.619,-876.567
D33Q,-16.135,-876.159
Y143H,-15.91,-876.116
M10C,-15.718,-877.475
V159Q,-17.559,-344.187
R17V,-17.078,-856.309
T183F,-16.384,-57.129
H129F,-16.278,-876.03
K92P,-16.347,1072.968
R141S,-13.125,-872.886
I38C,-16.989,-869.444
R114D,-17.058,-862.071
F62S,-16.449,-879.17
L260C,-17.04,-871.525
R140C,-16.632,-870.612
H67W,-17.187,198.173
G235W,-16.624,1664.708
W52P,-17.212,575.598
R11F,-16.218,-82.181
M271A,-16.325,-877.327
F272L,-16.486,-750.471
A16R,-15.914,60.791
V142S,-17.198,-872.624
L222N,-16.568,-873.059
P200V,-16.459,-855.828
A211P,-16.534,-513.558
H210R,-17.179,-875.121
A94V,-16.839,-790.697
P154F,-16.927,-867.98
A153C,-14.084,-871.017
D267P,-16.36,-326.252
F150C,-16.797,-875.656
K171A,-17.005,-876.785
M21W,-16.207,811.306
V43R,-16.625,366.669
F150W,-17.326,-876.203
M21E,-16.184,-876.346
D207F,-17.585,-499.921
G86Q,-16.356,226.18
V113W,-16.679,281.256
I27G,-16.812,-871.621
A204W,-16.452,-839.432
G217S,-16.377,-795.89
F12C,-16.463,-875.344
V159D,-16.085,-873.676
T74Q,-17.527,-875.185
A32Y,-16.856,734.779
Q80K,-15.173,-873.209
E249K,-16.942,-856.57
G186N,-16.226,-449.978
G162P,-17.277,-488.823
A29Y,-17.024,1931.892
F135R,-16.648,-684.182
P61I,-16.771,-867.491
L78C,-16.498,-876.569
N198M,-16.274,-305.483
A153F,-17.248,-864.264
A32F,-15.674,709.377
A211R,-16.821,549.475
G46L,-16.419,-864.372
R140I,-16.938,-843.104
D53C,-16.356,-877.643
G86T,-16.713,-853.853
D36G,-16.419,-873.863
T139P,-16.463,580.718
S60W,-16.586,-629.463
K171D,-16.372,-873.159
E212L,-16.477,-873.04
A37M,-16.405,-37.744
A247Q,-17.375,-878.275
R17Q,-16.344,-876.283
F240P,-16.641,624.614
L107H,-16.253,-863.115
A119S,-17.143,-859.552
T252S,-16.3,-878.978
L237S,-15.602,-871.888
T109K,-16.082,-112.865
G106Y,-16.386,-14.777
R250N,-16.092,-872.93
W51G,-15.818,-872.939
V39N,-16.354,-872.794
A66W,-17.321,-856.226
I27V,-16.81,-845.207
Q241P,-16.361,1114.437
I263Q,-16.522,-865.325
I127F,-16.409,-663.866
G186E,-16.717,-18.659
W196H,-16.115,-875.371
K243F,-16.751,-852.776
L178N,-15.876,-870.537
A69F,-16.815,-859.297
T252W,-16.241,3059.268
R102K,-16.391,-874.051
R83T,-16.237,-872.255
G46H,-16.299,-865.798
G157D,-17.436,-880.313
R108V,-16.309,-858.511
V76A,-15.65,-874.525
D118A,-16.689,-875.05
E212C,-16.37,-872.185
R250P,-16.425,832.515
E47I,-17.105,-685.046
A24S,-16.922,-855.245
V43H,-16.807,-385.234
G192V,-16.512,186.933
T216I,-16.715,-390.79
F272P,-17.067,512.379
G46S,-15.978,-868.001
T63V,-16.078,-875.075
Q80P,-14.866,-866.205
Q2S,-16.116,-875.911
A69L,-16.799,-861.166
F240N,-16.421,-876.096
P6R,-16.273,265.135
G106M,-16.268,-225.909
D54F,-16.665,-681.207
R102N,-16.335,-877.632
S117N,-17.23,-766.342
T74E,-17.204,-877.203
D207W,-17.174,326.1
G56W,-16.509,2451.988
M21P,-15.957,1009.546
R111P,-16.827,961.714
A220Q,-17.271,87.393
E208S,-15.525,-875.982
A211M,-16.773,-138.098
H246G,-17.032,-869.706
E208A,-16.495,-880.101
G217Y,-16.402,-162.313
I42G,-16.608,-868.855
D53V,-16.668,-825.529
H67M,-16.326,-851.285
P175R,-16.449,275.252
H210P,-17.616,-64.823
D41N,-16.746,-876.948
R270W,-16.213,360.498
L30Y,-16.844,-81.168
F261N,-16.637,-875.029
L262V,-16.608,-869.618
M258T,-16.438,-872.433
D36L,-16.382,-812.611
A205P,-16.553,-369.853
A205N,-16.161,-597.818
T109Y,-16.023,-72.589
C156I,-16.205,-805.921
V142I,-16.245,-847.911
G106L,-16.687,-756.478
D36A,-16.273,-876.527
T109V,-16.659,-842.217
D164P,-16.529,1155.276
S242C,-15.673,-872.181
N104Y,-16.46,630.395
E201D,-16.416,-879.095
D188V,-16.258,-867.554
M195L,-16.84,-861.497
A15Y,-16.892,-863.84
R163D,-17.465,-870.333
T139Y,-17.433,-873.842
D197W,-16.419,-837.731
S60L,-16.354,-695.686
D164I,-16.531,-811.026
S75T,-16.349,-879.393
A26R,-16.511,490.236
W269K,-16.685,-865.331
L125H,-16.554,-861.541
R255M,-16.421,-870.192
G13W,-16.536,-251.114
Q241A,-16.636,-872.302
P169A,-16.136,-875.269
F272Y,-16.238,-877.064
W196D,-16.21,-873.631
A119I,-16.684,-504.647
M1K,-16.129,-872.829
G106C,-17.071,-851.992
D190I,-16.12,-859.063
A73P,-16.278,-498.036
A35L,-16.34,-266.211
M21F,-17.157,-135.552
P145D,-16.405,-871.255
P234G,-16.676,-874.151
D87K,-16.269,-849.408
A226P,-16.286,-859.003
V72A,-16.525,-874.915
M1L,-16.181,-879.941
G13S,-16.698,-859.948
L170M,-16.174,-589.923
T238N,-16.264,-850.006
N167L,-16.217,-873.005
R114Y,-16.068,-328.786
S202A,-16.074,-879.286
R102P,-16.827,833.007
P169W,-16.137,-163.217
T14F,-16.647,-834.745
K227A,-16.295,-877.266
L115K,-16.639,-866.379
M209G,-16.63,-875.898
F135N,-16.144,-874.359
H20D,-16.62,-875.446
A153R,-16.307,-863.859
D54W,-16.394,485.62
G106P,-16.368,-743.987
G28S,-16.156,-863.107
N65M,-16.2,-818.52
H68R,-15.977,-862.478
Q85G,-16.378,-877.008
A119N,-16.618,-656.77
H3R,-16.409,-193.099
R250G,-16.845,-872.916
L81S,-16.641,-872.385
A15F,-16.465,-865.62
P232Q,-17.245,-848.907
L182Y,-16.239,-778.662
V194Q,-16.194,-582.295
D105N,-16.378,-877.527
R48W,-16.517,1192.74
H210L,-17.557,-752.663
L260K,-16.36,-544.437
A204L,-16.287,-842.977
E134I,-16.434,-864.381
I248D,-16.097,-875.16
V76R,-15.746,-420.402
G106R,-16.619,-131.895
W269T,-16.086,-859.332
K123E,-16.739,-873.256
V76S,-16.496,-875.08
G259C,-16.247,-864.937
G186D,-16.459,-540.73
L81M,-17.434,-862.629
F152Q,-16.636,-873.139
I127P,-16.382,1053.74
H129G,-17.151,-874.922
H155D,-16.615,-874.692
G157C,-17.127,-876.886
F62A,-16.345,-879.771
D41M,-16.246,-501.241
L239C,-16.868,-871.894
L115I,-16.414,-775.345
I42P,-17.118,-156.058
M229L,-16.329,-877.075
H155M,-16.227,-872.236
R140E,-16.395,-875.082
T74H,-17.808,-878.735
S173P,-16.56,606.681
P149N,-16.854,-845.399
K227C,-16.353,-875.824
Y131L,-16.388,-879.928
T63P,-16.996,-746.846
Q2Y,-16.158,-810.325
I71N,-16.203,-873.26
F112T,-16.168,-820.61
M40C,-16.149,-875.264
A119F,-16.407,1335.426
R270C,-16.515,-874.947
P200D,-16.396,-874.27
S117C,-16.167,-874.17
P154T,-16.533,-854.506
A32D,-16.45,-600.542
A7N,-16.282,-539.567
P145F,-16.482,-861.372
S91M,-16.923,-90.748
R48H,-16.064,-833.88
A122V,-16.458,-787.324
S75V,-16.436,-865.994
V76Q,-16.266,-678.586
A93G,-16.789,-874.827
G28H,-16.133,162.55
V142K,-16.948,-133.285
I263W,-16.385,1623.753
A191I,-16.361,-442.257
A148C,-16.84,-863.484
H67S,-16.499,-876.532
R17F,-16.98,-872.43
V113A,-16.34,-877.08
N65C,-16.483,-879.381
S202Q,-16.582,-872.813
Y213M,-17.402,-870.81
H246Q,-16.498,-846.061
N104P,-16.417,-445.839
P154E,-17.777,-871.406
T74V,-17.232,-877.296
D188Q,-16.784,-872.27
D207V,-17.359,-803.594
S253H,-16.417,-48.084
G180L,-15.748,-366.209
A221G,-16.523,-877.424
E208N,-17.033,-875.985
M195G,-16.349,-875.011
E215M,-16.222,-873.714
S173W,-16.248,267.722
A226M,-16.54,-336.32
L237T,-16.971,-844.822
W52H,-16.447,-876.439
L125P,-16.21,87.611
P169V,-16.964,-698.509
I42F,-16.694,-169.988
W51E,-16.874,-844.388
A205C,-16.96,-828.134
R48L,-15.929,-871.136
D164S,-15.876,-868.452
K123S,-16.219,-876.786
W269A,-16.322,-873.875
P6W,-16.34,-866.218
E208T,-16.42,-879.274
A191E,-16.826,-235.59
G79D,-17.897,-879.449
M271W,-16.456,809.635
S202W,-15.989,2158.594
M193I,-17.167,-861.599
H68C,-16.493,-878.998
G179H,-17.203,-553.256
D158R,-16.769,-93.953
E47M,-16.337,-729.821
Q185C,-16.832,-872.18
Q233G,-16.241,-874.471
G217A,-16.211,-869.686
Y143W,-17.356,-873.939
L120S,-16.932,-868.475
T74I,-17.292,-876.538
F12G,-16.458,-874.37
P61G,-15.717,-875.915
L9C,-16.297,-876.633
L178V,-16.715,-871.788
A7L,-16.791,-115.979
M258S,-16.484,-873.178
Q177D,-16.829,-874.737
S160W,-16.169,-7.207
L182D,-16.641,-870.958
A153M,-16.404,-871.453
I99K,-16.385,-861.767
A153I,-17.539,-855.43
D41I,-16.491,-759.263
P44F,-16.351,-449.24
A148R,-16.762,-876.259
M229F,-15.925,-504.087
M21N,-16.283,-868.379
R83A,-16.265,-873.617
G13Q,-16.189,356.812
A187I,-16.683,-763.378
A16P,-15.866,-876.249
A211H,-16.384,-30.047
G98S,-16.922,-862.013
F135A,-16.284,-874.701
I184F,-16.544,-210.337
S58A,-16.002,-878.562
T22D,-16.224,-860.12
D273R,-18.051,-872.667
T126K,-17.124,367.643
R140A,-16.459,-873.036
I219S,-16.458,-872.435
R102Q,-16.289,-875.481
L78V,-17.368,-868.392
D53Q,-16.327,-873.576
Y5E,-15.995,-872.749
F181H,-16.136,-875.44
R270E,-16.885,-869.913
T14L,-15.821,-779.199
D197M,-16.381,-809.359
N189P,-16.777,-192.334
E95P,-16.791,1127.792
N244Q,-16.074,-627.51
A225E,-16.184,90.83
L89C,-16.779,-871.818
R48I,-16.789,-873.936
A226H,-17.014,-860.565
V90Y,-17.276,-870.795
Q177Y,-16.307,-489.012
R102G,-16.46,-875.867
N198G,-16.424,-877.107
R199L,-16.522,-842.811
M21I,-16.645,-840.867
W196N,-16.992,-872.474
D49F,-16.668,-871.313
D118E,-16.402,-870.799
D36Q,-15.843,-873.942
G235E,-16.263,1168.437
D164A,-16.284,-870.247
G268E,-16.343,634.71
L222W,-16.279,-707.587
E47G,-16.023,-875.782
H210C,-17.661,-874.319
N65E,-16.522,-870.627
I127Y,-16.48,-668.969
K92C,-16.45,-872.379
D267V,-16.181,-876.039
L125K,-16.542,-710.617
V159T,-16.532,-783.851
R224T,-16.412,-878.676
A205T,-16.337,-870.898
L137F,-17.027,-675.423
A16G,-16.465,-879.407
W269D,-16.938,-870.859
T265I,-16.716,-507.832
S160T,-15.956,-725.316
G128R,-16.838,682.299
A221N,-16.943,-852.328
E144Q,-16.312,-876.195
R255D,-15.746,-872.705
A69H,-16.528,-861.297
I71F,-17.443,-872.724
R256L,-15.879,-876.121
E19H,-16.059,-714.719
Y131T,-16.501,-876.698
D54T,-16.486,-829.78
D130M,-16.483,-865.793
F146R,-17.542,-877.944
I99N,-15.791,-875.814
S117F,-16.53,-425.321
A153P,-17.778,-859.214
M229W,-16.261,-680.27
Q8R,-16.406,-426.794
M229E,-16.988,-877.533
R11A,-16.472,-874.193
F174Q,-16.65,-869.673
F12M,-15.817,-835.139
Q185K,-16.286,-244.073
D41S,-16.48,-875.709
T254I,-16.647,-879.511
T252G,-16.704,-878.254
L9N,-16.83,-871.217
A187G,-17.12,-874.503
A24R,-16.14,848.105
Y161P,-16.608,-523.997
H264C,-16.421,-877.615
E249L,-16.38,-871.601
R176A,-16.305,-875.881
Q82T,-16.437,-849.624
A247Y,-17.603,-873.785
Q241S,-16.06,-874.749
G179F,-17.485,1335.159
E95A,-16.29,-877.717
F240R,-15.998,-684.571
K92Q,-16.886,-871.381
A148S,-16.857,-871.08
R11T,-17.136,-871.697
P6Y,-16.291,-869.096
G98K,-16.285,-5.591
W51P,-16.464,-683.606
T4M,-16.678,-290.587
T254Q,-16.289,-875.081
G179Y,-17.3,130.017
A93N,-16.228,-534.875
D197Q,-16.5,-762.421
T22H,-16.19,-536.121
P200K,-16.314,-516.421
R203A,-17.235,-871.489
A205Y,-16.565,1923.123
R114K,-16.696,-874.973
F174G,-16.421,-872.592
H129T,-16.07,-875.493
R256Q,-15.908,-874.251
L260S,-16.056,-873.133
A69S,-16.501,-873.668
Q85T,-16.23,-877.253
A26K,-16.587,-111.88
T110S,-16.443,-879.402
D105R,-16.167,-441.154
G235F,-16.785,1770.491
M21S,-16.661,-874.712
I99S,-16.348,-876.655
A226F,-16.176,-865.206
N65F,-16.488,-872.541
G13A,-16.675,-874.569
T254F,-16.19,-875.603
E132Q,-16.435,-879.669
V133P,-16.323,-471.274
R199C,-16.591,-876.574
I263K,-16.911,-665.017
R172F,-16.132,-764.363
A220P,-16.919,-571.18
R11C,-16.839,-872.617
P124E,-16.519,-851.276
Y96A,-16.069,-872.264
N189C,-16.143,-872.656
A204I,-16.631,-833.978
V90C,-16.307,-876.224
H129P,-16.165,1106.67
T252D,-17.106,-817.593
P44C,-16.359,-876.178
D105V,-15.892,-874.659
R140S,-16.555,-870.732
R270K,-15.844,-876.09
A94F,-16.104,1002.846
Q85V,-16.207,-879.379
A122K,-16.327,-213.797
E95T,-16.57,-816.539
D118F,-15.906,-245.175
N189L,-16.851,-868.921
T139H,-17.52,-872.118
P61D,-16.314,-875.03
R114P,-16.141,1239.248
D267L,-16.386,-877.087
L136C,-15.961,-875.702
K123A,-16.187,-877.32
N167H,-16.34,-875.634
W51I,-16.698,-785.545
G192L,-16.529,70.217
P124I,-16.551,-862.644
N198P,-16.158,-409.147
L115N,-16.36,-874.515
C101S,-16.602,-878.092
D49P,-16.17,-519.11
L30M,-16.282,-676.762
L206V,-16.271,-770.939
Y96R,-15.801,-848.352
K227H,-16.821,-873.436
V159E,-16.792,-461.034
L245P,-16.322,115.282
A225H,-16.635,1474.447
S253F,-16.553,978.119
A7E,-16.369,-252.725
M271V,-15.941,-870.573
V194M,-17.105,-177.566
P234D,-16.17,-876.077
V194N,-17.296,-869.924
H20T,-17.007,-765.545
L137R,-16.512,-395.389
K243M,-16.785,-880.026
S91T,-16.648,-876.507
A29M,-16.891,86.407
L245V,-16.42,-855.216
S75H,-16.771,-796.108
P154L,-16.206,-848.974
Q236N,-16.855,-873.816
E201K,-16.636,-870.978
T14G,-16.555,-875.932
E19P,-17.528,1023.928
Q85F,-16.407,199.091
L245H,-15.574,-829.76
E201N,-16.262,-877.925
G186K,-16.336,41.769
H210G,-16.492,-873.355
R141P,-12.994,-673.835
R114T,-15.985,-844.904
E132W,-16.659,1676.991
R176P,-16.809,922.632
F97P,-16.358,-240.303
E215F,-16.598,-866.982
G128N,-16.428,-625.58
L178W,-16.736,156.507
A187Y,-16.281,505.128
G180C,-17.407,-841.97
R172I,-16.296,-871.076
I38W,-16.364,1435.055
R108K,-15.877,-874.42
Y131H,-16.401,-877.159
R214Q,-16.426,-878.634
Q185A,-16.132,-874.024
L239Q,-16.379,-873.587
D87G,-16.374,-879.477
V133Y,-16.515,-140.53
L206S,-16.41,-875.044
T238V,-16.335,-736.761
T4W,-16.619,-686.598
G86I,-16.452,-196.759
V103M,-16.982,-384.672
A220D,-16.269,-657.209
T4V,-16.291,-878.407
A16M,-16.475,-329.638
A122M,-16.733,-218.859
G162Y,-16.793,1741.875
G192E,-16.304,-187.965
A119D,-16.368,-649.916
I228L,-16.894,-870.524
F150V,-16.307,-879.98
S253I,-16.409,-740.32
S117T,-16.466,-867.076
A25M,-16.116,20.284
G56E,-16.307,218.74
D197S,-16.337,-873.88
K92W,-15.511,-703.148
V159A,-16.855,-873.915
A119H,-16.984,626.473
T63H,-16.759,-873.049
K227L,-16.425,-879.396
D188R,-16.244,-715.012
H210Q,-17.342,-744.579
F152N,-17.523,-874.202
S91E,-16.676,-488.176
A24L,-16.981,27.339
Q2H,-16.376,-867.319
W51C,-16.393,-874.143
F12V,-16.153,-874.645
Q236L,-16.533,-823.661
V72I,-16.494,-865.328
T238D,-16.22,-862.235
G86K,-16.347,65.327
G128C,-16.386,-833.711
Q236Y,-16.759,-874.7
R102E,-17.526,-873.826
D267S,-16.496,-877.526
W269L,-16.896,-747.023
P232L,-16.617,-527.57
I42M,-16.405,-657.177
Y96H,-16.342,-877.187
E147G,-16.582,-874.979
N167W,-16.595,-721.143
A24K,-16.631,202.593
L81R,-15.858,-797.498
A100N,-16.601,-586.477
D190G,-16.79,-875.354
G259L,-17.137,-675.786
D36T,-16.103,-861.185
A205M,-16.337,-10.603
M271E,-16.252,-874.321
A187P,-16.478,-717.577
C156N,-16.178,-856.452
A24D,-16.031,-195.243
A37R,-16.616,-99.244
M1I,-16.58,-877.439
K243V,-17.129,-870.424
I184H,-16.686,-741.804
M40D,-16.797,-870.092
A69I,-16.809,-846.249
G180S,-16.16,-844.5
Q80V,-14.323,-876.596
E266L,-16.415,-873.791
G56N,-16.611,-287.094
L136A,-16.823,-877.229
D158E,-16.855,-766.139
A69K,-16.69,-461.156
E266A,-16.032,-871.649
P149D,-15.831,-845.912
T252H,-16.434,-644.537
A7G,-16.67,-874.907
M40P,-16.334,941.759
E132R,-16.617,-868.029
E212Q,-16.374,-877.779
D158W,-16.911,1393.913
L78G,-15.815,-872.793
A100K,-16.528,109.688
F97C,-16.274,-876.88
D45Y,-16.358,-814.568
A69M,-16.8,-328.201
G13T,-15.754,-857.997
L137H,-16.306,-867.922
I27F,-17.221,-607.585
A148H,-16.778,-364.782
R102L,-16.575,-874.056
D53Y,-16.341,-875.192
S160D,-16.031,-763.274
T110K,-16.427,71.175
M209Y,-16.949,747.189
S160F,-15.827,369.108
T14W,-16.235,-833.959
R163H,-16.848,-871.27
T22N,-15.916,-860.151
G128M,-16.297,199.702
E147I,-17.18,-843.282
F150P,-16.673,-807.866
D54Y,-16.054,-668.927
G28N,-16.455,-580.283
R224W,-16.192,-744.396
T109H,-16.26,-767.638
E249R,-17.269,-771.096
S59V,-16.665,-848.947
T257Q,-16.511,-164.518
H264T,-16.962,-874.596
Y131P,-16.633,258.613
P145E,-16.669,-846.124
L239Y,-16.944,-213.336
S160P,-17.015,-253.537
V39P,-16.28,-102.508
T22M,-15.926,-754.393
N151C,-15.685,-878.152
S59W,-16.219,-873.71
P6M,-16.757,-430.3
A73V,-16.242,-787.497
L137Y,-16.737,-505.99
A119M,-16.315,-175.277
D118R,-16.364,-577.432
F12T,-17.409,-834.349
H129W,-16.219,-623.143
L125Q,-16.605,-872.606
Q2F,-17.238,-817.953
L78F,-15.839,-732.638
V166R,-16.019,-575.116
V39T,-16.329,-866.144
A153D,-15.768,-868.86
D207T,-17.342,-871.34
A211K,-16.393,-102.101
E212K,-16.088,-868.007
E266N,-16.464,-876.745
L178A,-16.71,-873.82
T139C,-16.498,-873.188
G162M,-16.642,424.839
G268N,-16.589,-198.627
M21A,-16.6,-876.706
F272D,-16.416,-874.124
Y161N,-16.559,-870.655
E34R,-16.559,-846.824
V76Y,-14.796,-545.662
P175M,-17.028,-456.541
K123L,-16.209,-871.344
F62Y,-16.464,-882.078
F272I,-16.217,-755.777
G31V,-16.715,-860.486
I127K,-17.42,-567.045
A122D,-16.124,-832.819
Q233K,-16.407,-868.48
Q177V,-17.357,-804.566
N65D,-16.328,-877.482
K171W,-16.205,1152.242
E208D,-16.434,-880.129
R111G,-16.366,-876.693
T183D,-16.428,-869.446
G98H,-16.506,215.278
P200M,-16.326,-444.696
K243L,-17.177,-863.056
T165I,-15.772,-859.828
T252Y,-16.905,1025.85
N167S,-15.584,-876.01
D54I,-15.812,-757.635
A7F,-16.17,2081.875
W196F,-16.823,-879.768
P124R,-16.548,286.483
D49W,-16.393,-874.439
R214F,-16.828,-804.352
E249Q,-16.591,-875.344
H3F,-16.241,-879.462
D197I,-16.052,-803.306
T126N,-17.092,-784.639
A35R,-16.409,-245.459
S58C,-16.209,-866.066
D267Y,-16.384,-875.827
D188F,-16.351,-874.325
I38V,-16.791,-852.477
G186P,-16.935,-759.253
F97D,-15.772,-874.395
A94R,-16.154,680.216
M193Q,-16.417,-875.741
S91V,-16.44,-868.021
V43F,-15.957,505.053
A138G,-16.846,-874.982
T77W,-13.664,-870.17
W168G,-16.248,-871.305
Y96V,-16.391,-859.066
R224Q,-16.314,-878.859
F62E,-16.101,-878.24
A50L,-16.521,-383.937
K231Q,-16.635,-869.593
Q8W,-17.649,2052.185
I219R,-16.2,-274.133
K88Y,-16.388,-877.844
E19S,-16.23,-872.417
S60T,-16.653,-877.78
Q8S,-15.818,-877.79
A221K,-16.416,-371.299
A24I,-16.519,-28.588
N65W,-16.916,-715.368
A138M,-16.482,104.491
G13H,-17.172,-409.636
P234K,-16.333,-520.599
T126R,-16.306,468.366
V166I,-16.925,-834.988
A69N,-16.383,-864.157
A26N,-16.222,-432.839
E134L,-15.82,-822.902
L239A,-16.404,-874.869
G157Q,-17.446,-863.489
P124W,-15.516,858.13
N104E,-16.446,-741.423
A191G,-16.428,-876.649
A226E,-16.996,-772.54
A94Q,-16.53,25.034
E19Y,-16.233,266.257
E34Y,-15.686,-876.119
T165F,-16.621,-871.804
M209P,-16.692,1147.228
S173D,-16.318,-778.684
G162N,-16.409,-82.426
F112D,-16.723,-870.829
A247W,-17.208,-873.859
Q8P,-16.733,1152.131
S59K,-16.341,25.879
S60M,-15.967,-693.299
D36E,-16.355,-874.939
V194F,-15.809,-462.924
K92S,-17.048,-870.13
V133K,-16.171,-144.252
K231V,-16.731,-872.246
K243E,-16.47,-860.632
Q185L,-16.322,-873.535
A100C,-16.273,-811.292
E55V,-16.184,-876.36
L262M,-16.112,-857.414
L107S,-16.84,-872.477
T4Y,-16.926,-177.171
C251G,-16.786,-876.159
V103E,-16.392,-587.428
S160H,-16.801,-351.111
R199Y,-16.597,-482.009
G180M,-16.392,-255.661
T216L,-15.83,-155.577
G31T,-16.814,-857.024
G186S,-16.199,-855.586
I71D,-16.413,-874.072
M1E,-16.111,-877.636
T216V,-16.029,-794.124
V166G,-16.263,-878.338
L182A,-16.598,-871.222
D105K,-16.57,-595.86
L170R,-15.938,45.679
H3A,-16.428,-880.766
L115W,-16.405,544.762
I71L,-17.146,-874.361
R114G,-16.486,-872.942
Y131Q,-16.674,-872.342
Y213V,-17.122,-864.177
M21G,-17.098,-872.752
A148I,-16.181,-775.354
M193E,-16.487,-876.719
H129M,-16.231,-867.727
R203P,-17.405,65.211
V166P,-16.306,-116.229
M21V,-16.652,-869.369
A220E,-16.252,-47.01
A93I,-15.348,-270.784
N198Y,-16.593,-630.297
G235P,-16.122,-331.564
D33W,-16.559,-718.089
L182K,-16.405,-750.883
W168K,-16.263,-855.762
F174M,-16.235,-746.11
A37H,-16.228,-288.653
P234T,-16.231,-686.379
C156M,-17.615,-867.859
R108I,-16.532,-873.046
H68Q,-16.352,-877.942
M229S,-16.161,-876.596
P145N,-16.513,-867.64
A204V,-16.781,-861.641
A16N,-16.415,-859.079
R199I,-16.918,-874.366
T63R,-16.249,85.81
A148K,-16.724,-291.763
L89K,-16.423,-621.819
F57T,-16.201,-872.175
T165S,-16.907,-875.91
F261T,-17.619,-873.041
I127W,-16.232,-73.633
A93R,-16.589,768.259
D45I,-16.667,-769.291
H246L,-16.869,-867.717
E249A,-15.858,-865.188
E223R,-16.846,-160.32
F57D,-16.975,-872.828
A119G,-16.543,-877.86
Q2A,-16.2,-878.385
L260E,-15.832,-871.472
L137N,-16.252,-873.198
G259I,-15.465,-200.191
A218L,-16.536,-670.501
T165R,-16.648,102.736
M258Y,-16.122,190.925
R270D,-15.983,-875.438
E266W,-16.76,-870.36
M40W,-16.194,1168.186
R111Y,-16.37,-875.751
L182W,-16.198,-21.518
P232A,-16.211,-877.772
L78A,-16.372,-875.674
G268W,-16.976,156.222
T238E,-16.076,-720.563
A191K,-16.159,-97.324
I71Q,-16.109,-875.519
V133I,-16.797,-648.576
F97S,-16.37,-872.922
D207S,-15.899,-872.203
T22Y,-16.584,-68.106
A218C,-16.142,-870.045
L89M,-16.51,-731.056
M209H,-16.458,-245.655
G157W,-18.081,-875.9
A66N,-16.947,-857.116
A148Q,-16.386,-319.912
R270L,-16.223,-830.739
F150K,-17.61,-877.094
N151Q,-17.661,-876.215
L120E,-16.482,-814.555
Q80Y,-15.095,-874.26
G180W,-16.372,1433.499
G217Q,-16.657,142.758
Y5K,-16.427,-839.525
F62V,-16.573,-879.793
I263V,-16.907,-865.73
E134P,-16.36,1123.32
R224K,-16.889,-877.437
T22G,-16.21,-875.381
A50K,-16.321,-126.084
T139N,-16.304,-850.398
W51R,-16.791,-208.79
D45M,-16.868,-384.825
D54E,-15.97,-787.754
K88D,-17.157,-877.728
P200A,-16.248,-876.178
L81P,-15.985,801.147
A93W,-16.459,1125.622
K227D,-16.825,-877.685
E55R,-16.313,-832.991
G217C,-16.273,-747.531
G79R,-17.942,-879.231
E34G,-17.015,-876.114
Q236K,-16.587,-203.122
I219T,-16.672,-874.369
D118L,-16.734,-773.6
Y161W,-16.531,-683.453
F240V,-16.406,-805.387
A191H,-17.327,416.523
A225Y,-16.905,2493.88
I228E,-16.607,-867.548
L260F,-16.912,-157.494
D121Y,-16.339,-540.991
H3W,-16.165,-875.38
E147D,-16.261,-877.344
S58N,-16.859,-540.666
M40V,-16.706,-829.901
N167A,-16.69,-875.063
Y96K,-16.777,-866.357
L30I,-16.496,-801.553
T126W,-16.514,-551.629
T165V,-17.062,-873.819
K64Q,-16.41,-875.362
E215S,-17.139,-876.466
R172L,-16.453,-840.048
F152D,-17.325,-871.501
K231I,-16.835,-865.539
M21H,-16.204,-766.662
D87F,-16.489,-875.842
S75E,-15.958,-670.413
E215R,-16.333,-833.315
N198T,-15.986,-879.288
T252R,-16.313,-833.895
Y161V,-16.14,-857.68
A37G,-17.096,-876.871
R111E,-16.924,-870.575
D197F,-16.282,-613.391
E95D,-16.47,-877.956
H20M,-16.421,-865.169
L81G,-16.359,-872.443
F181W,-16.191,-196.923
L182V,-17.02,-751.58
R224F,-16.364,-873.695
I248Y,-18.349,-830.45
K92L,-16.204,-851.376
H20G,-16.128,-877.065
L136G,-16.686,-872.74
R111D,-15.779,-875.926
E19G,-16.174,-874.371
L9F,-16.344,-405.041
D49G,-16.531,-875.214
M271D,-17.164,-872.803
E215W,-15.901,-577.251
R224E,-16.614,-873.858
M21L,-16.738,-874.201
T4N,-16.792,-860.617
A100H,-16.416,685.603
F97T,-16.267,-838.468
W52D,-16.662,-873.31
D118N,-16.287,-875.113
A153Q,-15.162,-868.352
M10Y,-16.295,54.064
I248F,-17.758,-844.345
K227S,-16.401,-878.264
A204G,-16.219,-873.62
R140L,-16.472,-855.501
R255I,-16.169,-862.51
S202D,-16.151,-871.724
T165D,-16.144,-878.264
E201V,-16.496,-878.48
D190P,-16.777,-226.816
L237I,-16.428,-844.16
P6K,-16.461,-502.555
P232T,-16.697,-871.144
A29D,-16.471,-385.682
A69Q,-16.332,-786.158
F272E,-17.309,-870.626
L137P,-16.745,911.658
D105P,-16.505,-517.402
A50M,-16.58,-152.012
F146A,-16.596,-876.901
V194R,-16.333,-249.175
I42L,-16.024,-857.019
I99D,-16.072,-875.698
N167E,-16.508,-874.633
L170K,-16.446,-609.615
I23R,-16.265,-838.34
P154I,-16.545,-831.201
E132D,-16.336,-875.596
A7D,-15.996,-581.785
Q8G,-16.133,-877.715
D49K,-16.315,-847.838
A66D,-16.749,-864.518
G217H,-16.407,-291.809
G217V,-16.231,-538.856
T139L,-16.795,-498.938
T257F,-16.56,-108.303
R224G,-16.076,-877.15
E147W,-16.937,-529.816
L222T,-16.718,-866.787
P169N,-16.822,-873.148
N244M,-16.119,-714.146
D33N,-16.219,-879.433
T139W,-17.389,-849.113
G180K,-16.386,-176.441
I71E,-16.306,-874.28
Q2W,-16.189,-855.097
E47K,-16.267,-343.89
K227Q,-16.695,-878.988
R250D,-16.644,-872.909
T216S,-16.699,-877.71
H155T,-15.823,-878.102
D41C,-17.041,-878.297
D105L,-16.189,-872.255
F112K,-16.32,-685.866
E215K,-16.872,-862.388
L239E,-15.851,-873.762
D118W,-16.406,1199.7
L120W,-16.344,1367.647
A205F,-16.007,1793.169
A218F,-17.005,-655.696
D45W,-16.598,-825.462
A25F,-16.521,1482.333
L9A,-16.901,-875.206
T4Q,-17.15,-503.168
T110Y,-16.456,2048.411
G235L,-16.087,1011.335
C251D,-16.702,-874.769
A35F,-16.289,209.144
F12S,-16.8,-874.213
T216A,-16.047,-876.971
M258D,-16.303,-868.418
R17P,-16.553,954.375
E144G,-15.819,-873.834
D158P,-16.281,-28.379
E215L,-16.271,-879.201
M21Q,-16.736,-873.197
T139S,-16.556,-875.635
L260I,-16.672,-816.327
A35I,-16.066,-580.01
T183Y,-15.939,217.798
G13C,-16.121,-843.036
A119T,-16.54,-678.987
A37C,-16.95,-867.95
F272H,-16.217,-876.881
P6V,-16.211,-870.961
A32H,-16.87,128.348
A35S,-16.385,-870.33
L81Y,-16.451,-555.744
G128F,-15.907,881.186
C251Y,-16.956,-71.098
Y5S,-16.264,-874.392
T257L,-16.386,-219.187
V142M,-15.68,-95.451
S117K,-16.574,-310.843
M258C,-16.313,-874.298
L206W,-17.276,-821.357
L89D,-17.528,-870.927
Q241I,-16.456,-826.12
D158C,-16.883,-867.376
L182P,-16.987,198.845
G70M,-16.637,190.878
V90E,-16.115,-852.498
V113F,-16.576,-585.181
F62Q,-16.336,-876.639
A18C,-16.682,-869.132
A66P,-16.8,-872.619
E134H,-16.797,-872.901
G86F,-16.45,2.046
R256C,-16.472,-875.757
D121S,-16.243,-876.082
G180A,-16.411,-871.328
D118T,-16.647,-874.597
T238A,-16.571,-876.581
S60I,-16.994,-672.492
K92F,-16.203,-293.769
S91G,-16.471,-877.085
A100E,-16.377,120.367
T22A,-16.644,-874.677
D121V,-16.417,-875.6
A247H,-17.585,-875.589
G79V,-17.807,-877.207
T238C,-16.785,-872.759
S253G,-16.431,-876.71
G86S,-16.432,-858.312
T165A,-16.412,-878.361
F57I,-16.362,-867.223
D188L,-16.81,-764.099
F240I,-16.975,-848.229
E215I,-16.289,-876.041
K64E,-16.242,-872.271
F57M,-16.134,-665.991
G179W,-17.193,402.494
S253D,-16.737,-827.038
N189D,-16.347,-879.001
P200G,-16.367,-875.518
L136S,-15.841,-874.158
T139D,-16.912,-797.377
A218H,-16.748,-806.672
A15R,-16.846,166.244
R140N,-16.345,-873.567
R141L,-13.824,-874.752
G192A,-16.643,-832.749
D207M,-17.837,-812.119
W168L,-16.398,-826.916
P145R,-16.461,238.447
S59C,-16.734,-877.386
C251F,-16.418,-266.878
V133M,-16.474,-14.577
L260W,-16.433,1466.405
T265S,-17.019,-874.204
Q241K,-16.103,-801.367
D87P,-16.976,-511.534
P169D,-16.356,-873.943
D54M,-16.708,-42.138
R176D,-16.521,-873.57
P154C,-16.171,-868.893
N151D,-16.191,-880.138
T216R,-16.613,-480.014
K231G,-16.177,-873.079
L222M,-17.0,-864.737
E147R,-15.991,-830.378
R102W,-16.152,-868.679
F135C,-16.036,-875.427
Q233V,-16.684,-831.495
L182I,-16.081,-872.196
H264A,-16.202,-878.191
R172A,-16.618,-872.977
D118M,-16.621,-794.424
E95I,-16.518,-813.974
P175F,-16.486,-867.962
P175N,-16.876,-869.969
F57K,-16.181,-798.598
L115M,-16.258,-862.945
I263L,-16.383,-746.171
A138D,-16.298,-310.47
N244W,-16.561,-132.901
A225Q,-16.47,264.259
D36V,-16.033,-739.055
D273W,-17.008,-808.46
E147P,-16.198,997.645
A218T,-16.079,-867.315
E144M,-16.036,-872.694
Q177G,-17.116,-874.298
Y5P,-16.233,-468.964
L89H,-16.629,-869.83
L120D,-16.02,-872.258
M1T,-16.227,-876.13
S202F,-17.152,-158.456
I127T,-16.288,-876.801
G179Q,-16.378,62.589
T22P,-15.739,843.101
Q8T,-17.083,-863.518
A148L,-16.701,-784.513
R48S,-16.14,-873.55
L78Y,-17.614,-871.004
S91P,-16.42,-586.993
T216W,-16.106,2998.929
D105C,-16.928,-872.516
M193W,-17.422,242.496
F97K,-16.384,-792.018
W51K,-16.328,-669.59
D41F,-16.168,-606.964
D105Y,-16.846,-869.516
G180T,-16.37,-251.005
N244L,-16.389,-783.633
E147S,-16.543,-877.595
F146S,-16.285,-877.037
F57Q,-16.229,-869.739
F135Q,-15.788,-841.035
I38Q,-16.42,-831.443
V159L,-16.151,-730.195
R224M,-16.172,-877.271
D36S,-17.11,-872.177
V72D,-16.129,-876.27
I219D,-16.264,-844.835
L262N,-16.754,-869.749
R17Y,-16.361,-872.697
L182C,-16.766,-870.619
G106Q,-16.146,-732.219
V39M,-17.256,-48.18
R255G,-16.143,-872.406
M193V,-16.715,-875.113
A66V,-16.384,-846.173
P124Y,-16.486,-302.36
Y131I,-17.139,-875.476
M40H,-16.481,-617.292
W52N,-16.255,-875.45
A94S,-16.506,-868.465
A73E,-16.917,-445.604
A15D,-16.041,-862.371
D49V,-16.598,-875.117
D41W,-16.45,-799.234
V103A,-17.106,-875.528
F181I,-17.236,-859.005
I71V,-16.797,-876.443
I219V,-15.901,-748.9
Q177M,-16.774,-822.071
N151S,-17.101,-873.997
G70R,-16.756,518.043
G86M,-16.973,-33.472
F112R,-16.334,80.879
K123G,-16.111,-877.083
W52Q,-15.711,-867.336
T63Y,-16.163,-826.676
C156V,-16.432,-873.417
P149K,-17.25,-720.684
L107P,-16.306,822.08
T74S,-16.934,-876.455
E34A,-16.637,-875.256
V166Y,-16.198,-875.719
L9P,-16.052,-582.222
L120F,-16.043,-40.684
F12N,-16.347,-876.112
T63N,-16.37,-875.69
E215V,-16.666,-877.653
D53K,-16.499,-861.921
R102M,-16.374,-875.692
M10G,-16.34,-875.311
A25W,-16.815,1731.437
A25K,-17.452,136.732
H264K,-16.757,-868.735
T74L,-17.582,-878.737
V194G,-16.782,-872.315
R214W,-18.144,29.589
V142F,-16.416,-603.488
R214H,-16.893,-860.737
L245W,-16.192,-714.064
G128P,-16.36,-382.178
V90D,-16.249,-877.092
P61Q,-16.373,-835.228
E201H,-17.113,-874.902
T254Y,-16.433,-875.865
R11P,-16.631,867.462
V142C,-15.813,-874.033
P44R,-16.398,176.942
G106N,-16.648,-843.27
M271Y,-16.578,-208.467
Y143N,-14.262,-873.983
M229P,-16.147,-114.962
R114L,-16.31,-875.863
D105A,-16.472,-877.071
A7S,-16.111,-868.227
I263S,-16.449,-870.427
G268Q,-16.596,719.816
G86E,-16.49,42.098
K92M,-16.556,-873.905
D130N,-16.394,-873.924
L182T,-16.769,-869.453
L260V,-16.938,-867.391
S59H,-16.525,-875.176
M10E,-16.265,-877.871
D207C,-17.309,-871.951
F240C,-16.316,-873.967
R111W,-16.341,-871.299
E34W,-16.581,-771.866
F261G,-16.251,-877.811
L178I,-16.374,-868.283
M10S,-16.431,-877.898
A37F,-15.982,189.321
E19M,-16.4,-869.283
V72H,-17.161,-876.996
R140D,-16.636,-869.984
H68W,-16.728,-875.564
Q177K,-16.581,-838.758
D158G,-17.328,-866.816
L170E,-17.084,-855.448
P149Y,-17.646,-869.944
M193F,-17.242,-313.925
A25G,-16.183,-877.402
L222Q,-16.48,-867.436
T14N,-16.381,-873.797
V103T,-15.831,-865.286
I219L,-16.341,-874.432
E266R,-16.926,-852.715
R255P,-16.406,1206.675
A247T,-17.537,-876.012
L230A,-15.708,-874.447
I99Q,-16.696,-873.642
S75M,-16.883,-857.433
H246E,-16.628,-853.911
L237F,-16.86,-104.999
Q2C,-16.565,-876.81
Q82R,-17.632,-876.18
E84F,-16.665,-495.646
Y161T,-16.418,-772.429
R11S,-16.671,-873.399
K88R,-16.75,-878.956
H264E,-16.118,-877.231
D188S,-16.553,-874.746
A138W,-16.418,3102.38
E84V,-16.381,-796.466
V113H,-16.397,-823.704
A122I,-16.64,-538.346
G186R,-17.424,484.852
M1G,-16.489,-879.246
M258N,-16.427,-866.209
I219C,-16.875,-872.659
R141C,-13.238,-870.349
A211T,-17.711,-867.92
A211N,-16.459,-791.374
W168V,-16.358,-772.17
K171L,-16.457,-879.178
V43S,-16.442,-873.765
G180D,-16.544,-748.734
L89Q,-16.149,-869.875
F62G,-15.892,-878.952
C251I,-16.223,-727.248
T252F,-16.889,732.561
E201Q,-16.501,-876.11
D190H,-16.243,-863.217
I27K,-17.101,-649.861
L206Q,-16.661,-869.315
R83V,-16.798,-863.826
N198E,-16.739,-740.21
S75L,-16.764,-766.974
T252I,-16.203,-811.022
M10W,-16.567,1504.187
L206Y,-17.113,-832.114
S242P,-16.203,557.9
T74P,-17.214,-556.539
E34H,-16.249,-877.955
A32K,-16.34,186.491
A29S,-16.378,-860.925
E55N,-16.987,-874.212
E134Y,-16.385,-859.132
D54S,-16.889,-871.488
G56Q,-16.787,281.745
G157A,-17.134,-878.406
T63C,-16.147,-876.269
D33G,-16.154,-879.17
S202T,-16.44,-870.591
T265A,-17.796,-876.807
F152G,-16.644,-872.423
G186M,-16.92,51.029
V159K,-16.095,75.213
D164K,-16.718,-150.936
E208P,-16.438,1070.283
L30N,-16.367,-873.518
I23Y,-16.678,-728.673
I27S,-16.552,-870.452
G79W,-18.272,-876.92
F57E,-16.664,-871.687
P232D,-16.418,-866.806
G106I,-16.783,-808.707
S160E,-16.445,47.63
F97Y,-16.423,-880.022
D188M,-15.736,-831.293
L30D,-16.389,-872.587
Q233T,-16.233,-855.513
S60P,-16.468,-278.413
P200W,-16.584,262.02
Q8N,-16.293,-864.403
D45A,-16.34,-874.717
L262A,-16.551,-874.284
S117R,-16.074,146.705
F146L,-16.05,-869.952
L262T,-16.478,-789.301
D33I,-16.702,-872.482
V159R,-16.454,436.167
H155C,-15.653,-874.208
K227G,-16.5,-875.556
G235H,-16.273,1408.252
H68N,-17.128,-877.369
F12A,-16.326,-872.972
E223W,-16.847,-836.457
S59L,-16.378,-866.531
G31L,-16.765,-277.76
V43L,-16.923,-455.815
L222P,-16.717,1033.133
G31W,-16.981,1136.026
A205W,-16.588,3823.348
A16K,-16.915,-473.818
L222F,-16.584,-844.13
P175V,-16.205,-874.936
G186T,-16.143,-847.805
K88T,-16.665,-859.998
Y5D,-16.655,-870.71
I38S,-16.394,-873.206
K171E,-16.493,-878.825
Q185N,-16.578,-866.186
P149C,-16.36,-875.8
L120M,-16.616,-834.427
E55T,-17.015,-812.628
S75C,-17.04,-875.719
A100F,-16.707,1495.293
W168F,-16.217,-800.866
E55G,-16.24,-877.544
E95Y,-16.581,-709.215
N244P,-16.005,-435.228
F272S,-16.555,-873.83
D49E,-15.767,-870.686
D33A,-16.844,-874.814
I27Y,-16.266,-530.983
Y143M,-15.707,-876.851
W52K,-16.145,-757.678
W168A,-16.296,-873.058
A37K,-16.968,-166.617
D188T,-16.769,-876.117
E249I,-16.251,-870.93
P145K,-16.316,-465.15
G179K,-17.559,-360.256
E55K,-16.582,-846.45
H210W,-16.527,-872.801
S160G,-16.145,-876.869
I248S,-16.818,-875.809
F272V,-16.365,-792.719
G192W,-16.469,2955.996
P154H,-16.185,-865.058
W52V,-16.543,-687.478
Y143G,-14.163,-874.202
C156L,-17.178,-871.698
N167P,-16.545,167.445
D158A,-16.524,-871.016
T74D,-17.613,-876.709
M195Q,-16.917,-872.314
R48C,-16.891,-872.166
K243W,-16.773,-121.542
T183K,-15.575,-530.072
R141V,-13.089,-869.964
G70S,-16.344,-857.53
Q177I,-16.228,-868.637
L107T,-16.773,-813.95
L222H,-16.442,-866.143
F152V,-17.837,-870.326
D36N,-16.37,-878.12
Y161G,-15.878,-871.322
E144V,-16.015,-619.682
T257E,-16.07,-122.455
E95V,-16.331,-878.385
D164G,-16.877,-869.745
F57L,-16.419,-869.18
A16T,-16.907,-579.077
F97Q,-15.983,-864.328
T77K,-15.587,-878.237
N167V,-16.691,-751.333
D207K,-17.788,-824.33
Y5C,-16.244,-872.595
K243S,-16.56,-878.256
F97H,-16.292,-876.536
F181P,-16.241,538.591
G128A,-16.46,-878.079
E84G,-16.43,-875.389
V76G,-16.599,-872.173
T216K,-16.432,-510.407
C156D,-15.982,-875.236
F174Y,-16.735,-878.492
L262F,-15.947,-567.262
P200H,-16.212,-855.554
H68S,-16.379,-875.957
I38P,-16.342,870.067
A247S,-17.557,-875.855
R250M,-16.389,-871.492
A119Q,-16.413,-242.624
F240K,-16.477,-611.789
A122H,-15.913,-371.647
T257Y,-17.27,-718.918
A204E,-16.411,-749.565
T74F,-17.406,-876.176
S202I,-16.411,-862.351
G162W,-16.612,2992.776
A73L,-16.359,-828.344
R172M,-16.75,-874.824
G46A,-16.519,-876.078
A73M,-16.59,-111.543
Q241Y,-16.249,-769.064
L262W,-16.74,327.986
W51L,-16.104,-855.947
S202M,-16.684,-867.992
D188W,-16.287,-874.775
E212Y,-16.86,-832.221
E266M,-16.245,-847.875
N189M,-16.414,-870.234
E223K,-16.984,-858.746
R256A,-16.939,-871.882
F116V,-16.467,-842.081
D49T,-16.299,-878.569
T216F,-16.178,956.757
P44K,-16.79,-541.697
D267R,-15.852,-853.381
S60N,-16.713,-870.628
S59F,-16.451,-825.468
P175E,-15.922,-854.456
V159W,-16.517,1257.408
E266C,-16.518,-875.943
V166H,-16.283,-875.615
V166C,-17.174,-875.928
A69Y,-16.561,-857.605
R199F,-16.398,-544.815
G192T,-16.846,-112.67
F116D,-16.649,-874.098
D164R,-16.955,720.921
M21T,-16.325,-837.09
F146D,-16.397,-878.89
I71S,-16.556,-875.754
Y131K,-16.614,-865.485
G46R,-16.573,30.73
R114I,-16.284,-847.225
A119K,-16.333,-280.571
K227N,-16.319,-878.453
D121H,-16.221,-665.994
R114N,-16.971,-859.442
R11V,-16.442,-712.87
W269I,-16.876,-857.699
A221S,-15.901,-870.349
F57S,-15.859,-874.0
M258R,-16.44,-424.134
K243D,-16.246,-876.211
C156W,-17.2,-677.592
A94T,-16.485,-859.361
I99M,-16.521,-867.93
G128T,-16.756,-864.771
S59G,-16.462,-876.822
F116Q,-16.552,-872.11
T77S,-16.598,-875.243
M10H,-16.312,-755.027
D118P,-17.099,-495.467
A35T,-16.649,-852.055
G31C,-15.804,-855.336
H129E,-15.878,-876.415
D267I,-16.479,-827.12
N167D,-16.445,-875.38
F272N,-16.942,-871.822
T77L,-14.308,-872.042
D53I,-16.323,-875.188
R199S,-16.082,-875.726
F135V,-16.261,-854.751
G259H,-16.889,-784.426
T257N,-16.853,-722.159
I27R,-15.999,-76.223
G217N,-16.372,-467.603
Y143E,-14.188,-871.781
M1V,-16.912,-876.832
H20Y,-16.453,-878.891
E84R,-15.883,-633.03
E19C,-16.433,-876.525
L78E,-16.791,-871.936
H20R,-16.862,-858.011
S91L,-16.259,-724.493
K123M,-16.664,-873.855
M258V,-17.482,-872.29
L230C,-16.815,-872.143
Y143K,-15.566,-871.418
R83M,-16.835,-875.195
L262I,-16.314,-791.075
I23E,-15.908,-874.04
V194C,-16.49,-877.056
F62D,-16.241,-878.359
R141E,-13.43,-873.12
M209W,-16.168,1272.373
G179L,-17.017,820.487
E19R,-16.718,-643.992
D130H,-16.353,-872.694
A93M,-16.676,35.26
S117E,-16.988,-380.087
T126P,-16.326,1347.969
I219W,-17.556,2223.541
D33K,-16.432,-873.189
G162I,-16.09,247.392
I42R,-16.865,-503.125
S75A,-17.167,-875.222
E215A,-16.18,-877.778
A35Y,-16.127,383.621
D53P,-17.019,-266.17
D41G,-16.561,-874.434
L137K,-16.53,-838.065
D121C,-16.562,-875.099
G217F,-15.841,-148.816
A220N,-16.63,-682.528
A15S,-16.389,-870.46
I127A,-17.359,-873.046
A93Q,-16.524,154.131
T4D,-17.164,-866.254
T22E,-16.36,-872.835
I23N,-16.418,-874.101
F116A,-16.179,-874.834
E147V,-16.805,-875.756
M40N,-16.844,-869.395
T109P,-16.748,-455.128
M258K,-16.44,-851.229
F240Y,-16.595,-877.351
C251A,-16.671,-876.167
K123D,-17.024,-874.69
L115F,-16.599,-285.166
D49N,-15.944,-878.807
F261A,-16.166,-876.604
A221R,-16.399,293.646
I42H,-16.354,-586.616
Q236T,-16.637,-836.058
F57N,-16.802,-872.235
W51S,-16.267,-873.415
F135T,-16.201,-788.749
E208C,-16.54,-878.24
M193G,-16.127,-872.836
E144W,-16.01,-387.616
G179A,-16.847,-832.439
Y5G,-15.765,-871.133
G162A,-16.67,-825.86
L115V,-16.457,-771.387
L230Q,-15.636,-866.369
G180H,-16.096,-612.42
W52R,-16.509,-579.543
D118H,-16.851,-844.836
A205G,-17.174,-874.079
G56T,-16.699,-250.886
A50W,-16.921,172.565
R176T,-16.672,-872.776
P175H,-16.696,-870.893
H264G,-16.462,-874.546
V76F,-15.255,-603.787
I228C,-16.353,-874.279
R163W,-16.854,-847.549
H67I,-16.294,-875.055
G268Y,-16.775,382.234
T110I,-16.24,-236.793
T14P,-16.877,381.768
G268L,-16.157,784.843
L136F,-16.075,-809.331
I23D,-16.679,-872.119
A205V,-16.802,-675.212
W269H,-16.437,-876.424
H155V,-15.873,-871.087
N151R,-17.53,-878.353
V142R,-17.185,-876.533
T252E,-16.404,-738.879
G192N,-16.329,-243.145
F174V,-16.463,-807.294
F272T,-16.105,-754.741
R11K,-16.619,-865.441
T14E,-16.064,-732.609
E34D,-16.472,-877.097
A220W,-16.78,-48.273
E212N,-16.278,-875.67
I263M,-16.354,-608.525
M209S,-16.218,-875.674
N104I,-16.358,-791.658
N151I,-17.246,-878.341
A187Q,-16.417,-618.945
Y131N,-16.389,-878.464
S117A,-16.626,-876.469
A187M,-16.286,-282.637
Q80I,-13.897,-877.407
V159Y,-16.462,412.095
L115G,-16.687,-874.618
A26W,-16.594,2363.643
P124L,-16.208,-813.284
G180N,-16.227,-686.622
L206E,-16.671,-875.798
R172S,-16.599,-872.646
Q236W,-16.368,-805.657
T238Y,-16.809,-142.238
E47N,-16.104,-874.025
A122F,-16.997,69.172
S91N,-16.726,-874.737
L78S,-16.209,-875.016
F261I,-16.635,-870.173
V133T,-16.076,-794.814
L170D,-16.829,-873.148
H210N,-17.635,-875.765
V39F,-16.167,561.591
G79P,-16.173,-873.253
A73H,-16.491,413.376
I27N,-16.529,-864.203
D207L,-17.378,-798.043
V103S,-16.499,-879.378
R203S,-17.143,-869.85
E134S,-16.589,-872.131
V103P,-16.696,-256.031
H68L,-16.779,-872.65
A66R,-16.532,7.636
G46C,-17.17,-855.559
D45E,-16.398,-748.577
L78R,-17.282,-873.527
D130Y,-16.627,-877.086
I248R,-17.835,-856.823
F272G,-16.29,-873.86
L230M,-16.687,-555.993
A16W,-17.146,-236.95
F152Y,-16.336,-877.872
M40Y,-16.948,156.899
F116M,-16.353,-773.461
G217D,-16.418,-400.266
S58F,-16.362,674.814
D188P,-16.564,-530.604
F62N,-16.413,-878.682
R102Y,-16.157,-875.389
D33V,-17.08,-791.647
H3Q,-17.019,-875.275
I228K,-16.837,-858.871
L260R,-17.283,37.797
V166F,-16.326,-876.177
T183R,-16.095,-174.185
A220V,-17.121,-803.367
R114C,-16.198,-875.836
L136Q,-15.504,-873.939
H210K,-17.467,-876.245
Y5W,-15.864,-876.043
A205L,-17.079,258.315
K123P,-17.374,-146.59
F152C,-15.859,-873.724
Y131M,-16.371,-872.982
P154Q,-17.497,-872.09
V39I,-16.591,-754.788
R11Y,-16.35,211.336
V113T,-16.506,-670.558
A138T,-16.439,-781.183
Q8I,-17.162,-862.482
P124H,-16.331,-841.109
M193A,-16.192,-875.174
V103H,-16.425,-772.101
A153W,-17.122,-863.632
P44Q,-17.422,-830.665
R111L,-16.57,-875.66
F97G,-16.884,-872.491
Y96T,-16.11,-749.277
H67F,-16.178,-837.056
A18I,-15.69,-834.696
A93H,-16.477,621.012
E144S,-16.861,-876.696
T74N,-17.153,-876.846
M229G,-16.597,-878.146
A122Y,-16.882,101.804
G157F,-18.045,-873.96
A7I,-16.37,-422.876
H264W,-16.154,-527.431
L125T,-17.234,-804.817
E144R,-16.609,-756.535
F261P,-16.971,-412.859
M209Q,-16.603,-877.554
W168Y,-16.899,-739.884
G180Q,-16.585,-390.857
A93F,-16.43,1155.196
N151V,-17.292,-878.556
P61H,-17.323,-870.959
A24N,-17.231,-79.73
V142E,-16.936,-669.534
A148D,-16.214,-856.79
P44A,-16.752,-874.186
T257D,-16.713,-707.668
E19F,-16.35,-111.995
M258H,-17.065,-595.771
Y5H,-16.746,-874.83
R256E,-16.539,-869.781
D105M,-16.574,-420.981
P234N,-16.447,-869.97
D105W,-16.676,-870.844
V103F,-16.27,-565.906
T254M,-16.176,-858.235
V159I,-16.353,-581.244
L237P,-16.996,134.998
P169G,-16.579,-876.174
Y96C,-16.689,-869.767
A29F,-16.221,1842.699
P44G,-16.184,-875.109
F135M,-16.338,-443.818
P169C,-16.281,-871.346
F152H,-16.537,-878.394
M195W,-16.805,1291.162
I23M,-15.856,-868.026
S91Y,-16.825,-754.925
A187T,-16.004,-825.19
E132Y,-16.491,469.517
A50G,-15.656,-876.065
P232V,-17.076,-826.104
N189Q,-17.184,-869.898
G217R,-16.354,413.777
A225W,-16.303,4245.628
F57P,-16.196,-489.549
R140M,-16.324,-869.385
A221P,-15.88,-715.848
S75G,-16.742,-875.129
L260G,-16.405,-874.188
H3I,-16.486,-877.855
K171Q,-16.481,-874.5
A218P,-16.399,-700.226
N189F,-15.835,-874.625
L230V,-16.532,-758.886
E215Y,-16.381,-869.143
W168N,-16.326,-872.727
R203T,-17.201,-868.535
T63I,-16.331,-862.645
G106A,-16.492,-850.475
H246V,-16.887,-864.937
F150R,-17.602,-876.515
T165N,-16.503,-874.161
P44N,-16.063,-873.493
P61W,-16.142,-871.651
Y131S,-16.71,-874.851
Q233A,-16.056,-874.215
G13R,-16.863,284.075
A204P,-16.521,-726.901
I228R,-17.366,-609.127
F135G,-16.651,-870.856
L206C,-16.244,-874.63
L170W,-16.867,1182.919
F181M,-16.422,-758.172
M271I,-16.396,-868.715
R203E,-16.673,-874.918
P169Y,-17.071,-855.269
G106F,-17.211,-222.443
C101F,-16.444,-14.315
V103I,-16.59,-665.465
G70A,-16.522,-872.504
V194I,-16.473,-803.913
I248E,-17.291,-874.33
V72K,-16.718,-643.16
R114H,-16.038,-751.948
A191Q,-16.581,-86.729
R11D,-16.513,-867.145
E212A,-16.31,-876.75
D130F,-17.123,-873.955
A247C,-17.563,-878.548
F12Y,-16.203,-877.49
H155K,-17.023,-870.986
A94Y,-16.404,1127.755
S58G,-16.036,-876.569
A35H,-17.647,-381.206
G180Y,-16.643,126.121
G79S,-17.511,-876.807
R11E,-16.594,-873.809
Q80L,-15.24,-874.591
E132P,-16.851,1143.714
C101T,-16.108,-878.164
L9T,-15.52,-860.797
K123Q,-16.147,-876.123
K64L,-17.523,-871.074
E19V,-16.214,-803.261
M1F,-16.387,-879.106
M229R,-16.618,-870.304
T74M,-17.143,-875.35
F62L,-16.296,-873.214
T238Q,-16.508,-736.537
G79K,-17.776,-875.717
L115T,-16.887,-780.601
R83N,-16.5,-876.467
A205I,-16.781,-301.298
H210D,-16.396,-879.755
F261R,-16.508,90.994
D158K,-16.331,-179.648
L222I,-17.147,-868.349
L245K,-16.414,-701.647
M195Y,-16.224,365.363
P149V,-16.913,-667.989
I184D,-16.446,-874.989
R11G,-16.338,-874.473
R172D,-17.284,-870.354
N244G,-16.316,-877.244
V90T,-16.401,-872.61
E215H,-16.743,-874.424
R17M,-16.687,-874.763
T126D,-16.613,-779.342
A26P,-16.421,-658.494
E144K,-16.303,-870.928
D273Q,-17.169,-869.063
A32C,-16.291,-810.485
R83L,-16.07,-875.644
R176Q,-16.134,-876.349
I42Q,-16.558,-858.372
E55W,-16.356,-700.928
M209A,-17.285,-874.796
S60F,-16.284,-555.393
A225V,-15.832,-676.34
D197P,-15.89,-115.292
D36Y,-15.947,-810.157
E215G,-16.441,-878.437
A18Q,-16.959,-766.198
A32I,-15.985,-192.029
P154R,-17.71,-864.204
T14Y,-16.314,-839.822
M195N,-16.259,-871.746
R214N,-16.755,-871.64
E201M,-16.064,-874.461
P124N,-16.404,-871.905
A15Q,-16.491,-693.014
L239R,-16.669,-219.233
M229N,-16.899,-876.78
G46V,-16.477,-865.833
R163C,-16.909,-871.297
A66Y,-16.832,-857.395
A25E,-16.567,-29.577
Q8H,-16.231,-510.991
R163T,-17.116,-870.164
L170I,-16.52,-871.345
G28I,-17.138,-205.468
R17S,-16.167,-876.48
Y143A,-14.306,-874.496
D87A,-16.451,-878.504
H3K,-16.265,-651.405
S202P,-16.515,-94.324
F12D,-16.058,-873.309
T14S,-15.698,-875.817
M40F,-16.363,-24.998
H264Q,-16.583,-876.923
L78D,-16.215,-874.025
V142D,-16.328,-872.605
D267H,-16.579,-876.171
G157L,-17.272,-854.905
W269E,-16.884,-871.809
R102D,-16.901,-872.638
L115H,-16.329,-770.766
I248W,-17.163,-804.41
V142N,-16.572,-868.651
M229H,-16.267,-773.252
I228T,-16.559,-875.221
I184V,-16.101,-813.272
M1A,-16.998,-875.809
E95R,-16.21,-777.382
E215D,-16.766,-876.02
I38G,-16.464,-872.013
F116H,-17.114,-873.268
V133N,-16.295,-872.982
T14V,-16.051,-874.407
N167Q,-16.402,-874.112
M258Q,-16.716,-871.557
F97M,-17.356,-808.345
P145M,-16.401,-383.128
V90S,-16.964,-874.983
A16L,-16.13,-687.184
A100L,-17.131,16.599
A94D,-16.29,-750.98
H3P,-16.973,107.761
R256S,-15.975,-872.856
H155Y,-16.608,-871.718
D36M,-16.792,-858.989
E95G,-16.541,-873.698
Q185F,-16.405,-661.101
N244K,-16.366,-746.593
Q85C,-16.684,-873.805
V72E,-16.06,-850.648
E134Q,-16.877,-857.656
A191C,-16.338,-776.749
I99R,-16.579,-864.808
T109N,-16.038,-764.395
D49L,-16.186,-874.367
R108M,-15.621,-872.652
I184W,-16.986,1096.299
T4A,-16.116,-877.354
D267C,-16.008,-876.683
I127E,-16.239,-871.325
D164C,-16.449,-871.394
F150L,-17.185,-878.148
Q80D,-14.947,-877.028
K227F,-16.378,-873.65
A122C,-16.907,-859.135
L125S,-16.193,-873.065
M195I,-16.653,-857.172
R255T,-16.325,-867.119
P44Y,-16.917,-406.222
K64S,-16.877,-873.676
G86C,-16.371,-854.523
L182F,-16.045,-804.683
W269R,-16.276,-855.454
E34F,-16.457,-872.473
H129Y,-16.231,-877.681
P234L,-16.387,-869.997
R256G,-16.218,-872.073
D105F,-15.729,-869.346
Y213N,-17.024,-871.511
D118Q,-16.244,-869.401
E144P,-16.619,896.416
G162H,-16.73,881.065
T74C,-17.458,-875.884
G46T,-16.478,-867.098
A37N,-16.613,-759.494
K92H,-16.205,-859.493
H129C,-15.889,-876.758
F146M,-16.178,-622.026
T254H,-16.341,-875.082
A94N,-16.297,-723.96
P154N,-16.581,-866.254
V166T,-16.855,-847.515
Y131C,-16.495,-874.975
A29H,-15.607,1151.773
P124C,-15.99,-870.602
Q82P,-16.244,1007.962
N167C,-17.066,-873.005
M40Q,-16.235,-874.23
H3C,-16.451,-881.201
V90R,-16.418,-355.618
D188G,-16.817,-875.567
N151K,-17.545,-878.084
T183G,-16.59,-873.784
R48P,-16.293,1051.355
L230D,-16.676,-873.01
S160N,-16.301,-773.927
S253T,-16.307,-838.211
S60V,-16.618,-832.974
R114V,-16.589,-837.477
R172V,-16.098,-875.895
W196T,-17.039,-834.306
S253V,-16.156,-841.893
V76L,-16.428,-806.839
L170N,-17.001,-872.23
K227W,-15.791,-861.146
A25R,-16.988,759.53
A15W,-16.409,-855.713
G86V,-16.264,-595.027
D36R,-16.814,-855.263
P175A,-16.446,-876.424
S253E,-17.082,-782.217
M193H,-17.035,-760.437
I23P,-17.09,127.046
N104L,-16.335,-652.206
E266I,-16.156,-875.763
I263G,-16.541,-870.477
L89V,-17.03,-815.982
K88V,-15.601,-849.559
D87R,-16.626,-625.921
R256N,-16.354,-873.781
A226I,-16.044,-847.901
G162V,-15.967,-238.155
H155F,-17.379,-870.315
G79I,-18.453,-879.455
A18W,-16.881,-847.94
L206G,-16.393,-873.743
A32Q,-16.883,310.515
I23G,-16.193,-873.047
L137A,-16.265,-876.47
Y131A,-16.699,-874.642
E266G,-17.211,-873.554
G179I,-16.378,-217.626
Q241H,-16.377,-874.023
G46W,-16.03,-859.825
T74R,-17.462,-880.939
A16H,-16.538,-853.082
E132M,-16.003,-874.436
H68D,-16.4,-877.505
T265N,-17.248,-797.679
L239F,-16.262,-415.025
S173K,-16.877,211.463
R48V,-16.346,-874.512
A148F,-17.432,269.621
T74Y,-17.493,-875.674
N244H,-17.38,-736.018
V39H,-16.248,-303.677
H264D,-16.411,-878.168
E208K,-15.844,-863.752
R141N,-13.127,-864.554
A138V,-16.413,-538.678
A24F,-16.567,2214.456
G259F,-16.484,-594.695
G31M,-16.409,-94.685
L237W,-16.57,605.842
A218S,-16.587,-872.473
G56L,-16.403,736.839
L125V,-15.902,-838.354
K231P,-16.492,69.184
L30E,-16.683,-871.589
W168D,-16.376,-874.605
Y213S,-17.361,-873.382
P175W,-16.528,-867.502
F240A,-16.707,-872.169
W168S,-16.58,-871.166
D105Q,-15.849,-856.492
R108Q,-16.157,-874.057
A50T,-16.785,-862.747
C101K,-16.589,-252.764
Y161L,-15.842,-751.625
L170P,-16.313,900.194
F152R,-17.898,-868.31
F261H,-16.309,-878.376
N65G,-16.804,-877.849
A35D,-16.524,-820.92
T4S,-16.301,-878.683
N198W,-16.493,-785.204
A226Q,-16.205,-792.396
D45V,-16.446,-872.505
F146Q,-16.152,-866.301
H246F,-16.524,-798.983
D41Q,-16.23,-707.595
R176E,-16.677,-874.331
E266H,-15.775,-872.54
A138K,-16.309,67.172
G79A,-16.828,-875.617
I38N,-16.352,-865.59
M1Q,-16.444,-879.3
V159S,-16.708,-872.505
D197E,-16.342,-786.543
I248H,-17.5,-865.585
A66L,-16.376,-860.446
R270Y,-16.825,-852.634
T77E,-14.248,-874.733
T14D,-16.635,-874.441
P200L,-16.59,-489.384
E215T,-16.355,-878.288
A153Y,-15.164,-872.198
V43I,-16.421,-588.873
H3Y,-16.5,-879.62
G162T,-16.515,-312.04
F272W,-16.716,-228.699
M10F,-16.332,-239.565
A221C,-16.684,-866.501
V39R,-16.544,-43.287
L137G,-16.834,-874.35
G128Q,-17.009,717.74
L89F,-16.461,-850.797
L30K,-16.169,-558.167
R111T,-16.739,-802.843
W52C,-16.075,-873.414
P232W,-16.875,562.682
Q185E,-16.457,-878.559
P145Q,-16.165,-848.679
Y143D,-14.562,-876.408
H264V,-16.779,-765.907
K231Y,-16.758,-872.664
A191V,-16.312,-751.253
F12E,-16.864,-866.506
H155L,-15.931,-873.995
S202L,-16.458,-594.164
Q233D,-15.986,-874.831
E223Q,-17.377,-876.106
N65L,-16.339,-860.665
T110L,-16.827,-1.069
N151H,-16.326,-880.699
A204R,-17.33,295.99
L237C,-16.35,-874.25
Q85M,-16.354,-878.687
G186F,-16.8,678.284
G28D,-16.745,-557.276
A247L,-17.684,-872.022
P6A,-17.075,-873.09
G46I,-16.143,-865.976
G106T,-16.59,-844.116
E84L,-15.85,-863.835
G106W,-16.338,1197.229
P145H,-16.732,-868.083
E47H,-16.186,-876.225
V142Y,-16.437,-760.672
F116N,-16.416,-877.19
D190Y,-16.356,-614.969
D33M,-16.602,-857.73
A73N,-16.998,-718.692
S160C,-16.305,-873.123
E134M,-16.262,-804.26
L239M,-16.147,-841.901
G217W,-16.793,-252.156
I23C,-16.553,-872.33
K243P,-16.736,1181.88
Q233R,-16.624,-845.144
L9V,-16.724,-854.345
P149A,-16.591,-875.965
A29Q,-16.281,277.381
R256K,-15.948,-873.302
I27E,-15.897,-869.924
D190K,-16.489,-863.854
I42A,-16.399,-874.52
E84Q,-16.32,-875.305
T183S,-16.916,-875.397
C156T,-16.239,-871.367
R108F,-16.517,-357.179
A35V,-15.765,-816.64
P200F,-16.465,-726.778
G179S,-16.965,-809.721
R270P,-16.384,43.38
L136H,-16.618,-867.736
Q80N,-14.725,-874.692
T257M,-16.41,-53.412
A191F,-16.165,821.896
S75N,-16.037,-872.575
G268I,-16.421,399.531
V39L,-16.602,-800.247
W51Q,-16.408,-804.188
D36H,-16.62,-874.914
A247N,-17.123,-875.579
A119L,-16.547,-515.35
M1W,-16.698,-873.52
K88S,-16.88,-874.249
I38L,-16.436,-809.713
D273I,-16.774,-866.228
P6S,-16.136,-872.52
H210I,-17.574,-841.412
C101L,-16.413,-698.21
A122G,-16.203,-877.609
L107V,-16.432,-767.732
G13V,-16.788,-700.342
D267G,-16.646,-877.381
W196R,-16.357,-694.971
K171P,-16.32,927.611
N244F,-15.944,96.193
S173N,-16.705,-780.451
L206R,-17.446,-873.521
P6C,-16.343,-870.727
P169L,-16.333,-861.793
L262K,-17.293,-861.277
E132G,-16.148,-875.912
T265K,-16.324,-300.424
N104C,-16.172,-871.815
V39E,-16.699,-583.022
R140V,-16.318,-874.356
T252K,-16.973,-837.383
R203H,-16.532,-862.932
F57H,-16.396,-878.212
P169K,-16.84,-463.63
T238L,-16.133,-480.927
S202N,-16.493,-869.992
S59I,-17.054,-783.324
P124F,-16.605,-388.072
T110A,-16.452,-877.796
W196Y,-16.627,-880.759
D41E,-16.797,-721.734
G235Y,-16.378,1826.449
T257H,-16.524,-813.664
G186H,-16.466,574.685
Q233E,-16.169,-873.734
S117D,-17.437,-764.2
M195A,-16.026,-875.332
A138N,-16.79,-219.503
E249T,-16.442,-870.935
R108L,-16.233,-843.025
L230G,-16.888,-874.39
V72P,-17.027,-506.091
H20A,-16.381,-877.391
R270T,-16.577,-844.015
G217M,-16.243,132.535
M193K,-16.535,-840.788
D190A,-16.525,-877.995
I219Q,-16.411,-864.743
H20E,-16.475,-877.699
F116L,-16.503,-741.264
L170F,-16.844,-41.819
T216M,-16.592,-660.803
R224I,-16.271,-875.538
Y161H,-16.542,-871.175
G268T,-16.43,-673.635
R256H,-16.389,-770.42
I27M,-17.147,-546.295
A24V,-16.183,-604.156
E34N,-16.425,-877.46
W52A,-16.451,-877.37
D121A,-16.85,-875.539
L245S,-16.671,-870.734
E34I,-16.452,-878.896
Q233I,-16.552,-856.293
H20L,-16.292,-876.343
D273L,-15.769,-856.666
L125F,-16.441,-822.915
A204K,-15.93,-340.348
H210A,-17.459,-876.387
G106E,-17.015,-714.031
A226Y,-16.537,-856.917
W51Y,-16.673,-851.97
L125Y,-16.292,-763.809
D41P,-16.363,-576.378
Y5A,-16.242,-875.457
S253P,-16.633,1242.039
D33Y,-17.833,-873.434
D45N,-17.0,-874.483
Q233S,-17.229,-875.062
E134C,-16.364,-875.714
A50Y,-16.317,734.789
P145V,-16.915,-870.676
R102I,-16.815,-860.684
Q85Y,-17.125,657.379
K171M,-16.961,-873.915
Q82M,-17.023,-835.303
P145Y,-16.345,-860.358
L107A,-16.188,-873.573
T165Y,-16.153,-875.747
S160K,-16.813,-132.968
P61V,-16.982,-871.006
N244R,-16.19,-353.022
E134W,-16.227,146.383
R214P,-17.074,907.773
A69D,-16.643,-867.032
T110G,-16.332,-877.26
K243H,-16.503,-867.402
N198V,-15.896,-834.606
Q241F,-16.245,-812.755
F152T,-16.737,-873.582
D188I,-16.623,-870.602
G179R,-17.28,-769.814
E201P,-16.884,982.041
M193P,-16.731,1170.425
V76C,-15.761,-874.478
F272R,-16.362,-401.168
G98C,-16.316,-844.427
K227I,-16.405,-834.116
H68A,-15.852,-878.081
M209T,-16.304,-784.59
I219Y,-16.215,521.86
P232M,-16.188,-448.201
L245A,-16.434,-873.264
A24Y,-16.27,2636.115
G128H,-16.654,246.565
I71G,-17.121,-874.37
T63G,-16.66,-876.622
Q80E,-15.491,-873.245
F62T,-16.196,-873.417
D164Q,-16.781,-679.439
K171G,-17.035,-875.801
T63E,-16.381,-717.8
R17G,-16.289,-875.901
A25C,-16.136,-748.089
L78H,-16.578,-865.024
Y131E,-16.355,-878.044
W168P,-16.895,680.782
D267N,-16.726,-877.364
R83F,-16.316,-875.839
A26I,-16.425,-404.531
A37V,-16.362,-597.141
F150S,-16.257,-877.581
D118I,-17.31,-868.101
F152L,-17.088,-862.816
A73R,-16.419,341.991
D41A,-16.293,-874.711
D130T,-16.341,-878.577
F240G,-15.928,-873.995
E144T,-16.386,-747.017
R141H,-13.355,-870.339
F174H,-16.562,-875.66
N104T,-16.258,-844.27
H67A,-16.275,-877.828
G46Y,-16.35,-855.237
Q177S,-16.301,-873.817
A16I,-16.326,-589.329
Y143L,-16.028,-875.999
E249W,-16.686,791.814
F152S,-17.266,-873.564
D45K,-16.549,-435.907
M209E,-16.397,-876.433
S75F,-16.159,-763.777
E55L,-16.568,-874.043
I99C,-16.43,-875.058
T109E,-16.85,-286.465
Q236E,-16.491,-873.115
E201S,-16.28,-878.515
W269S,-16.854,-872.021
G79C,-18.087,-876.884
Q236F,-16.0,-873.379
L230E,-16.728,-869.147
R255H,-16.289,-866.584
T4P,-16.808,-423.237
L120Q,-16.277,-811.953
G157R,-19.444,-882.217
S173G,-16.622,-872.46
Q241R,-16.531,-639.619
N104H,-16.712,-641.089
M229T,-17.172,-876.975
D45C,-16.211,-875.628
L136N,-16.312,-874.531
G70P,-16.995,-509.0
E19T,-16.316,-873.174
G128Y,-16.266,1083.933
D53G,-17.019,-874.738
V72G,-16.58,-876.452
A15T,-16.331,-866.215
D130W,-16.78,-875.12
T4I,-16.249,-680.544
R102V,-15.743,-860.905
A221Y,-16.993,-741.954
A32S,-16.842,-866.87
W51N,-16.326,-874.588
E84A,-16.737,-872.28
Y143C,-15.5,-872.007
Q236G,-16.989,-869.716
L178Q,-16.872,-869.996
A37L,-16.548,-559.446
I228N,-16.55,-869.211
T77D,-15.259,-873.312
S242R,-17.758,-781.074
E95M,-16.248,-877.23
G217K,-16.371,300.786
R108P,-16.464,1075.217
L260Q,-16.438,-864.401
L137W,-16.776,-283.981
L206K,-17.2,-872.812
F181S,-16.38,-876.797
V103G,-16.735,-874.849
D130A,-16.201,-879.017
D118S,-16.219,-875.239
A191D,-16.693,-635.62
Y161I,-16.568,-765.618
P169H,-16.392,-873.624
F12Q,-16.345,-867.499
S58M,-16.572,235.711
E212T,-16.597,-816.838
T139G,-16.528,-873.894
E249Y,-16.63,-753.38
T254L,-15.894,-874.338
I27D,-16.738,-866.195
I184T,-16.085,-873.448
V194S,-15.933,-874.145
H264S,-17.168,-875.288
A225T,-16.599,-834.213
A226T,-16.712,-865.361
G157E,-17.874,-866.548
F240S,-16.545,-870.443
V72R,-16.149,-130.13
T265D,-15.8,-798.605
M10V,-16.512,-874.271
T77Q,-14.621,-876.368
A218M,-16.31,-180.283
L206D,-16.41,-876.611
N65R,-16.644,-743.681
I228V,-16.679,-828.729
A73F,-16.779,1206.37
R114W,-16.311,582.534
I127C,-16.82,-872.784
A7T,-17.115,-758.798
D36C,-16.237,-875.649
L9K,-15.638,-853.834
D190S,-16.141,-875.991
E144Y,-15.888,-691.752
P175K,-16.241,-525.848
L178K,-16.268,-824.53
D87V,-15.816,-877.222
P61F,-15.705,-862.347
T183P,-16.436,-443.759
D121Q,-17.268,-834.68
P149W,-17.79,-870.967
S202C,-16.253,-877.125
S173I,-16.513,-378.791
L230W,-16.831,839.507
C101D,-16.309,-873.079
Y161K,-16.85,-627.202
E212V,-16.591,-878.579
L9G,-16.198,-874.563
P234W,-16.509,-582.863
P149E,-16.471,-843.474
E208L,-16.756,-877.198
D45S,-16.496,-874.205
H68P,-16.407,44.892
D130R,-16.197,-856.122
D105T,-16.424,-875.516
C156Y,-17.2,-788.597
P6T,-16.02,-871.413
I219E,-16.602,-873.321
M21R,-16.458,-870.734
G56R,-16.252,979.621
M193T,-16.278,-862.713
E47T,-17.099,-702.365
I38A,-16.361,-874.054
L222A,-16.825,-871.66
G192D,-16.612,-216.956
F146N,-16.909,-875.46
S117I,-15.962,-457.581
R255K,-15.851,-865.912
A26C,-16.414,-852.0
R176F,-16.629,-872.025
E223A,-16.552,-880.303
A225K,-16.387,74.914
N189E,-16.258,-871.643
V43T,-16.724,-826.021
A100M,-16.888,19.969
D190V,-16.2,-875.822
H67E,-16.46,-877.122
Q80T,-14.164,-875.035
N151M,-17.391,-877.241
P200Q,-16.189,-837.956
M40G,-16.269,-875.154
G128W,-16.7,1146.321
T165W,-16.629,-871.851
L206N,-16.592,-876.826
G98W,-16.919,686.522
L206F,-16.36,-596.847
D53H,-16.372,-877.522
N244E,-16.083,-764.402
R11I,-16.776,-876.339
H246A,-16.737,-869.966
N65H,-17.023,-876.002
Q236R,-16.35,793.405
E84I,-17.125,-823.753
A24H,-16.455,1493.711
K92R,-16.492,-875.616
L178E,-16.918,-870.703
H20V,-16.253,-879.639
R11M,-16.733,-789.121
T257P,-15.782,1509.639
R17C,-16.878,-874.425
P61A,-16.991,-874.793
E212D,-16.866,-876.909
P169T,-16.543,-873.929
E34V,-16.379,-767.474
H67Y,-16.811,-826.347
K123W,-16.326,-644.104
V159M,-16.451,48.337
F135E,-16.381,-849.265
F146C,-16.369,-877.178
R140W,-16.091,937.448
K123H,-16.709,-877.013
P232G,-16.211,-875.114
A15K,-16.367,-469.441
T139K,-16.331,-439.756
H3D,-16.322,-880.411
P169R,-16.464,128.983
H155W,-17.904,-865.784
T183Q,-16.884,-772.741
G86Y,-15.928,-4.898
H264F,-16.479,-878.469
R256M,-16.856,-873.362
V76K,-15.842,-825.078
T77N,-17.057,-874.558
A218Q,-16.96,-538.034
A24G,-16.592,-875.211
G235A,-16.435,-851.599
S58T,-16.503,-790.643
D36F,-16.488,-806.25
D33C,-16.089,-877.453
M195P,-16.238,914.939
Q241M,-16.295,-785.055
G56P,-16.759,-140.895
R141F,-12.822,-868.516
E212R,-17.049,-842.666
A148G,-16.406,-875.507
V76H,-16.197,-820.552
T265M,-16.197,-480.232
D130C,-17.064,-877.443
I127D,-16.912,-867.589
S75I,-16.898,-738.95
P145T,-16.526,-869.814
C251P,-16.367,-605.959
A225C,-16.42,-736.919
L115R,-16.828,-861.355
L170Q,-15.938,-832.278
G56H,-16.379,480.754
K231D,-16.307,-874.995
R17T,-16.495,-875.16
E266K,-16.224,-863.899
D45R,-16.198,-373.997
D207N,-17.351,-871.158
N244C,-16.675,-877.313
V76E,-16.287,-690.175
N151T,-17.314,-878.459
M10T,-16.884,-808.709
D188C,-17.181,-873.839
D121P,-16.89,-226.956
I27P,-16.141,703.144
R140K,-16.376,-873.451
I23L,-16.577,-870.711
D41L,-16.234,-783.933
I263Y,-16.377,-52.634
Q8A,-16.238,-880.724
C101M,-16.421,-181.582
E208V,-16.546,-873.069
F150N,-17.057,-874.897
Q82L,-16.424,-863.179
E95F,-16.488,-708.012
V103C,-16.257,-877.644
D164N,-16.568,-859.464
G86P,-16.949,-534.624
V166S,-16.54,-877.851
R224P,-17.159,822.512
R83C,-16.547,-874.627
L107F,-16.825,-710.472
E266F,-16.766,-863.507
G28F,-16.148,801.712
A119R,-17.232,337.859
A148W,-16.426,295.462
R48E,-16.54,-876.63
R256D,-16.281,-874.91
K123R,-17.063,-871.223
L237H,-16.394,-777.916
K231F,-16.396,-876.462
G259Y,-16.733,-875.639
R250F,-17.803,-861.023
T63F,-16.361,-818.815
P169F,-16.501,-854.482
E249D,-16.252,-873.609
L260H,-16.475,-718.838
D158Y,-16.488,751.089
Q85D,-16.611,-875.56
K64F,-16.433,-875.144
A18V,-16.399,-871.306
G157H,-18.045,-874.642
K231C,-16.332,-876.546
E34S,-16.217,-876.833
N244T,-16.285,-857.359
P145C,-16.434,-873.378
A50N,-16.464,-807.545
A226R,-16.715,144.494
K64R,-16.002,-871.75
A69W,-16.941,-469.458
G31Y,-16.211,974.563
D273Y,-15.662,-873.161
Q8M,-16.317,-878.819
K88P,-15.827,1042.307
M1D,-16.605,-874.897
V39D,-16.299,-872.603
N167M,-16.27,-850.375
G106V,-16.223,-199.578
G86L,-16.577,-271.175
L178T,-16.427,-868.899
V166M,-16.228,-838.667
I219F,-16.258,168.162
F97I,-16.785,-840.243
G186Q,-17.221,106.689
D197H,-16.521,-852.32
L30R,-16.097,542.366
V166E,-16.55,-862.07
P154A,-16.463,-873.667
H210M,-17.586,-216.853
T265R,-16.623,233.009
D53F,-16.412,-873.929
Q177C,-16.247,-875.429
T126M,-16.458,531.103
V43D,-16.457,-868.885
P154S,-16.401,-872.078
A211Y,-16.396,741.503
A119E,-16.815,-397.378
R11L,-16.475,-840.462
A73G,-16.412,-875.201
Q2T,-16.66,-876.678
T257C,-16.231,-869.578
D49I,-16.342,-870.334
P6G,-16.145,-877.822
F174P,-17.087,-509.567
D130Q,-16.217,-874.838
T4K,-16.457,-338.956
L245T,-17.343,-843.504
E201G,-15.724,-876.02
F97R,-16.146,-591.476
A204N,-16.998,-858.458
M229K,-16.052,-873.592
A211W,-16.45,585.299
D33E,-16.992,-872.479
A26Y,-16.694,1564.832
D267W,-16.79,-874.625
D105H,-16.266,-875.2
K227P,-16.09,956.184
I23S,-16.665,-875.785
F261W,-16.129,-466.074
I42D,-16.346,-854.499
D158V,-16.227,-831.756
G70I,-16.35,345.217
L206H,-16.556,-857.569
A220F,-16.959,193.686
A29C,-16.865,-766.972
F116C,-16.768,-876.757
P232F,-15.849,-507.882
W269Y,-16.36,-877.746
D158M,-16.75,-41.479
M271L,-17.23,-772.886
Q233N,-16.232,-873.673
Y161R,-16.713,223.516
P154G,-17.599,-871.554
W168I,-16.89,-868.397
R48N,-16.309,-873.687
Q2L,-16.839,-881.017
L170A,-16.33,-876.214
I23Q,-17.003,-864.172
M195R,-16.527,-530.939
P149S,-16.347,-872.429
P124S,-16.431,-873.291
P234R,-15.939,259.571
E95H,-16.158,-812.442
R203Y,-17.119,-712.296
F240W,-16.347,-615.079
G106S,-16.597,-860.212
M10P,-16.322,437.677
P44T,-15.947,-873.023
R17D,-16.353,-876.491
R108W,-16.716,1295.627
L230H,-16.26,-849.769
A187E,-15.987,-693.111
P232N,-16.833,-854.704
D45H,-16.284,-877.236
S202R,-16.421,-840.217
T14A,-17.372,-875.342
I228W,-16.341,1581.878
S58I,-16.45,-260.446
R256Y,-15.695,-369.203
L222E,-16.724,-870.977
H68F,-17.155,-874.131
P61T,-16.658,-875.044
T254E,-15.841,-874.737
V103L,-16.11,-703.422
A204D,-16.806,-864.508
E84Y,-16.203,-473.039
A148P,-16.234,-817.96
A37T,-15.896,-789.402
A69P,-16.965,-825.402
E223N,-16.853,-875.577
T238F,-16.637,-248.526
L136P,-16.371,806.459
A69V,-17.489,-852.472
L137E,-16.329,-874.719
V72L,-16.77,-877.65
S242F,-16.108,465.016
P6H,-17.161,-867.04
H155G,-15.134,-872.134
Y96P,-16.291,409.255
Y143F,-15.488,-877.286
A69R,-16.809,120.462
T109A,-16.29,-877.516
R140Y,-16.804,-849.864
F261M,-16.423,-765.839
L89E,-16.896,-873.108
Q82I,-16.416,-854.062
Y131D,-17.029,-874.162
D207E,-16.442,-868.873
R176L,-16.322,-878.27
R250S,-16.438,-876.61
G13Y,-16.434,40.401
E147T,-16.206,-840.963
Q233Y,-17.069,-872.614
E144I,-16.491,-750.928
R114M,-16.453,-874.583
G259K,-15.973,-869.932
Q82Y,-17.916,-863.185
L78Q,-16.675,-871.22
G106K,-17.346,-356.921
A29I,-16.619,-177.943
D273G,-16.183,-877.489
G259A,-16.321,-875.418
S60R,-16.655,-696.459
L222K,-16.682,-861.322
L230K,-16.271,-565.305
Q241T,-16.186,-825.059
D41K,-16.437,-565.58
E208M,-16.734,-870.154
W269C,-16.089,-873.569
H210E,-17.391,-762.883
P232Y,-16.282,-292.949
L245M,-16.465,-648.303
E201Y,-16.432,-876.984
A26G,-16.795,-876.904
A187F,-16.055,496.313
R83H,-16.312,-874.89
T126C,-16.449,-871.522
D273K,-17.008,-816.818
A32G,-16.184,-879.114
F62K,-16.65,-865.036
V159N,-16.887,-863.987
H20K,-17.172,-864.63
N167K,-16.438,-867.254
V194E,-16.45,-722.246
C101N,-16.395,-873.921
C101Q,-16.441,-428.592
G98T,-16.71,-860.31
I228F,-16.294,220.513
F150A,-16.528,-877.01
A187V,-16.704,-710.448
D197Y,-16.642,-595.105
D207A,-17.257,-870.119
L239H,-16.77,-850.55
F62W,-16.255,-875.654
A24E,-16.725,275.346
Q241W,-16.477,-422.073
D33F,-16.295,-875.792
Q85R,-16.84,-847.648
I127N,-16.235,-873.808
Q80R,-14.738,-877.827
S58P,-16.705,796.674
T4E,-16.306,-589.541
F181L,-16.124,-636.166
R48F,-16.478,-760.668
Y161A,-16.696,-872.706
G217P,-16.295,-655.994
L120N,-16.057,-870.335
P124D,-17.183,-871.605
I99T,-16.577,-877.15
S202H,-16.273,-700.052
A16E,-16.585,-735.126
R141A,-13.123,-872.894
G128D,-16.584,-593.574
R199M,-16.244,-865.167
M229I,-16.284,-879.771
Q2N,-16.633,-873.662
A93Y,-15.782,1306.033
Y213A,-17.334,-875.019
F57G,-16.231,-877.631
G180P,-16.104,-661.36
R256I,-16.093,-784.71
G56F,-16.725,854.812
V39Y,-16.772,989.762
R203C,-17.066,-872.46
P232H,-16.167,-742.98
F174R,-17.22,-812.689
R270G,-15.774,-872.6
K88E,-16.679,-875.046
A225L,-15.482,-8.559
P149G,-16.749,-874.724
F135Y,-16.636,-878.725
A29K,-16.424,262.356
Q177H,-16.238,-842.139
M271C,-16.413,-876.619
F116W,-16.678,-537.048
Q185R,-16.197,969.481
S202G,-16.409,-880.187
A73S,-16.149,-871.056
T183V,-17.205,-833.626
D41R,-16.288,-346.678
K243A,-16.602,-876.408
T110F,-16.176,1862.493
A226D,-16.299,-861.582
L107I,-15.879,-812.175
V43P,-16.554,-74.415
N198C,-16.093,-877.938
A15V,-16.301,-858.329
G31S,-16.141,-869.068
D190E,-16.855,-803.574
G259M,-15.999,-291.064
G192M,-16.752,111.212
A7C,-16.702,-826.89
R141K,-14.004,-870.636
P175D,-16.387,-877.191
L81V,-16.659,-855.159
A50C,-16.006,-853.398
W196P,-16.219,330.781
D273S,-16.857,-879.518
G31Q,-16.67,29.888
L137Q,-16.96,-868.802
Y5T,-15.856,-805.725
S59P,-16.515,-50.407
N65K,-16.419,-839.681
H3L,-16.364,-879.384
S242M,-16.468,-76.043
F97A,-16.428,-872.295
T216C,-16.442,-845.633
A66H,-16.222,-862.151
L237A,-16.911,-872.536
Q177R,-16.351,-686.174
F112N,-16.925,-870.056
V113M,-16.048,-782.515
N104F,-16.226,103.56
C101V,-16.468,-873.654
A205H,-16.311,838.49
L178P,-16.295,985.638
Y213Q,-17.355,-866.281
I23F,-16.641,-805.367
L115S,-16.598,-874.264
S60G,-15.979,-878.338
M271T,-16.255,-862.889
A225P,-16.775,-594.62
I38Y,-16.343,144.561
I99E,-16.65,-874.697
H67P,-16.278,213.692
V103Q,-16.431,-518.586
S242I,-17.028,-584.99
T238W,-16.241,-42.728
I99Y,-15.999,-875.504
H210V,-17.579,-827.703
F181A,-17.132,-873.692
Y213E,-17.393,-869.361
G180F,-16.94,-132.992
N198D,-16.537,-878.591
L81E,-16.168,-869.424
K64V,-16.464,-877.337
I127M,-16.017,-711.394
G79F,-18.252,-872.191
P232K,-16.054,-468.635
F135K,-16.588,-620.461
A220K,-16.511,12.124
T183H,-16.188,-433.9
L107G,-16.279,-871.272
P6D,-16.56,-872.939
H246D,-15.813,-871.309
T109C,-16.433,-875.684
E55F,-16.392,-873.477
D197T,-16.73,-869.307
D54Q,-16.289,-771.264
A18N,-16.32,-864.426
P44V,-16.799,-868.045
A100T,-16.617,-776.836
G186V,-16.307,-713.641
I219K,-16.515,-733.695
E19Q,-16.844,-871.583
T257K,-16.661,8.053
L170V,-16.457,-829.98
H3G,-16.0,-879.931
Q80H,-15.91,-876.451
D207Q,-17.707,-861.136
Q82W,-17.939,-867.84
G70F,-16.324,1043.631
Y161F,-17.076,-871.8
Q241C,-16.317,-877.106
V72M,-16.322,-547.742
R140T,-16.692,-836.921
D130E,-16.633,-877.053
D207I,-17.422,-864.378
I248V,-17.184,-875.859
V43A,-16.815,-873.143
L137D,-16.556,-873.156
E47Q,-16.546,-879.781
L136W,-16.496,1304.077
H67R,-16.419,-861.505
F97E,-17.605,-869.149
R250Y,-16.996,-860.334
M193C,-16.047,-875.311
A73Q,-16.542,-324.283
H210F,-17.872,-868.21
A18S,-16.11,-872.004
V113K,-16.607,-801.993
T63W,-16.786,-794.193
A7P,-17.613,-611.349
G28T,-16.722,-859.433
W196E,-17.16,-870.987
A191S,-16.693,-864.377
L222Y,-16.936,-826.347
L239V,-16.266,-856.714
A100P,-16.888,-529.176
H129K,-16.776,-870.831
G70N,-16.245,-514.847
R270Q,-16.397,-872.867
R163Q,-17.075,-871.507
I127L,-16.218,-830.45
L262Q,-16.748,-862.929
W51H,-16.386,-877.787
R83Y,-16.478,-876.548
A211D,-16.172,-787.865
A122L,-16.761,-574.845
E223T,-15.708,-876.438
G31I,-16.341,-480.009
D188K,-16.161,-853.905
S58Y,-16.733,696.457
E34K,-16.437,-866.92
P232E,-16.517,-852.76
Q233W,-16.652,-860.039
S173A,-16.8,-872.553
A100Q,-17.091,223.088
T22C,-16.733,-873.784
A29W,-16.326,2827.867
L178R,-16.371,-832.759
C156R,-17.744,-849.971
R172K,-16.933,-875.431
K171R,-16.118,-783.138
S59Y,-16.594,-831.352
F181N,-17.081,-870.73
R83S,-16.366,-873.715
S117L,-16.304,-535.428
L182S,-16.756,-873.318
L262R,-16.457,-669.168
W51D,-16.749,-874.05
H3T,-16.68,-878.0
T252A,-16.433,-878.527
S58W,-16.965,2218.537
C101E,-16.567,-487.604
L125M,-16.389,-617.393
R11W,-16.548,1641.803
A247K,-17.378,-876.837
S202K,-16.538,-853.788
A29P,-16.401,-382.267
N167I,-16.14,-874.943
R108A,-16.813,-874.851
S75P,-16.991,443.835
A138P,-16.757,-517.359
V133W,-17.019,-430.055
R141I,-13.463,-876.745
R255N,-16.522,-869.174
L206P,-16.048,831.64
N65Q,-16.193,-869.785
D54C,-16.502,-871.284
A187W,-16.447,1168.806
V142H,-16.083,-745.492
G162Q,-17.083,275.564
D273F,-16.499,-877.675
F62I,-16.385,-871.785
A66F,-17.238,-861.993
G46Q,-16.62,-790.776
Q82S,-16.403,-875.89
G13K,-16.789,214.636
R48G,-16.993,-870.776
T139E,-16.799,-448.1
K171N,-16.26,-874.583
R256T,-16.86,-775.529
A26F,-16.279,1460.658
E47P,-16.755,1078.194
H20N,-16.196,-878.656
L81I,-15.264,-855.313
T109M,-16.129,-167.989
L245D,-16.343,-875.205
I228D,-16.974,-869.281
A73C,-15.932,-842.878
E55Q,-16.377,-875.983
T77A,-14.02,-874.503
L170T,-16.36,-874.198
F174T,-16.191,-877.042
D118G,-15.785,-875.012
F135S,-16.732,-870.612
A18T,-16.761,-867.656
F62R,-16.411,-825.724
K231R,-16.848,-876.96
T183W,-16.96,918.431
L136Y,-16.648,-775.167
W269P,-16.945,-507.354
E134N,-16.388,-876.485
G70Q,-16.97,725.216
Q185I,-16.433,-685.581
W52Y,-16.226,-877.993
S242Q,-16.178,-266.477
D121L,-16.92,-851.638
E34Q,-16.537,-878.624
D121F,-16.346,-543.916
P149I,-16.055,-866.088
T63Q,-17.019,-719.279
R163M,-17.095,-867.154
R270A,-16.992,-871.202
Q236I,-15.863,-831.91
M229D,-16.361,-879.489
L260D,-16.159,-873.998
N104K,-16.596,-646.041
T254V,-16.596,-876.09
A15L,-16.836,-860.043
R108T,-16.192,-873.536
R141T,-13.068,-872.698
W168R,-16.971,-649.045
T74A,-17.313,-874.783
R203G,-17.038,-871.349
F261D,-16.193,-876.712
R83D,-16.604,-874.721
D158F,-16.975,247.895
H155E,-17.125,-873.114
E132S,-16.558,-876.051
M195F,-16.318,-13.472
F57C,-16.511,-873.76
G235Q,-16.04,1307.419
H129D,-17.278,-875.759
H246P,-16.703,-729.046
A18Y,-16.898,-850.059
M258F,-16.498,15.871
I71C,-17.152,-874.677
E55C,-16.645,-872.931
A211F,-16.319,703.317
Y5I,-16.363,-821.167
Y213K,-17.656,-855.747
N104S,-16.561,-868.219
D207P,-17.538,-429.595
L9Y,-16.341,14.057
K88C,-16.738,-874.011
L120Y,-16.368,197.508
D164Y,-16.242,-421.022
K88N,-16.97,-878.598
E19D,-16.379,-872.834
R83P,-16.27,1184.005
D164H,-16.412,-745.662
C156K,-17.68,-865.915
R214E,-17.078,-876.212
F181D,-16.952,-870.722
I42S,-16.004,-873.131
A191R,-16.564,504.489
A26H,-16.326,687.834
A122E,-16.615,-625.065
W168Q,-15.863,-851.551
P6N,-16.646,-867.564
T139F,-16.925,-595.405
G56K,-16.631,329.79
A225I,-16.882,-293.456
Y131F,-16.722,-872.906
H20F,-16.432,-878.454
F146E,-16.456,-870.308
A25D,-16.25,-580.029
P61S,-16.257,-875.907
L30C,-16.565,-872.879
N151L,-17.972,-873.796
G259P,-16.523,-766.571
F181T,-16.077,-860.956
A94K,-16.299,59.5
D197R,-16.384,-330.948
L125N,-17.339,-871.746
D158H,-16.975,-672.46
R102A,-17.148,-875.54
D121K,-16.216,-767.967
L222G,-16.833,-871.105
Q177E,-16.822,-880.543
H246N,-16.154,-871.674
S91I,-16.472,-766.349
Y5V,-15.977,-800.056
F150T,-16.834,-876.713
P154D,-16.597,-872.484
A205E,-16.607,18.013
H68G,-16.55,-879.513
N65P,-16.561,-472.996
V166D,-15.908,-877.038
G268V,-16.382,-47.838
T14M,-16.511,-567.764
S59M,-17.271,-119.095
F97L,-15.867,-652.582
G46D,-16.818,-862.212
P124V,-16.488,-862.102
R203N,-16.204,-870.816
R172W,-16.48,19.202
S91D,-16.399,-876.314
T139V,-16.321,-865.238
D87M,-17.238,-794.554
E223I,-16.327,-878.748
L230N,-17.043,-871.947
A204C,-17.212,-867.111
R141M,-12.812,-875.824
S173Q,-16.652,-12.546
T109W,-16.258,-482.237
G31E,-17.016,-118.056
D158N,-16.417,-863.791
P175C,-17.074,-870.706
P145L,-16.632,-872.563
E249V,-16.311,-731.039
V133A,-17.089,-875.307
A7K,-16.701,-42.187
R203W,-16.737,1429.141
C251R,-16.317,-459.725
L30G,-16.233,-872.567
A221W,-16.139,-806.698
Q82C,-15.957,-875.459
T126L,-16.463,-365.616
H67K,-15.838,-865.152
H155S,-16.819,-874.404
P6F,-16.316,-866.686
T22V,-16.149,-790.119
M258P,-16.651,1047.124
R176I,-16.132,-874.959
M193L,-16.08,-853.085
G268K,-16.533,603.165
Q82G,-16.84,-877.542
Q82V,-16.89,-871.922
G46P,-16.52,-877.224
G268C,-16.455,-635.768
N151A,-16.578,-876.272
D188H,-15.804,-875.336
L125R,-16.447,-169.762
R108N,-16.35,-827.852
Q80A,-14.388,-875.071
F174S,-16.457,-875.726
S253M,-16.268,-778.174
E55M,-17.285,-835.548
P61R,-16.254,242.599
A247D,-17.973,-876.236
A225R,-16.484,597.478
W52L,-16.549,-872.442
F150I,-16.91,-876.174
D105I,-16.465,-866.462
D158L,-17.359,-799.941
K64H,-16.28,-877.015
D164E,-16.988,-691.394
I71H,-17.548,-873.057
S173F,-16.518,489.089
M195D,-16.825,-876.55
T110M,-16.215,-7.116
L182G,-16.829,-870.224
L239S,-15.836,-870.527
L178Y,-17.027,-589.189
A66Q,-16.375,-774.535
F181Q,-16.635,-871.923
D54L,-16.405,-837.153
S253A,-16.112,-877.095
A247E,-17.301,-875.8
T109Q,-16.101,-254.657
M271S,-16.202,-874.815
D121I,-16.222,-776.33
L170H,-17.101,-619.109
N244I,-16.622,-838.779
C156P,-17.107,265.897
A73Y,-16.348,1172.8
C251K,-15.765,-547.915
D273N,-16.076,-873.705
K88M,-17.178,-873.973
I127R,-16.739,473.743
T216G,-16.801,-875.486
V159G,-16.354,-877.419
H246I,-16.694,-838.404
G13F,-16.757,49.505
A24T,-16.828,-802.421
L9H,-16.467,-741.746
L260A,-16.576,-871.971
Y96S,-16.982,-869.723
V133D,-16.659,-872.378
E144D,-17.226,-872.126
G56Y,-16.479,771.152
V43G,-16.754,-872.629
D105E,-16.381,-864.331
A204F,-16.526,-822.474
L120H,-16.203,-550.412
L262S,-17.404,-871.995
A153V,-15.493,-843.069
P44H,-16.798,-760.786
P6L,-16.136,-866.455
A66E,-16.602,-778.552
R114S,-16.41,-876.34
I184S,-16.171,-872.639
L182Q,-16.275,-870.05
E212G,-16.721,-875.645
V90H,-16.878,-872.955
Q185Y,-16.392,-669.051
A18H,-17.158,-858.618
G162R,-16.775,662.083
I99A,-16.67,-874.809
L262P,-16.506,775.32
D130S,-16.612,-876.487
D87W,-16.355,-873.409
K171F,-16.777,-327.157
T14Q,-16.475,-735.537
E208G,-16.229,-878.942
V113L,-15.939,-834.687
D267A,-16.357,-872.86
M193Y,-17.499,-669.721
D54H,-17.933,-765.0
I219G,-16.331,-872.559
T216N,-16.355,-604.353
P6E,-16.312,-847.19
V142W,-17.237,-542.304
G179N,-16.149,-466.131
A29N,-16.67,-224.588
D158I,-16.295,-700.083
A37E,-16.149,-347.718
T257R,-17.314,-838.352
P200C,-16.177,-871.232
M195T,-16.498,-855.289
E212S,-16.742,-873.595
T63M,-16.575,-211.946
Q2P,-16.195,1012.526
S253Q,-16.428,-784.957
L260T,-15.667,-813.576
F146P,-17.015,-401.925
T74G,-15.479,-875.776
V133H,-17.082,-667.534
H129A,-16.51,-878.198
D207G,-17.437,-872.478
D197C,-16.849,-875.527
H20S,-16.692,-878.464
Q185M,-16.083,-799.001
N189R,-16.61,-475.536
A205D,-16.375,-712.207
E147M,-16.436,-872.532
A119P,-16.782,-804.236
D45T,-16.583,-874.638
Q233L,-16.771,-831.595
M10N,-16.236,-847.9
G98M,-16.626,-71.315
A122Q,-16.076,-493.95
T77I,-14.159,-876.388
A35Q,-16.586,-179.823
D49C,-16.211,-878.457
G192S,-17.424,-728.377
L237G,-16.982,-869.58
V43M,-16.483,211.443
S173V,-16.449,-791.549
S253W,-17.029,1880.081
F272Q,-16.599,-872.274
Y213I,-17.564,-737.342
F116R,-16.449,-224.94
D267K,-16.291,-863.675
A18L,-16.07,-848.334
I27L,-16.35,-875.14
K123I,-16.503,-861.593
F174A,-17.191,-870.954
E47D,-16.685,-876.682
G157T,-17.384,-878.577
A211L,-16.48,-392.214
T14I,-16.327,-771.675
T257G,-16.175,-876.279
T22S,-15.777,-873.925
R102S,-16.31,-875.349
C251H,-16.352,-698.678
T216Q,-16.436,-330.16
H68T,-16.626,-877.908
M209V,-16.431,-870.316
G70T,-15.948,-816.052
T4F,-16.2,-411.831
T22R,-16.252,-401.877
I219N,-16.867,-838.433
D164M,-16.885,-12.305
A25N,-16.227,-527.69
K243Y,-16.81,-843.01
D130P,-16.313,-214.292
G56I,-16.274,387.195
W52G,-16.46,-871.047
A191N,-16.92,-541.909
G98E,-16.916,-42.985
E147K,-16.225,-868.099
M10Q,-16.487,-875.427
A16V,-16.556,-716.317
D87Y,-16.283,-875.31
W52M,-16.528,-745.921
P44S,-17.388,-871.319
A122N,-16.427,-830.691
E134V,-16.811,-858.933
I42V,-16.604,-819.979
G56C,-16.535,-588.148
R17I,-16.486,-874.102
L120C,-16.155,-871.33
R172E,-16.653,-870.771
G70W,-16.548,567.912
R255S,-16.221,-871.738
V43E,-16.892,-286.817
L120I,-16.506,-791.977
S253R,-16.904,-770.815
T109S,-16.576,-878.407
A218E,-16.569,-517.6
P124M,-16.51,-439.604
D118Y,-16.161,-272.239
R11Q,-17.327,-872.449
M229V,-16.476,-878.174
V113I,-16.468,-640.306
T165C,-16.525,-876.482
V113E,-16.656,-832.323
F12W,-16.726,10.113
Q177A,-16.507,-875.974
F112W,-15.917,-362.936
M229A,-16.357,-874.323
P232C,-16.843,-872.123
A153N,-15.752,-873.252
A225N,-16.271,-354.716
K243T,-16.685,-878.487
M193S,-16.209,-875.559
G157M,-17.319,-874.528
T14C,-16.882,-873.595
G180V,-16.659,-450.693
D36W,-16.216,359.599
G192Q,-16.465,-147.207
P200Y,-16.677,-603.339
A18M,-17.003,-310.621
Q8E,-15.967,-878.331
D53T,-16.97,-872.48
M258G,-16.562,-872.806
E249H,-16.677,-696.225
R214S,-16.318,-873.194
G79T,-17.549,-877.861
T265W,-16.431,557.016
A100D,-16.294,-611.721
G259Q,-17.464,-602.557
D197N,-16.116,-878.101
R48Q,-16.525,-871.554
S59R,-16.646,658.447
M271N,-16.596,-871.463
Y96L,-17.11,-844.132
G13L,-16.04,-60.456
S173H,-16.352,-697.026
Q8F,-16.299,35.908
A26V,-16.623,-596.513
L89R,-15.918,155.709
A7Q,-16.66,-80.071
P200T,-16.41,-741.413
A211G,-15.825,-877.459
A218N,-16.54,-850.36
G28V,-16.367,-756.538
H20C,-16.775,-876.684
F261S,-16.643,-873.904
T110P,-16.5,-20.654
G259T,-16.454,-397.129
V166L,-16.678,-867.361
Q185S,-17.322,-872.422
F116K,-16.646,-827.146
Y161C,-16.163,-874.11
A50Q,-16.452,-432.737
Q80W,-16.043,-873.083
I99P,-16.423,690.083
L115Q,-16.786,-866.876
I127G,-16.72,-872.079
G162L,-16.686,322.075
F261Y,-16.373,-878.566
S59A,-16.855,-877.293
R199W,-16.301,495.665
V133E,-15.653,-320.925
K64C,-16.388,-875.018
I263C,-17.143,-871.054
G162F,-15.528,1441.144
N65S,-16.618,-875.895
L115A,-16.436,-876.352
D36K,-16.178,-864.316
Y213F,-17.452,-875.075
T77C,-15.001,-870.837
G28M,-16.779,50.45
V166N,-16.639,-876.443
R140Q,-16.393,-874.984
E249P,-16.83,933.456
A32R,-16.244,602.405
E47Y,-17.192,-868.608
A50F,-16.463,397.668
G128S,-15.681,-863.302
R224L,-16.592,-878.072
E34L,-16.235,-880.036
I71A,-16.522,-872.968
E19I,-16.427,-875.212
R111F,-16.986,-873.682
G28L,-16.375,-93.173
T216P,-16.023,1723.892
N151P,-17.302,-849.598
I184N,-16.582,-871.783
A7H,-15.821,1066.224
F152W,-17.439,-862.685
L136M,-16.227,-872.392
A7V,-16.893,-687.612
I248N,-17.207,-875.81
E144F,-15.625,-786.398
K88G,-16.751,-878.687
E55D,-16.569,-874.238
T165L,-16.948,-864.336
E208Q,-16.97,-874.891
K88L,-16.357,-878.809
G192R,-16.843,210.552
R250L,-16.21,-862.565
L245I,-16.464,-845.262
R83G,-16.423,-876.845
P149F,-16.632,-853.17
F261Q,-16.169,-874.333
G13M,-16.559,37.76
V103W,-16.21,-718.24
G217E,-16.42,121.342
G56S,-16.825,-702.367
W52I,-16.683,-867.228
D273M,-16.358,-847.972
P44I,-16.279,-870.442
L81K,-16.234,-861.503
R141W,-14.368,-869.297
H67L,-16.329,-850.004
G259R,-18.569,-866.887
A25H,-16.232,886.381
A100S,-16.105,-865.951
T109F,-16.436,-167.4
M21K,-16.626,-870.703
T183E,-16.041,-775.211
T238H,-16.282,-569.658
T22K,-17.485,-801.181
D207R,-17.735,-683.713
L78M,-16.482,-868.974
I27H,-16.221,-805.123
L81W,-16.205,-451.537
E223P,-16.883,920.36
H155R,-18.87,-876.281
R176S,-16.274,-876.856
F12I,-16.376,-828.054
G157Y,-17.914,-875.24
M40E,-16.513,-874.904
R214I,-16.542,-875.457
A191P,-16.966,-657.215
A218D,-16.224,-846.828
V76P,-16.508,-94.604
T257A,-15.902,-874.779
T126Y,-16.422,-496.573
M1P,-16.3,91.449
I23W,-16.314,-826.295
R199E,-16.813,-874.967
T77R,-17.406,-877.769
S242K,-16.082,-92.413
A93L,-17.293,-62.277
G70V,-16.348,-624.455
D267T,-16.393,-840.929
R224Y,-16.629,-873.347
A191L,-16.144,-80.005
D33L,-16.089,-876.894
Y96M,-16.085,-871.602
K231T,-16.242,-865.748
L115C,-16.449,-873.037
D41T,-16.33,-878.015
K92G,-16.12,-872.542
L81F,-17.062,-695.957
D188E,-16.598,-867.785
N244D,-16.225,-877.823
F261L,-16.807,-865.523
V39W,-17.699,724.682
D33P,-16.512,-197.55
V90P,-16.627,-130.648
D33S,-16.713,-876.213
R83I,-16.849,-872.643
W196G,-16.579,-874.252
R102H,-16.479,-875.274
A247F,-17.577,-869.994
D45G,-16.237,-874.654
A138R,-16.813,69.454
L136R,-16.731,-65.368
S160M,-16.248,-241.975
D190Q,-16.407,-805.175
Q8D,-16.38,-867.707
G28Q,-16.16,230.658
C156H,-17.505,-857.73
A148M,-16.665,-214.959
P149H,-16.217,-713.622
G186C,-16.982,-732.689
F57R,-16.761,-368.782
S59E,-16.323,-816.299
G28P,-16.409,-544.145
R114Q,-16.119,-875.855
T4C,-16.127,-876.558
D130V,-16.954,-874.636
P234I,-16.233,-691.124
E208Y,-17.629,-876.78
E95W,-16.719,-3.196
A220G,-16.857,-877.273
R111A,-16.372,-872.8
Q8K,-16.304,-863.053
E19W,-16.192,109.327
L30A,-16.989,-875.815
G259W,-16.274,-850.558
A220S,-15.919,-863.299
N151G,-16.443,-878.175
G235S,-16.946,-580.609
E95Q,-16.663,-876.835
D121E,-16.645,-835.865
A187H,-16.339,78.244
P169I,-16.321,-870.244
L136V,-16.632,-693.733
P169S,-16.306,-875.364
K64P,-16.747,-35.534
L115E,-16.281,-870.95
A66T,-16.38,-875.414
R176W,-16.707,-836.23
H3M,-17.155,-870.235
R199H,-16.754,-734.975
G28E,-16.259,162.042
T63D,-15.972,-877.559
D87L,-17.044,-872.423
E266S,-16.342,-876.74
R199T,-16.59,-876.303
D158Q,-16.804,-710.058
S117P,-16.628,506.836
Q80G,-15.489,-875.036
A138H,-16.306,1016.79
V76N,-16.333,-869.408
F116T,-16.608,-870.736
R250I,-17.012,-870.061
R270H,-16.911,-872.981
F112C,-16.464,-870.509
Y213R,-17.554,-848.898
R163S,-17.078,-870.29
M258A,-16.339,-876.23
R203D,-15.733,-871.418
D273E,-16.569,-871.152
P154V,-17.779,-856.069
R203F,-17.062,-742.248
A50D,-16.313,-788.913
E19A,-16.717,-871.902
S253C,-16.669,-837.195
L30T,-17.338,-810.371
A138C,-16.501,-694.55
R163I,-16.856,-870.259
A24W,-16.048,2144.857
T238K,-16.484,-790.394
V72S,-17.291,-874.088
A218K,-15.872,-234.898
I71Y,-17.666,-874.954
A26T,-16.293,-809.002
R255F,-16.513,-850.754
D118K,-16.677,-845.727
K171V,-16.62,-877.613
A205S,-16.355,-864.479
A73D,-16.671,-757.822
P154Y,-16.752,-869.856
N65V,-16.801,-876.791
A94C,-16.57,-846.669
R199D,-16.344,-875.669
A148T,-16.073,-865.271
G79Y,-18.189,-872.443
H129S,-16.236,-878.005
T265G,-16.222,-876.032
R255Q,-16.695,-868.825
F181Y,-16.024,-877.397
R224A,-16.598,-874.335
A187S,-16.391,-867.031
L245C,-15.891,-874.324
Y96F,-16.409,-878.147
N104Q,-16.859,-585.277
T252V,-16.543,-875.399
D207Y,-17.666,-474.142
Q236S,-16.929,-871.834
L9I,-16.193,-870.66
H67N,-16.145,-878.188
S160Y,-16.917,389.303
E249C,-16.596,-869.322
A37D,-16.981,-816.524
G128E,-16.248,558.662
A93C,-16.474,-741.354
Y96Q,-16.15,-866.543
A25L,-16.434,392.775
V159C,-16.885,-872.558
C101I,-16.886,-728.108
K231M,-15.882,-875.355
H210T,-17.79,-865.437
V72F,-16.495,-875.538
L222S,-17.392,-870.041
T22I,-15.808,-871.448
V194D,-16.344,-875.881
R270M,-16.311,-876.208
W52E,-16.5,-869.205
K243G,-16.219,-876.147
G28W,-16.386,609.081
M40K,-16.716,-866.414
A247M,-17.347,-876.331
T109R,-16.338,531.086
D49Y,-16.369,-877.164
R111H,-16.292,-875.471
K92N,-17.423,-868.517
S60A,-17.205,-877.534
L230F,-16.263,-614.332
A221T,-16.315,-871.768
L30V,-17.424,-798.808
A66M,-16.163,-312.083
A211Q,-16.381,-46.634
V72N,-16.815,-874.473
L9E,-16.681,-871.892
I27Q,-16.447,-866.088
L182H,-16.258,-865.953
A187D,-16.328,-600.314
G31D,-16.58,-761.848
T238P,-16.867,-582.934
I248P,-17.878,-875.152
D54G,-16.873,-873.792
S91A,-17.148,-877.914
L206I,-17.537,-874.592
T238M,-16.8,-811.975
V90I,-16.312,-866.411
Q236A,-16.108,-873.18
G98F,-16.309,909.383
P124T,-16.491,-859.209
K231L,-16.241,-832.228
F57A,-16.279,-876.677
G162C,-15.902,-594.463
E223L,-16.362,-878.181
T165K,-16.522,-494.249
W168C,-16.183,-871.949
L239N,-16.481,-874.0
H3E,-17.121,-875.91
G98D,-16.775,-695.896
Q8Y,-16.759,37.219
E266V,-16.38,-876.967
E47L,-16.379,-877.942
A94L,-16.34,-261.964
A37W,-16.364,690.185
D164L,-16.082,-519.202
F112V,-16.56,-770.26
Y213L,-17.237,-858.345
V159P,-16.362,-578.049
A211E,-16.228,-171.533
V133C,-15.688,-875.331
A50V,-15.945,-742.404
S253Y,-16.703,1339.05
V90W,-16.651,-873.397
L178G,-16.256,-874.518
H155Q,-16.855,-872.564
G56A,-16.133,-664.164
A29R,-16.422,938.993
D130I,-16.472,-876.842
E223D,-16.438,-877.4
D121W,-16.993,-614.271
R176C,-16.957,-874.362
V194W,-16.527,-669.869
S59Q,-15.949,-774.421
V76W,-15.539,802.194
A119V,-16.582,-774.791
A35M,-16.343,-168.593
D121R,-16.587,-481.443
A221D,-16.842,-857.682
Q82D,-16.466,-865.226
N104M,-16.638,-551.068
L107Y,-15.722,-695.54
E132N,-16.149,-874.494
G31R,-16.211,481.555
A26D,-16.771,-566.267
V72W,-16.29,-872.892
D164F,-16.623,-433.166
V159H,-16.425,-308.238
S173L,-16.471,-412.673
A93P,-16.759,-538.086
P61N,-16.705,-874.845
V39C,-16.65,-875.279
A204M,-16.257,-282.682
V90G,-16.461,-877.541
Q85K,-16.874,-870.267
F152P,-17.106,-369.083
F135W,-16.583,-855.474
G162E,-16.36,126.889
T254P,-16.578,285.464
L115P,-16.273,188.726
E147F,-17.029,-868.331
I219M,-16.463,-735.646
Y131R,-16.402,-819.672
A15P,-16.382,-819.037
E84K,-16.403,-854.736
E223Y,-16.591,-874.843
R250H,-16.347,-865.649
A50E,-16.248,-544.184
E84T,-16.612,-829.58
R163V,-17.188,-864.038
A32W,-16.365,564.034
G79E,-17.623,-876.591
K64I,-16.248,-875.267
E132A,-16.241,-876.5
F146Y,-16.113,-879.527
A138L,-16.084,113.43
A29T,-16.731,-838.991
F146W,-15.823,-874.012
Q241E,-16.61,-877.727
A15H,-16.986,-859.218
P6Q,-16.014,-850.702
P124K,-15.953,-484.848
T110C,-16.613,-858.498
I263H,-16.425,-717.923
R199A,-16.991,-873.047
L262H,-15.774,-801.713
M209F,-16.205,503.094
L237Y,-16.824,316.587
F135P,-17.036,-571.064
R270F,-16.472,-852.027
C251E,-16.285,-851.213
Q185V,-15.891,-705.802
D53R,-16.746,-759.021
S58H,-16.419,-693.857
L125W,-17.092,814.635
G98A,-16.622,-878.223
I27A,-16.347,-872.932
A24M,-16.347,164.438
L170Y,-16.226,184.055
L125E,-16.472,-872.291
S58L,-15.797,51.128
Y213G,-17.432,-871.515
E223C,-16.36,-877.548
A25T,-16.944,-846.063
D190W,-17.523,-815.085
Q185W,-16.223,886.123
F240T,-16.201,-854.705
R83Q,-15.977,-874.771
F152I,-17.126,-870.81
E147N,-17.219,-877.717
P200S,-15.872,-873.152
H20Q,-16.99,-872.827
Q2G,-15.848,-876.055
I228P,-16.167,760.023
V133F,-16.813,-171.634
M195E,-16.773,-873.31
P200I,-16.82,-735.609
F150Q,-17.481,-876.999
L237D,-16.281,-872.201
P232I,-16.429,-872.709
G259N,-16.008,-840.952
V103K,-16.16,-400.899
L120T,-16.337,-795.648
P200N,-16.72,-868.613
N151E,-17.537,-876.405
L230R,-17.179,240.744
E147C,-17.176,-874.892
G179C,-16.579,-728.768
G186I,-16.237,-339.17
D118V,-16.567,-803.518
V142Q,-17.536,-673.148
L237N,-16.275,-872.925
E208F,-16.005,-877.008
R214M,-17.088,-876.494
R102F,-16.378,-874.667
H264N,-16.685,-878.636
G79H,-18.138,-879.721
D54A,-16.28,-876.401
A226L,-16.19,-699.914
K171Y,-16.751,-309.375
R11N,-16.824,-865.124
E55H,-16.449,-874.005
A16F,-17.193,-822.601
E147L,-16.262,-875.904
S117V,-16.253,-848.279
A26M,-16.873,-113.704
R214G,-16.357,-876.543
L107Q,-16.043,-874.072
Q8C,-16.551,-876.543
R270N,-16.153,-873.2
I184E,-16.56,-872.003
L81N,-16.371,-875.635
E84W,-16.652,-243.61
S58D,-16.063,-604.067
R163A,-17.275,-873.613
P232R,-16.435,328.716
M1R,-16.808,-861.903
V43Q,-16.417,-92.191
T257I,-16.129,-329.864
G98Y,-16.37,1015.584
L115Y,-16.881,-75.775
G192F,-16.752,1701.898
V142T,-16.286,-861.654
V76T,-16.747,-872.904
D190F,-16.692,-619.651
Q2E,-16.845,-877.027
K171H,-15.763,-709.546
T14R,-16.737,-637.917
A100I,-16.412,-176.723
M209N,-16.47,-874.929
H129I,-16.788,-871.676
L182R,-16.288,-81.644
P145I,-16.835,-866.561
T109L,-16.18,-461.839
L89S,-16.571,-873.923
G162D,-16.649,-74.669
L136E,-16.022,-873.931
T77Y,-14.671,-868.906
Q236C,-16.452,-873.653
L115D,-16.795,-874.647
S160R,-15.827,529.167
K92V,-16.257,-866.834
A204Y,-16.274,-822.181
V113Y,-16.919,-569.674
P234C,-16.237,-873.621
R108G,-16.315,-873.964
L260P,-16.61,300.005
S160V,-16.632,-843.774
P234Q,-16.389,-856.539
F97W,-16.2,-348.088
S60H,-16.492,-790.446
R203Q,-16.885,-873.491
R176Y,-16.684,-873.529
T238R,-16.134,-152.168
G259S,-17.106,-865.41
A122W,-16.55,692.871
R199V,-16.488,-876.861
S160A,-16.212,-876.769
R270I,-17.021,-842.884
E134F,-16.883,-861.336
I23A,-16.178,-875.254
G31P,-16.283,-602.335
H68E,-16.963,-877.066
A211V,-16.277,-840.83
A247I,-17.734,-870.514
Y5R,-16.061,-474.658
G186W,-16.219,754.403
E144N,-16.284,-872.836
A138I,-16.288,-194.357
A26Q,-16.017,32.973
R255E,-16.351,-871.353
S60D,-16.989,-876.35
E134G,-16.956,-872.322
G217T,-15.913,-784.571
R111C,-16.623,-876.452
R11H,-16.735,-705.888
E249F,-16.415,-761.265
E134D,-16.484,-874.362
H264I,-16.477,-872.257
T74W,-17.694,-875.325
G86D,-16.884,-764.385
A29E,-16.068,182.312
T165M,-16.952,-513.675
R214C,-15.937,-873.618
F174I,-15.869,-876.9
F181R,-17.713,-864.867
R17N,-16.224,-876.781
R17H,-16.49,-875.081
E132C,-16.164,-876.727
S91K,-16.179,-170.365
S202V,-16.814,-869.469
I248G,-16.193,-873.994
V113S,-16.008,-874.267
E223G,-16.675,-877.244
V113N,-16.274,-867.342
R172Y,-15.948,-761.411
N198Q,-16.368,-687.485
D130K,-16.538,-872.462
I38D,-17.093,-866.329
T252C,-16.304,-878.308
L78T,-16.023,-873.433
R111N,-16.217,-878.139
S75R,-16.59,164.51
S253K,-16.51,-777.173
V72T,-16.747,-879.154
S253N,-17.002,-822.775
R203M,-16.798,-869.859
D267Q,-16.459,-876.991
T109D,-16.421,-748.693
T257V,-16.161,-846.005
L178F,-16.959,-780.986
E47F,-16.194,-872.079
S242T,-16.902,-847.388
A15G,-16.34,-878.41
G79L,-17.728,-879.196
T165P,-16.167,-678.952
R163N,-17.084,-870.79
H68M,-16.62,-868.0
C251V,-16.65,-878.407
D164V,-16.562,-694.758
F174E,-16.973,-872.638
D273P,-15.986,138.92
E223S,-16.469,-879.023
A32N,-16.582,-622.331
A153T,-16.468,-871.933
D41V,-16.066,-852.769
R214A,-17.383,-874.348
E208I,-16.686,-875.358
G86R,-17.217,48.931
T265L,-17.124,-77.13
R108H,-16.309,-601.071
R172P,-16.837,1196.803
D273H,-17.015,-877.487
A218Y,-16.34,-654.948
A18E,-16.693,-750.196
L206T,-17.494,-871.925
T126F,-16.514,-516.139
G268D,-16.672,-108.458
M10A,-16.103,-877.821
A7W,-16.263,3440.302
F174L,-16.488,-817.348
I99H,-17.071,-872.326
G128K,-17.004,490.962
V90K,-16.365,-813.261
G98V,-16.874,-824.212
E223F,-16.844,-878.26
F12R,-16.304,-857.058
A119Y,-16.217,1584.109
G46F,-15.828,-865.924
S117M,-16.299,-536.792
P169E,-16.212,-844.417
A153G,-16.768,-875.753
V113P,-16.195,-137.842
F146V,-16.287,-869.026
K231W,-16.12,-875.474
V166K,-16.447,-832.42
D33T,-16.208,-874.766
W196Q,-16.538,-870.776
L239W,-16.555,1231.7
A18G,-16.474,-877.499
V113C,-16.572,-874.341
D41Y,-16.271,-589.256
G98R,-16.768,626.02
K231S,-16.099,-874.865
L245F,-16.69,-753.511
I71R,-17.503,-876.453
L237M,-16.458,-721.355
E266P,-16.786,-661.132
A122R,-16.504,314.358
T216E,-16.266,-265.571
M10K,-16.537,-857.495
L245R,-17.664,-872.832
R255W,-16.143,-31.401
M258E,-15.878,-874.693
A7Y,-16.739,2244.851
L107E,-16.314,-874.403
A25Y,-16.178,1739.821
R255L,-16.197,-870.29
F150G,-16.403,-877.296
K92E,-17.191,-870.304
D190M,-16.261,-864.745
C251N,-16.25,-872.378
W196V,-16.909,-845.218
R83E,-16.211,-875.93
V194H,-16.141,-835.734
N198S,-16.551,-876.234
P234E,-16.782,-857.722
G70D,-16.783,-490.386
F116E,-16.611,-874.395
Q236H,-16.462,-877.486
H264Y,-16.769,-877.725
L237R,-16.584,-180.374
L262D,-16.552,-872.592
L260M,-16.499,-674.418
E144H,-16.273,-874.471
K123V,-16.388,-859.455
V39G,-16.766,-875.222
L81C,-16.243,-873.968
H67D,-16.34,-877.086
A24Q,-17.233,314.977
T126V,-16.255,-750.238
T183A,-16.08,-875.793
A73K,-16.522,-98.964
A226V,-16.728,-797.169
A205Q,-16.481,143.124
A32P,-16.395,-456.398
E201T,-16.474,-874.962
N198K,-16.646,-442.789
V194L,-16.621,-815.606
R250T,-16.348,-871.541
S160L,-16.706,-46.384
Q241L,-16.421,-842.078
K123C,-16.677,-874.331
D121G,-16.107,-878.243
D54V,-17.152,-844.411
T110N,-16.081,-531.003
R114E,-16.29,-875.775
L30P,-16.313,964.724
A93S,-17.214,-830.676
G86W,-16.612,-283.712
A191Y,-16.347,799.394
I248K,-17.87,-866.531
R102C,-16.422,-875.523
P200E,-17.102,-844.643
M10I,-16.358,-810.117
A247G,-16.421,-876.772
R140P,-16.265,1067.262
R224C,-16.64,-876.345
N198L,-16.54,-860.352
D87S,-16.31,-878.564
R256V,-16.143,-760.625
I263P,-16.334,1087.767
L230Y,-16.771,-542.788
I38R,-17.147,-492.485
E215N,-16.116,-878.647
Y213H,-17.127,-875.332
S91C,-17.142,-876.253
W52T,-16.142,-868.365
R172Q,-16.264,-874.892
T139I,-16.911,-451.627
W196I,-16.199,-829.697
A25V,-16.015,-594.214
E266Q,-16.38,-850.607
S242H,-16.741,-199.95
E147Y,-16.801,-869.717
A220I,-16.075,-370.848
Q2M,-15.807,-767.581
H155P,-15.775,-838.88
Y5Q,-16.271,-868.227
M40R,-16.469,-819.29
H246W,-17.739,-803.676
Q177F,-16.339,-637.936
E249M,-16.79,-865.579
Y143S,-14.635,-867.371
L89Y,-16.523,-764.003
P234Y,-16.605,-865.259
I263E,-17.07,-868.392
F150D,-16.937,-876.666
Q236M,-16.989,-538.182
S242D,-16.124,-748.485
N244A,-16.781,-879.697
E201W,-16.916,-474.571
A69T,-16.754,-864.686
Q236V,-16.545,-814.788
I219A,-16.171,-873.105
F12K,-16.238,-782.605
L125I,-16.558,-804.649
D54N,-16.317,-870.156
E84P,-17.069,-106.641
T126G,-16.57,-873.688
V194P,-16.271,-105.765
A204S,-16.431,-869.712
E208R,-17.347,-856.237
A225D,-16.167,-464.93
G192I,-16.411,279.089
A32V,-15.903,-665.618
D87H,-17.2,-874.27
S60C,-16.164,-877.651
P124G,-16.74,-872.467
P124A,-16.733,-876.855
F112Q,-16.018,-870.817
T77V,-14.345,-871.868
T63A,-16.482,-876.959
R199G,-16.176,-874.845
A18P,-16.263,-841.228
S91R,-16.25,493.273
K88F,-16.525,-875.579
A15I,-16.742,-864.559
I263T,-16.307,-875.444
F112I,-16.199,-821.114
F12L,-16.184,-762.081
G46E,-16.306,-778.269
L137I,-16.232,-834.704
P175Q,-16.273,-858.252
D53E,-16.523,-877.1
H129R,-16.473,-862.757
V142A,-16.569,-872.891
A119W,-16.913,2145.233
A50H,-16.234,-230.124
I71M,-16.638,-871.719
I27C,-16.587,-873.458
G162K,-16.266,287.949
K88Q,-16.63,-875.882
W196M,-16.333,-751.571
T183N,-16.742,-861.444
L120P,-16.709,952.882
P154M,-17.837,-870.0
E132F,-16.802,192.042
R172H,-16.929,-858.318
A187C,-16.453,-803.578
R176N,-16.506,-878.288
S253L,-16.346,-7.525
D188Y,-16.288,-876.26
F146K,-16.293,-662.394
P234M,-16.226,-466.637
H20P,-16.493,-516.711
D207H,-16.501,-775.82
W51T,-16.863,-778.932
F116P,-16.518,-458.845
A191T,-16.261,-816.688
A100G,-16.541,-876.418
A93E,-16.333,59.633
A191M,-16.751,-108.482
E266D,-16.571,-869.633
R203I,-16.747,-870.127
I228M,-16.359,-862.443
F150H,-17.236,-874.731
A69C,-16.56,-870.257
R199N,-16.747,-875.668
L239P,-16.637,999.374
I99V,-16.233,-838.914
W269Q,-17.004,-869.483
H67V,-16.66,-875.698
Q2R,-16.827,-264.343
S91Q,-16.393,-492.655
F62C,-16.416,-880.96
W168M,-16.856,-832.34
L262C,-16.549,-873.967
R48Y,-16.666,-725.349
A100W,-16.755,2193.378
T126E,-15.881,-90.163
G235N,-16.613,741.907
D53A,-16.156,-877.535
S59N,-16.108,-877.388
M195S,-16.608,-876.101
T254S,-15.911,-876.221
P145W,-16.718,-834.15
T110V,-16.099,-717.005
G179D,-16.519,-475.916
Y161Q,-17.123,-859.719
N167F,-16.22,-870.601
A220H,-16.575,-232.892
G56D,-15.606,-350.39
A93T,-16.067,-824.478
W196L,-16.591,-828.034
R141Q,-13.751,-874.039
L107M,-16.642,-622.801
D87T,-16.27,-878.716
F97N,-16.264,-876.443
D197L,-16.361,-834.108
A25I,-16.629,-302.374
L9M,-16.181,-814.272
A191W,-16.85,2205.802
S91W,-16.868,-794.769
Q241N,-15.848,-874.09
G235D,-15.816,451.151
A94E,-16.486,-99.799
V142L,-16.228,-814.173
N189K,-16.399,-837.339
S202E,-16.363,-871.114
S58Q,-16.309,361.011
Q177T,-16.48,-864.346
D49S,-15.93,-876.314
H246S,-17.169,-869.937
T110E,-16.82,78.313
L206A,-16.995,-873.751
S242G,-16.166,-874.244
L178H,-16.348,-865.491
I228H,-16.377,-657.087
A205K,-16.756,162.197
G192K,-16.36,130.79
A138E,-16.151,-56.532
G106D,-16.706,-845.238
F57W,-16.187,-428.479
D197K,-17.062,-789.741
A94H,-16.143,273.405
A122T,-16.486,-669.696
K123Y,-16.859,-876.363
L89W,-16.447,-298.085
E95L,-16.029,-817.803
S202Y,-16.042,-205.012
L107K,-16.154,-625.377
Q185T,-16.265,-705.704
R224V,-15.976,-878.333
W196S,-17.046,-873.205
I99G,-17.202,-873.474
Y143Q,-14.684,-870.53
A138F,-16.318,1731.273
K227T,-16.217,-835.946
Q85N,-16.31,-873.605
I71K,-17.654,-875.017
K92D,-16.247,-873.669
L245E,-16.346,-868.982
I71T,-16.197,-876.75
A7M,-16.305,-127.283
R83W,-16.451,-874.824
S75W,-16.948,217.742
E19L,-16.345,-875.112
A218R,-17.08,-142.198
E201F,-16.959,-874.769
I42C,-16.346,-874.683
R270V,-16.412,-829.983
V90L,-16.295,-863.642
G86N,-16.444,-773.884
R17A,-17.025,-873.989
I228Y,-16.727,659.546
P169Q,-16.301,-834.536
A66S,-16.678,-868.282
V133Q,-17.029,-105.908
Q85W,-16.726,1095.678
A122P,-16.634,-642.466
N104V,-16.358,-863.399
R270S,-16.725,-870.177
H264P,-16.099,1157.265
G180R,-16.132,-171.159
H129Q,-16.606,-877.141
G28K,-16.739,122.09
E223H,-16.63,-876.819
W196K,-16.588,-746.628
E134A,-16.878,-873.177
G179V,-16.529,-25.722
N65I,-16.29,-873.652
L230P,-16.135,-500.341
Y131G,-16.201,-877.484
M209K,-16.186,-873.328
S242W,-16.706,2299.344
A15C,-15.817,-863.265
T63S,-16.238,-876.232
F62P,-16.537,-477.879
D121M,-16.451,-852.385
K88A,-16.418,-880.201
T165G,-16.142,-877.667
T257S,-17.242,-876.85
N198H,-16.786,-816.768
I127V,-16.758,-784.225
G28C,-16.32,-787.363
M10D,-16.632,-856.518
D121T,-16.304,-820.704
K171C,-16.395,-878.11
F181K,-16.382,-762.543
C251S,-16.444,-876.663
V159F,-17.221,333.356
Q82H,-16.878,-872.082
H20I,-15.647,-759.279
H246R,-17.999,-866.591
I23H,-17.023,-839.143
G235T,-16.163,-252.55
G13P,-16.999,-554.998
A138Y,-16.073,1937.907
Y161D,-16.315,-872.988
S242A,-16.525,-874.646
A16S,-16.779,-868.316
M1C,-16.53,-877.85
E84H,-16.309,-666.049
V113G,-16.749,-875.542
G31K,-16.27,-99.373
P175L,-16.303,-871.378
A148V,-16.371,-856.068
D45Q,-16.351,-730.313
T22Q,-16.724,-871.961
N104R,-16.463,-372.761
N104W,-15.968,2014.222
R176H,-16.313,-877.842
A220T,-16.871,-865.965
F146H,-16.9,-873.923
T110R,-16.352,237.031
D267E,-16.285,-874.084
M21D,-16.259,-868.828
L107D,-16.164,-875.425
Q80M,-14.562,-875.473
K171I,-16.238,-877.407
Y213D,-17.034,-873.124
S58K,-16.354,224.601
R224N,-16.804,-879.43
Q80S,-14.375,-876.453
N189Y,-16.234,-874.088
T254K,-16.314,-865.498
G86H,-16.401,-447.519
F12H,-16.498,-876.856
C156Q,-17.107,-858.325
C101H,-16.146,-665.101
G268F,-16.734,397.755
K64D,-16.42,-875.64
A204T,-16.491,-864.394
T77F,-14.35,-875.129
R108D,-16.629,-839.836
Q82A,-16.338,-876.872
L182N,-16.05,-874.268
D190L,-16.308,-866.011
I23K,-16.425,-866.198
E208W,-16.964,-871.652
Q85H,-16.747,-596.548
M21C,-16.773,-873.618
E47V,-16.976,-781.628
F112H,-17.379,-874.249
P44D,-16.156,-872.393
Q233C,-16.654,-873.413
C101P,-16.18,-521.764
H210Y,-17.684,-874.217
R256W,-16.317,328.627
I42N,-17.389,-857.826
G180E,-16.767,-420.605
A225F,-17.075,2408.378
I263D,-16.561,-872.003
K64W,-16.261,-871.143
Q2K,-16.395,-854.459
E47S,-16.269,-876.333
T77M,-14.519,-871.155
I38T,-17.355,-874.817
T109G,-16.448,-876.23
F240H,-16.491,-877.319
S173M,-16.584,-7.964
M40S,-16.265,-875.57
T265V,-16.931,-829.923
L136D,-16.305,-875.72
V133S,-16.761,-875.494
I184M,-16.5,-857.449
F272M,-16.246,-777.444
R140H,-16.554,-864.154
F135D,-16.291,-873.95
K231N,-16.59,-875.733
F112Y,-17.09,-871.579
R199P,-16.205,963.907
G217L,-16.364,54.539
R172C,-16.185,-875.715
S117Y,-16.503,-395.345
S242N,-16.08,-661.739
V133G,-15.925,-874.188
A37S,-16.594,-864.987
L9D,-16.705,-874.373
C156E,-17.402,-877.237
E212I,-16.14,-818.497
D41H,-16.563,-848.144
F240M,-16.521,-599.645
G268A,-17.148,-828.951
E208H,-16.402,-877.08
N189S,-16.288,-876.613
R199K,-16.825,-867.704
R203K,-17.291,-870.918
A7R,-16.534,-47.042
Y131V,-16.494,-879.678
R163K,-17.2,-872.93
N189V,-16.241,-836.388
R17L,-16.723,-875.994
R111K,-16.419,-878.486
M40I,-16.829,-865.335
T183L,-16.207,-711.489
E47R,-16.264,962.283
L30S,-16.479,-873.376
N198A,-16.452,-876.104
A32M,-16.306,88.9
R250V,-16.469,-873.06
I184L,-16.401,-877.878
R48M,-16.537,-863.548
G235R,-16.13,1225.842
G79N,-17.968,-878.96
G259E,-16.103,-577.031
E212F,-16.444,-842.946
R224D,-16.672,-878.102
Q85I,-16.815,-876.114
E84M,-16.711,-841.165
W52F,-16.155,-875.972
A66G,-16.749,-878.719
D164T,-15.951,-849.83
I23T,-16.352,-874.295
F116S,-15.947,-873.375
V103D,-16.681,-874.99
A16C,-16.624,-873.203
Y96I,-16.356,-745.335
I42T,-16.407,-876.398
W269V,-15.946,-808.624
R140G,-16.243,-874.452
R176M,-16.633,-871.737
A32L,-16.746,7.676
I184G,-16.225,-871.908
G235V,-16.647,269.072
D197A,-16.408,-875.086
W269N,-16.419,-870.659
E147Q,-16.868,-876.58
G217I,-17.094,104.302
E34T,-17.066,-875.529
A66I,-16.26,-864.739
T254N,-16.78,-874.948
H264L,-16.286,-877.736
A205R,-16.439,783.947
A187K,-16.071,-412.101
D53M,-16.427,-869.47
S75K,-15.958,42.471
L78I,-16.053,-875.311
L125D,-17.019,-871.736
G186Y,-16.129,787.465
H246Y,-17.323,-865.687
G46K,-16.382,-472.252
E249N,-16.582,-870.379
P232S,-16.886,-874.982
H129N,-16.735,-875.821
K92A,-15.875,-873.671
D45L,-16.669,-806.978
L81A,-17.379,-872.137
T22F,-16.011,-32.542
P175Y,-16.79,-869.075
L89I,-16.268,-839.964
R255V,-16.292,-869.194
P44W,-16.458,-633.943
K231H,-16.661,-875.749
M209C,-16.496,-871.793
Q80C,-14.0,-874.419
D273A,-17.196,-874.888
F112G,-16.673,-873.9
A66K,-16.433,-470.597
C156G,-17.146,-878.271
R256F,-17.142,-398.519
A16Y,-15.904,-819.71
D105S,-16.514,-872.07
H246M,-17.334,-870.295
L237V,-17.099,-843.267
F112A,-16.552,-871.795
V76D,-16.423,-873.655
V113Q,-16.97,-824.218
D36I,-16.336,-863.804
A226W,-16.249,-858.184
K243Q,-16.567,-852.282
P44E,-16.263,-849.564
E34M,-16.301,-870.692
I228A,-16.494,-872.841
Q85E,-16.177,-876.366
G70K,-15.875,458.823
W269G,-16.644,-874.521
R108C,-16.2,-871.068
K92I,-16.06,-867.626
I248L,-16.701,-872.35
Q80F,-15.446,-874.246
C101R,-16.79,359.716
M40L,-16.621,-853.316
A153E,-16.51,-868.296
G13E,-16.416,161.179
Q236P,-16.364,1262.897
E47A,-16.367,-876.99
Q241D,-16.155,-877.868
V194K,-16.961,-222.892
E95S,-16.615,-877.225
T183M,-16.358,-558.021
R163L,-17.392,-861.955
D54K,-16.289,-184.897
G268R,-16.593,762.6
I71W,-17.946,-873.21
G235I,-16.41,1324.343
P149Q,-16.059,-819.74
W168H,-16.447,-876.543
A220M,-16.623,-47.272
V142P,-16.248,-104.372
L78W,-17.584,-832.553
E201L,-16.194,-879.339
T254C,-16.103,-875.772
R17K,-16.147,-875.372
N189H,-16.542,-874.82
R163F,-17.234,-869.227
F152A,-16.682,-873.215
R163Y,-17.386,-870.653
T126Q,-16.404,-164.971
E249G,-16.737,-868.6
V72Y,-15.884,-876.264
A25Q,-16.675,90.155
T74K,-17.693,-877.255
L239T,-16.171,-827.137
L81Q,-16.559,-869.081
F146T,-16.998,-861.394
V43Y,-16.442,1004.037
V113R,-16.557,-339.638
T252Q,-16.218,-757.988
V90N,-16.381,-871.576
L81T,-15.406,-860.826
T254D,-16.661,-877.682
P61M,-16.71,-438.839
V43W,-16.637,1232.999
S60Y,-15.91,-574.307
E84C,-17.185,-871.691
A211S,-15.862,-864.238
R108Y,-16.689,-318.071
T126I,-16.379,-519.362
E84S,-15.774,-872.455
E84N,-15.9,-870.573
G192P,-16.316,-377.458
E55S,-16.33,-876.477
A220Y,-16.579,224.565
G128L,-16.049,258.959
H67C,-16.406,-875.771
F150M,-17.628,-877.679
A35N,-16.843,-790.656
D130G,-16.69,-874.694
T77P,-15.031,-848.149
G28A,-16.732,-880.992
A15M,-16.562,-330.872
R172N,-16.337,-874.689
D49A,-16.108,-877.108
F240Q,-16.54,-861.046
C101G,-16.318,-880.186
E144C,-17.139,-873.626
I184Q,-16.33,-869.655
A204H,-16.788,-846.771
L230S,-16.985,-873.831
K243I,-16.274,-875.066
K64N,-16.288,-874.503
V142G,-16.813,-872.177
A100R,-16.766,755.666
A50R,-16.478,519.911
G235C,-15.849,-225.171
R141Y,-13.001,-870.063
Q85P,-16.724,1018.18
S173Y,-16.665,863.676
V166W,-16.306,-871.46
N104A,-17.2,-866.785
I42E,-16.452,-869.555
K227E,-16.284,-876.437
V72C,-16.646,-875.758
G157V,-17.146,-877.323
W51M,-16.418,-536.032
L178D,-17.14,-870.447
L222D,-16.846,-871.086
T254A,-17.366,-875.777
Y213W,-17.846,-645.28
M1H,-16.454,-879.307
M193D,-16.672,-873.478
I38H,-17.423,-599.282
D36P,-16.19,-136.281
P6I,-16.359,-867.505
K123F,-16.55,-873.111
K227M,-16.433,-877.833
E19K,-16.441,-867.06
R255Y,-15.936,-849.183
R176G,-16.484,-878.095
I184P,-17.19,-106.066
L245N,-16.468,-872.158
A94W,-16.332,940.494
F152M,-17.422,-870.953
H264R,-16.736,-808.464
V39Q,-16.254,-437.87
E95C,-15.858,-878.513
E249S,-16.614,-870.957
R141G,-12.958,-870.317
V90Q,-16.286,-868.751
A138Q,-16.554,161.906
L222C,-16.286,-874.024
Y161M,-17.086,-643.045
I127H,-16.678,-865.846
F272K,-16.756,-766.909
Q177N,-16.78,-876.345
N189G,-16.31,-877.309
H68K,-17.298,-866.269
L245Y,-16.645,-740.888
K231E,-16.497,-869.868
T265F,-16.302,-39.994
K88I,-16.022,-856.518
W51F,-16.141,-853.778
Q85S,-16.307,-878.102
Q177W,-16.848,1314.303
R214L,-17.011,-877.118
I99W,-16.528,-870.261
G56M,-16.369,268.15
R250Q,-16.244,-874.738
D105G,-16.298,-875.088
H3S,-16.394,-880.586
S117H,-16.483,-848.986
A15E,-16.668,-773.233
S242L,-16.124,157.973
H3V,-16.606,-723.22
P154K,-17.912,-871.623
A221Q,-16.27,-730.143
L182E,-17.097,-871.313
T4L,-16.732,-726.952
E201R,-17.162,-830.186
F240D,-16.462,-874.712
Q8V,-16.334,-881.772
D49Q,-16.85,-867.968
F174C,-15.979,-873.939
L182M,-16.336,-806.745
A35G,-16.682,-874.341
Q82E,-16.354,-879.986
T254W,-16.29,-872.455
G28Y,-16.613,977.742
T139M,-16.14,-560.499
Y143T,-14.83,-859.76
K92T,-17.158,-862.574
R108E,-16.393,-875.484
D197V,-16.574,-830.98
G56V,-16.991,107.927
N189A,-16.11,-879.121
M209L,-16.338,-855.066
A221E,-16.266,-736.756
M195V,-16.315,-837.57
F57Y,-16.429,-878.955
A94G,-16.967,-875.003
R108S,-16.187,-872.099
M1Y,-16.635,-879.369
S75Q,-15.535,-669.207
V133L,-16.77,-753.859
T14K,-15.864,-559.599
I263F,-16.744,-242.351
A37Y,-16.544,274.017
R214Y,-17.298,-789.681
R255C,-16.373,-875.893
E34C,-16.67,-876.201
